index,true_id,pred_id,correct,true_name,pred_name
0,0,97,0,pink primrose,mexican petunia
1,0,0,1,pink primrose,pink primrose
2,0,21,0,pink primrose,pincushion flower
3,0,21,0,pink primrose,pincushion flower
4,0,6,0,pink primrose,moon orchid
5,0,0,1,pink primrose,pink primrose
6,0,0,1,pink primrose,pink primrose
7,0,21,0,pink primrose,pincushion flower
8,0,0,1,pink primrose,pink primrose
9,0,51,0,pink primrose,wild pansy
10,0,28,0,pink primrose,artichoke
11,0,1,0,pink primrose,hard-leaved pocket orchid
12,0,0,1,pink primrose,pink primrose
13,0,0,1,pink primrose,pink primrose
14,0,97,0,pink primrose,mexican petunia
15,0,73,0,pink primrose,rose
16,0,85,0,pink primrose,tree mallow
17,0,0,1,pink primrose,pink primrose
18,0,77,0,pink primrose,lotus
19,0,21,0,pink primrose,pincushion flower
20,1,12,0,hard-leaved pocket orchid,king protea
21,1,1,1,hard-leaved pocket orchid,hard-leaved pocket orchid
22,1,12,0,hard-leaved pocket orchid,king protea
23,1,1,1,hard-leaved pocket orchid,hard-leaved pocket orchid
24,1,90,0,hard-leaved pocket orchid,hippeastrum
25,1,21,0,hard-leaved pocket orchid,pincushion flower
26,1,44,0,hard-leaved pocket orchid,bolero deep blue
27,1,1,1,hard-leaved pocket orchid,hard-leaved pocket orchid
28,1,12,0,hard-leaved pocket orchid,king protea
29,1,12,0,hard-leaved pocket orchid,king protea
30,1,1,1,hard-leaved pocket orchid,hard-leaved pocket orchid
31,1,1,1,hard-leaved pocket orchid,hard-leaved pocket orchid
32,1,1,1,hard-leaved pocket orchid,hard-leaved pocket orchid
33,1,79,0,hard-leaved pocket orchid,anthurium
34,1,1,1,hard-leaved pocket orchid,hard-leaved pocket orchid
35,1,5,0,hard-leaved pocket orchid,tiger lily
36,1,63,0,hard-leaved pocket orchid,silverbush
37,1,1,1,hard-leaved pocket orchid,hard-leaved pocket orchid
38,1,12,0,hard-leaved pocket orchid,king protea
39,1,59,0,hard-leaved pocket orchid,pink-yellow dahlia?
40,1,1,1,hard-leaved pocket orchid,hard-leaved pocket orchid
41,1,1,1,hard-leaved pocket orchid,hard-leaved pocket orchid
42,1,96,0,hard-leaved pocket orchid,mallow
43,1,47,0,hard-leaved pocket orchid,buttercup
44,1,1,1,hard-leaved pocket orchid,hard-leaved pocket orchid
45,1,63,0,hard-leaved pocket orchid,silverbush
46,1,28,0,hard-leaved pocket orchid,artichoke
47,1,1,1,hard-leaved pocket orchid,hard-leaved pocket orchid
48,1,1,1,hard-leaved pocket orchid,hard-leaved pocket orchid
49,1,74,0,hard-leaved pocket orchid,thorn apple
50,1,21,0,hard-leaved pocket orchid,pincushion flower
51,1,44,0,hard-leaved pocket orchid,bolero deep blue
52,1,63,0,hard-leaved pocket orchid,silverbush
53,1,12,0,hard-leaved pocket orchid,king protea
54,1,1,1,hard-leaved pocket orchid,hard-leaved pocket orchid
55,1,12,0,hard-leaved pocket orchid,king protea
56,1,1,1,hard-leaved pocket orchid,hard-leaved pocket orchid
57,1,1,1,hard-leaved pocket orchid,hard-leaved pocket orchid
58,1,1,1,hard-leaved pocket orchid,hard-leaved pocket orchid
59,1,44,0,hard-leaved pocket orchid,bolero deep blue
60,2,24,0,canterbury bells,grape hyacinth
61,2,2,1,canterbury bells,canterbury bells
62,2,34,0,canterbury bells,alpine sea holly
63,2,24,0,canterbury bells,grape hyacinth
64,2,37,0,canterbury bells,great masterwort
65,2,2,1,canterbury bells,canterbury bells
66,2,44,0,canterbury bells,bolero deep blue
67,2,8,0,canterbury bells,monkshood
68,2,73,0,canterbury bells,rose
69,2,66,0,canterbury bells,spring crocus
70,2,92,0,canterbury bells,ball moss
71,2,2,1,canterbury bells,canterbury bells
72,2,54,0,canterbury bells,pelargonium
73,2,97,0,canterbury bells,mexican petunia
74,2,18,0,canterbury bells,balloon flower
75,2,2,1,canterbury bells,canterbury bells
76,2,51,0,canterbury bells,wild pansy
77,2,29,0,canterbury bells,sweet william
78,2,29,0,canterbury bells,sweet william
79,2,2,1,canterbury bells,canterbury bells
80,3,73,0,sweet pea,rose
81,3,90,0,sweet pea,hippeastrum
82,3,34,0,sweet pea,alpine sea holly
83,3,21,0,sweet pea,pincushion flower
84,3,6,0,sweet pea,moon orchid
85,3,65,0,sweet pea,osteospermum
86,3,6,0,sweet pea,moon orchid
87,3,97,0,sweet pea,mexican petunia
88,3,29,0,sweet pea,sweet william
89,3,29,0,sweet pea,sweet william
90,3,29,0,sweet pea,sweet william
91,3,34,0,sweet pea,alpine sea holly
92,3,22,0,sweet pea,fritillary
93,3,29,0,sweet pea,sweet william
94,3,29,0,sweet pea,sweet william
95,3,29,0,sweet pea,sweet william
96,3,21,0,sweet pea,pincushion flower
97,3,18,0,sweet pea,balloon flower
98,3,83,0,sweet pea,columbine
99,3,65,0,sweet pea,osteospermum
100,3,43,0,sweet pea,poinsettia
101,3,2,0,sweet pea,canterbury bells
102,3,9,0,sweet pea,globe thistle
103,3,0,0,sweet pea,pink primrose
104,3,3,1,sweet pea,sweet pea
105,3,6,0,sweet pea,moon orchid
106,3,21,0,sweet pea,pincushion flower
107,3,93,0,sweet pea,foxglove
108,3,50,0,sweet pea,petunia
109,3,3,1,sweet pea,sweet pea
110,3,54,0,sweet pea,pelargonium
111,3,66,0,sweet pea,spring crocus
112,3,91,0,sweet pea,bee balm
113,3,36,0,sweet pea,cape flower
114,3,5,0,sweet pea,tiger lily
115,3,29,0,sweet pea,sweet william
116,4,47,0,english marigold,buttercup
117,4,70,0,english marigold,gazania
118,4,4,1,english marigold,english marigold
119,4,4,1,english marigold,english marigold
120,4,4,1,english marigold,english marigold
121,4,88,0,english marigold,watercress
122,4,4,1,english marigold,english marigold
123,4,4,1,english marigold,english marigold
124,4,45,0,english marigold,wallflower
125,4,46,0,english marigold,marigold
126,4,46,0,english marigold,marigold
127,4,25,0,english marigold,corn poppy
128,4,4,1,english marigold,english marigold
129,4,4,1,english marigold,english marigold
130,4,88,0,english marigold,watercress
131,4,4,1,english marigold,english marigold
132,4,4,1,english marigold,english marigold
133,4,88,0,english marigold,watercress
134,4,40,0,english marigold,barbeton daisy
135,4,4,1,english marigold,english marigold
136,4,4,1,english marigold,english marigold
137,4,4,1,english marigold,english marigold
138,4,4,1,english marigold,english marigold
139,4,101,0,english marigold,blackberry lily
140,4,88,0,english marigold,watercress
141,4,4,1,english marigold,english marigold
142,4,4,1,english marigold,english marigold
143,4,88,0,english marigold,watercress
144,4,70,0,english marigold,gazania
145,4,88,0,english marigold,watercress
146,4,88,0,english marigold,watercress
147,4,4,1,english marigold,english marigold
148,4,101,0,english marigold,blackberry lily
149,4,4,1,english marigold,english marigold
150,4,89,0,english marigold,canna lily
151,4,14,0,english marigold,yellow iris
152,4,46,0,english marigold,marigold
153,4,4,1,english marigold,english marigold
154,4,4,1,english marigold,english marigold
155,4,4,1,english marigold,english marigold
156,4,4,1,english marigold,english marigold
157,4,45,0,english marigold,wallflower
158,4,4,1,english marigold,english marigold
159,4,4,1,english marigold,english marigold
160,4,46,0,english marigold,marigold
161,5,20,0,tiger lily,fire lily
162,5,5,1,tiger lily,tiger lily
163,5,101,0,tiger lily,blackberry lily
164,5,70,0,tiger lily,gazania
165,5,5,1,tiger lily,tiger lily
166,5,20,0,tiger lily,fire lily
167,5,5,1,tiger lily,tiger lily
168,5,73,0,tiger lily,rose
169,5,5,1,tiger lily,tiger lily
170,5,98,0,tiger lily,bromelia
171,5,101,0,tiger lily,blackberry lily
172,5,5,1,tiger lily,tiger lily
173,5,70,0,tiger lily,gazania
174,5,98,0,tiger lily,bromelia
175,5,7,0,tiger lily,bird of paradise
176,5,53,0,tiger lily,sunflower
177,5,20,0,tiger lily,fire lily
178,5,96,0,tiger lily,mallow
179,5,5,1,tiger lily,tiger lily
180,5,28,0,tiger lily,artichoke
181,5,45,0,tiger lily,wallflower
182,5,7,0,tiger lily,bird of paradise
183,5,20,0,tiger lily,fire lily
184,5,5,1,tiger lily,tiger lily
185,5,20,0,tiger lily,fire lily
186,6,6,1,moon orchid,moon orchid
187,6,6,1,moon orchid,moon orchid
188,6,6,1,moon orchid,moon orchid
189,6,6,1,moon orchid,moon orchid
190,6,21,0,moon orchid,pincushion flower
191,6,6,1,moon orchid,moon orchid
192,6,21,0,moon orchid,pincushion flower
193,6,6,1,moon orchid,moon orchid
194,6,6,1,moon orchid,moon orchid
195,6,6,1,moon orchid,moon orchid
196,6,34,0,moon orchid,alpine sea holly
197,6,6,1,moon orchid,moon orchid
198,6,1,0,moon orchid,hard-leaved pocket orchid
199,6,6,1,moon orchid,moon orchid
200,6,6,1,moon orchid,moon orchid
201,6,6,1,moon orchid,moon orchid
202,6,21,0,moon orchid,pincushion flower
203,6,6,1,moon orchid,moon orchid
204,6,6,1,moon orchid,moon orchid
205,6,6,1,moon orchid,moon orchid
206,7,5,0,bird of paradise,tiger lily
207,7,24,0,bird of paradise,grape hyacinth
208,7,7,1,bird of paradise,bird of paradise
209,7,92,0,bird of paradise,ball moss
210,7,80,0,bird of paradise,frangipani
211,7,59,0,bird of paradise,pink-yellow dahlia?
212,7,70,0,bird of paradise,gazania
213,7,64,0,bird of paradise,californian poppy
214,7,46,0,bird of paradise,marigold
215,7,64,0,bird of paradise,californian poppy
216,7,41,0,bird of paradise,daffodil
217,7,7,1,bird of paradise,bird of paradise
218,7,7,1,bird of paradise,bird of paradise
219,7,7,1,bird of paradise,bird of paradise
220,7,70,0,bird of paradise,gazania
221,7,64,0,bird of paradise,californian poppy
222,7,64,0,bird of paradise,californian poppy
223,7,45,0,bird of paradise,wallflower
224,7,96,0,bird of paradise,mallow
225,7,7,1,bird of paradise,bird of paradise
226,7,41,0,bird of paradise,daffodil
227,7,7,1,bird of paradise,bird of paradise
228,7,24,0,bird of paradise,grape hyacinth
229,7,70,0,bird of paradise,gazania
230,7,12,0,bird of paradise,king protea
231,7,7,1,bird of paradise,bird of paradise
232,7,46,0,bird of paradise,marigold
233,7,14,0,bird of paradise,yellow iris
234,7,7,1,bird of paradise,bird of paradise
235,7,7,1,bird of paradise,bird of paradise
236,7,64,0,bird of paradise,californian poppy
237,7,12,0,bird of paradise,king protea
238,7,64,0,bird of paradise,californian poppy
239,7,45,0,bird of paradise,wallflower
240,7,60,0,bird of paradise,cautleya spicata
241,7,7,1,bird of paradise,bird of paradise
242,7,5,0,bird of paradise,tiger lily
243,7,5,0,bird of paradise,tiger lily
244,7,7,1,bird of paradise,bird of paradise
245,7,7,1,bird of paradise,bird of paradise
246,7,7,1,bird of paradise,bird of paradise
247,7,46,0,bird of paradise,marigold
248,7,7,1,bird of paradise,bird of paradise
249,7,7,1,bird of paradise,bird of paradise
250,7,14,0,bird of paradise,yellow iris
251,7,41,0,bird of paradise,daffodil
252,7,7,1,bird of paradise,bird of paradise
253,7,62,0,bird of paradise,black-eyed susan
254,7,13,0,bird of paradise,spear thistle
255,7,41,0,bird of paradise,daffodil
256,7,24,0,bird of paradise,grape hyacinth
257,7,7,1,bird of paradise,bird of paradise
258,7,7,1,bird of paradise,bird of paradise
259,7,7,1,bird of paradise,bird of paradise
260,7,7,1,bird of paradise,bird of paradise
261,7,90,0,bird of paradise,hippeastrum
262,7,41,0,bird of paradise,daffodil
263,7,7,1,bird of paradise,bird of paradise
264,7,96,0,bird of paradise,mallow
265,7,12,0,bird of paradise,king protea
266,7,64,0,bird of paradise,californian poppy
267,7,7,1,bird of paradise,bird of paradise
268,7,20,0,bird of paradise,fire lily
269,7,20,0,bird of paradise,fire lily
270,7,70,0,bird of paradise,gazania
271,8,24,0,monkshood,grape hyacinth
272,8,24,0,monkshood,grape hyacinth
273,8,66,0,monkshood,spring crocus
274,8,66,0,monkshood,spring crocus
275,8,8,1,monkshood,monkshood
276,8,18,0,monkshood,balloon flower
277,8,24,0,monkshood,grape hyacinth
278,8,8,1,monkshood,monkshood
279,8,75,0,monkshood,morning glory
280,8,24,0,monkshood,grape hyacinth
281,8,24,0,monkshood,grape hyacinth
282,8,8,1,monkshood,monkshood
283,8,24,0,monkshood,grape hyacinth
284,8,8,1,monkshood,monkshood
285,8,24,0,monkshood,grape hyacinth
286,8,18,0,monkshood,balloon flower
287,8,18,0,monkshood,balloon flower
288,8,66,0,monkshood,spring crocus
289,8,18,0,monkshood,balloon flower
290,8,24,0,monkshood,grape hyacinth
291,8,8,1,monkshood,monkshood
292,8,8,1,monkshood,monkshood
293,8,8,1,monkshood,monkshood
294,8,34,0,monkshood,alpine sea holly
295,8,8,1,monkshood,monkshood
296,8,24,0,monkshood,grape hyacinth
297,9,8,0,globe thistle,monkshood
298,9,32,0,globe thistle,love in the mist
299,9,9,1,globe thistle,globe thistle
300,9,24,0,globe thistle,grape hyacinth
301,9,9,1,globe thistle,globe thistle
302,9,9,1,globe thistle,globe thistle
303,9,9,1,globe thistle,globe thistle
304,9,9,1,globe thistle,globe thistle
305,9,9,1,globe thistle,globe thistle
306,9,56,0,globe thistle,gaura
307,9,32,0,globe thistle,love in the mist
308,9,78,0,globe thistle,toad lily
309,9,56,0,globe thistle,gaura
310,9,9,1,globe thistle,globe thistle
311,9,24,0,globe thistle,grape hyacinth
312,9,9,1,globe thistle,globe thistle
313,9,24,0,globe thistle,grape hyacinth
314,9,24,0,globe thistle,grape hyacinth
315,9,9,1,globe thistle,globe thistle
316,9,9,1,globe thistle,globe thistle
317,9,8,0,globe thistle,monkshood
318,9,9,1,globe thistle,globe thistle
319,9,24,0,globe thistle,grape hyacinth
320,9,9,1,globe thistle,globe thistle
321,9,9,1,globe thistle,globe thistle
322,10,23,0,snapdragon,red ginger
323,10,29,0,snapdragon,sweet william
324,10,11,0,snapdragon,colt's foot
325,10,6,0,snapdragon,moon orchid
326,10,17,0,snapdragon,peruvian lily
327,10,47,0,snapdragon,buttercup
328,10,14,0,snapdragon,yellow iris
329,10,43,0,snapdragon,poinsettia
330,10,68,0,snapdragon,windflower
331,10,14,0,snapdragon,yellow iris
332,10,56,0,snapdragon,gaura
333,10,21,0,snapdragon,pincushion flower
334,10,73,0,snapdragon,rose
335,10,93,0,snapdragon,foxglove
336,10,98,0,snapdragon,bromelia
337,10,83,0,snapdragon,columbine
338,10,91,0,snapdragon,bee balm
339,10,46,0,snapdragon,marigold
340,10,25,0,snapdragon,corn poppy
341,10,84,0,snapdragon,desert-rose
342,10,47,0,snapdragon,buttercup
343,10,29,0,snapdragon,sweet william
344,10,92,0,snapdragon,ball moss
345,10,75,0,snapdragon,morning glory
346,10,29,0,snapdragon,sweet william
347,10,43,0,snapdragon,poinsettia
348,10,98,0,snapdragon,bromelia
349,10,43,0,snapdragon,poinsettia
350,10,71,0,snapdragon,azalea
351,10,29,0,snapdragon,sweet william
352,10,41,0,snapdragon,daffodil
353,10,57,0,snapdragon,geranium
354,10,24,0,snapdragon,grape hyacinth
355,10,47,0,snapdragon,buttercup
356,10,98,0,snapdragon,bromelia
357,10,63,0,snapdragon,silverbush
358,10,93,0,snapdragon,foxglove
359,10,10,1,snapdragon,snapdragon
360,10,84,0,snapdragon,desert-rose
361,10,59,0,snapdragon,pink-yellow dahlia?
362,10,29,0,snapdragon,sweet william
363,10,89,0,snapdragon,canna lily
364,10,80,0,snapdragon,frangipani
365,10,14,0,snapdragon,yellow iris
366,10,14,0,snapdragon,yellow iris
367,10,43,0,snapdragon,poinsettia
368,10,77,0,snapdragon,lotus
369,10,25,0,snapdragon,corn poppy
370,10,73,0,snapdragon,rose
371,10,29,0,snapdragon,sweet william
372,10,63,0,snapdragon,silverbush
373,10,98,0,snapdragon,bromelia
374,10,71,0,snapdragon,azalea
375,10,29,0,snapdragon,sweet william
376,10,43,0,snapdragon,poinsettia
377,10,2,0,snapdragon,canterbury bells
378,10,73,0,snapdragon,rose
379,10,77,0,snapdragon,lotus
380,10,43,0,snapdragon,poinsettia
381,10,78,0,snapdragon,toad lily
382,10,6,0,snapdragon,moon orchid
383,10,91,0,snapdragon,bee balm
384,10,90,0,snapdragon,hippeastrum
385,10,25,0,snapdragon,corn poppy
386,10,41,0,snapdragon,daffodil
387,10,22,0,snapdragon,fritillary
388,10,73,0,snapdragon,rose
389,11,11,1,colt's foot,colt's foot
390,11,11,1,colt's foot,colt's foot
391,11,47,0,colt's foot,buttercup
392,11,11,1,colt's foot,colt's foot
393,11,11,1,colt's foot,colt's foot
394,11,41,0,colt's foot,daffodil
395,11,11,1,colt's foot,colt's foot
396,11,11,1,colt's foot,colt's foot
397,11,14,0,colt's foot,yellow iris
398,11,11,1,colt's foot,colt's foot
399,11,11,1,colt's foot,colt's foot
400,11,6,0,colt's foot,moon orchid
401,11,47,0,colt's foot,buttercup
402,11,11,1,colt's foot,colt's foot
403,11,67,0,colt's foot,bearded iris
404,11,11,1,colt's foot,colt's foot
405,11,11,1,colt's foot,colt's foot
406,11,60,0,colt's foot,cautleya spicata
407,11,7,0,colt's foot,bird of paradise
408,11,11,1,colt's foot,colt's foot
409,11,11,1,colt's foot,colt's foot
410,11,73,0,colt's foot,rose
411,11,11,1,colt's foot,colt's foot
412,11,11,1,colt's foot,colt's foot
413,11,11,1,colt's foot,colt's foot
414,11,11,1,colt's foot,colt's foot
415,11,11,1,colt's foot,colt's foot
416,11,11,1,colt's foot,colt's foot
417,11,64,0,colt's foot,californian poppy
418,11,64,0,colt's foot,californian poppy
419,11,11,1,colt's foot,colt's foot
420,11,41,0,colt's foot,daffodil
421,11,11,1,colt's foot,colt's foot
422,11,47,0,colt's foot,buttercup
423,11,41,0,colt's foot,daffodil
424,11,47,0,colt's foot,buttercup
425,11,70,0,colt's foot,gazania
426,11,47,0,colt's foot,buttercup
427,11,11,1,colt's foot,colt's foot
428,11,11,1,colt's foot,colt's foot
429,11,11,1,colt's foot,colt's foot
430,11,11,1,colt's foot,colt's foot
431,11,11,1,colt's foot,colt's foot
432,11,11,1,colt's foot,colt's foot
433,11,11,1,colt's foot,colt's foot
434,11,41,0,colt's foot,daffodil
435,11,11,1,colt's foot,colt's foot
436,11,11,1,colt's foot,colt's foot
437,11,47,0,colt's foot,buttercup
438,11,11,1,colt's foot,colt's foot
439,11,47,0,colt's foot,buttercup
440,11,11,1,colt's foot,colt's foot
441,11,11,1,colt's foot,colt's foot
442,11,11,1,colt's foot,colt's foot
443,11,11,1,colt's foot,colt's foot
444,11,47,0,colt's foot,buttercup
445,11,47,0,colt's foot,buttercup
446,11,11,1,colt's foot,colt's foot
447,11,47,0,colt's foot,buttercup
448,11,11,1,colt's foot,colt's foot
449,11,11,1,colt's foot,colt's foot
450,11,62,0,colt's foot,black-eyed susan
451,11,11,1,colt's foot,colt's foot
452,11,11,1,colt's foot,colt's foot
453,11,11,1,colt's foot,colt's foot
454,11,11,1,colt's foot,colt's foot
455,11,47,0,colt's foot,buttercup
456,12,12,1,king protea,king protea
457,12,59,0,king protea,pink-yellow dahlia?
458,12,12,1,king protea,king protea
459,12,59,0,king protea,pink-yellow dahlia?
460,12,12,1,king protea,king protea
461,12,12,1,king protea,king protea
462,12,59,0,king protea,pink-yellow dahlia?
463,12,56,0,king protea,gaura
464,12,59,0,king protea,pink-yellow dahlia?
465,12,12,1,king protea,king protea
466,12,12,1,king protea,king protea
467,12,59,0,king protea,pink-yellow dahlia?
468,12,56,0,king protea,gaura
469,12,36,0,king protea,cape flower
470,12,56,0,king protea,gaura
471,12,12,1,king protea,king protea
472,12,12,1,king protea,king protea
473,12,12,1,king protea,king protea
474,12,12,1,king protea,king protea
475,12,20,0,king protea,fire lily
476,12,59,0,king protea,pink-yellow dahlia?
477,12,12,1,king protea,king protea
478,12,7,0,king protea,bird of paradise
479,12,12,1,king protea,king protea
480,12,12,1,king protea,king protea
481,12,12,1,king protea,king protea
482,12,12,1,king protea,king protea
483,12,12,1,king protea,king protea
484,12,12,1,king protea,king protea
485,13,54,0,spear thistle,pelargonium
486,13,13,1,spear thistle,spear thistle
487,13,7,0,spear thistle,bird of paradise
488,13,59,0,spear thistle,pink-yellow dahlia?
489,13,21,0,spear thistle,pincushion flower
490,13,13,1,spear thistle,spear thistle
491,13,13,1,spear thistle,spear thistle
492,13,54,0,spear thistle,pelargonium
493,13,54,0,spear thistle,pelargonium
494,13,32,0,spear thistle,love in the mist
495,13,13,1,spear thistle,spear thistle
496,13,91,0,spear thistle,bee balm
497,13,2,0,spear thistle,canterbury bells
498,13,13,1,spear thistle,spear thistle
499,13,13,1,spear thistle,spear thistle
500,13,21,0,spear thistle,pincushion flower
501,13,13,1,spear thistle,spear thistle
502,13,13,1,spear thistle,spear thistle
503,13,13,1,spear thistle,spear thistle
504,13,32,0,spear thistle,love in the mist
505,13,90,0,spear thistle,hippeastrum
506,13,60,0,spear thistle,cautleya spicata
507,13,28,0,spear thistle,artichoke
508,13,59,0,spear thistle,pink-yellow dahlia?
509,13,13,1,spear thistle,spear thistle
510,13,92,0,spear thistle,ball moss
511,13,9,0,spear thistle,globe thistle
512,13,90,0,spear thistle,hippeastrum
513,14,14,1,yellow iris,yellow iris
514,14,14,1,yellow iris,yellow iris
515,14,14,1,yellow iris,yellow iris
516,14,14,1,yellow iris,yellow iris
517,14,47,0,yellow iris,buttercup
518,14,62,0,yellow iris,black-eyed susan
519,14,14,1,yellow iris,yellow iris
520,14,96,0,yellow iris,mallow
521,14,14,1,yellow iris,yellow iris
522,14,14,1,yellow iris,yellow iris
523,14,6,0,yellow iris,moon orchid
524,14,23,0,yellow iris,red ginger
525,14,14,1,yellow iris,yellow iris
526,14,47,0,yellow iris,buttercup
527,14,7,0,yellow iris,bird of paradise
528,14,14,1,yellow iris,yellow iris
529,14,23,0,yellow iris,red ginger
530,14,14,1,yellow iris,yellow iris
531,14,14,1,yellow iris,yellow iris
532,14,7,0,yellow iris,bird of paradise
533,14,47,0,yellow iris,buttercup
534,14,88,0,yellow iris,watercress
535,14,14,1,yellow iris,yellow iris
536,14,47,0,yellow iris,buttercup
537,14,4,0,yellow iris,english marigold
538,14,47,0,yellow iris,buttercup
539,14,14,1,yellow iris,yellow iris
540,14,47,0,yellow iris,buttercup
541,14,46,0,yellow iris,marigold
542,15,14,0,globe-flower,yellow iris
543,15,47,0,globe-flower,buttercup
544,15,47,0,globe-flower,buttercup
545,15,14,0,globe-flower,yellow iris
546,15,4,0,globe-flower,english marigold
547,15,14,0,globe-flower,yellow iris
548,15,47,0,globe-flower,buttercup
549,15,47,0,globe-flower,buttercup
550,15,47,0,globe-flower,buttercup
551,15,62,0,globe-flower,black-eyed susan
552,15,47,0,globe-flower,buttercup
553,15,6,0,globe-flower,moon orchid
554,15,64,0,globe-flower,californian poppy
555,15,14,0,globe-flower,yellow iris
556,15,64,0,globe-flower,californian poppy
557,15,47,0,globe-flower,buttercup
558,15,64,0,globe-flower,californian poppy
559,15,47,0,globe-flower,buttercup
560,15,47,0,globe-flower,buttercup
561,15,47,0,globe-flower,buttercup
562,15,47,0,globe-flower,buttercup
563,20,70,0,fire lily,gazania
564,20,98,0,fire lily,bromelia
565,20,20,1,fire lily,fire lily
566,20,5,0,fire lily,tiger lily
567,20,58,0,fire lily,orange dahlia
568,20,101,0,fire lily,blackberry lily
569,20,99,0,fire lily,blanket flower
570,20,36,0,fire lily,cape flower
571,20,20,1,fire lily,fire lily
572,20,20,1,fire lily,fire lily
573,20,58,0,fire lily,orange dahlia
574,20,20,1,fire lily,fire lily
575,20,5,0,fire lily,tiger lily
576,20,7,0,fire lily,bird of paradise
577,20,101,0,fire lily,blackberry lily
578,20,20,1,fire lily,fire lily
579,20,20,1,fire lily,fire lily
580,20,60,0,fire lily,cautleya spicata
581,20,20,1,fire lily,fire lily
582,20,7,0,fire lily,bird of paradise
583,16,66,0,purple coneflower,spring crocus
584,16,34,0,purple coneflower,alpine sea holly
585,16,16,1,purple coneflower,purple coneflower
586,16,54,0,purple coneflower,pelargonium
587,16,16,1,purple coneflower,purple coneflower
588,16,16,1,purple coneflower,purple coneflower
589,16,21,0,purple coneflower,pincushion flower
590,16,12,0,purple coneflower,king protea
591,16,54,0,purple coneflower,pelargonium
592,16,29,0,purple coneflower,sweet william
593,16,78,0,purple coneflower,toad lily
594,16,21,0,purple coneflower,pincushion flower
595,16,65,0,purple coneflower,osteospermum
596,16,16,1,purple coneflower,purple coneflower
597,16,9,0,purple coneflower,globe thistle
598,16,2,0,purple coneflower,canterbury bells
599,16,71,0,purple coneflower,azalea
600,16,22,0,purple coneflower,fritillary
601,16,65,0,purple coneflower,osteospermum
602,16,12,0,purple coneflower,king protea
603,16,21,0,purple coneflower,pincushion flower
604,16,92,0,purple coneflower,ball moss
605,16,21,0,purple coneflower,pincushion flower
606,16,29,0,purple coneflower,sweet william
607,16,36,0,purple coneflower,cape flower
608,16,16,1,purple coneflower,purple coneflower
609,16,16,1,purple coneflower,purple coneflower
610,16,21,0,purple coneflower,pincushion flower
611,16,65,0,purple coneflower,osteospermum
612,16,51,0,purple coneflower,wild pansy
613,16,16,1,purple coneflower,purple coneflower
614,16,12,0,purple coneflower,king protea
615,16,1,0,purple coneflower,hard-leaved pocket orchid
616,16,28,0,purple coneflower,artichoke
617,16,32,0,purple coneflower,love in the mist
618,16,24,0,purple coneflower,grape hyacinth
619,16,29,0,purple coneflower,sweet william
620,16,16,1,purple coneflower,purple coneflower
621,16,3,0,purple coneflower,sweet pea
622,16,29,0,purple coneflower,sweet william
623,16,12,0,purple coneflower,king protea
624,16,29,0,purple coneflower,sweet william
625,16,54,0,purple coneflower,pelargonium
626,16,92,0,purple coneflower,ball moss
627,16,16,1,purple coneflower,purple coneflower
628,16,36,0,purple coneflower,cape flower
629,16,12,0,purple coneflower,king protea
630,16,16,1,purple coneflower,purple coneflower
631,16,65,0,purple coneflower,osteospermum
632,16,28,0,purple coneflower,artichoke
633,16,16,1,purple coneflower,purple coneflower
634,16,65,0,purple coneflower,osteospermum
635,16,16,1,purple coneflower,purple coneflower
636,16,29,0,purple coneflower,sweet william
637,16,29,0,purple coneflower,sweet william
638,16,65,0,purple coneflower,osteospermum
639,16,12,0,purple coneflower,king protea
640,16,21,0,purple coneflower,pincushion flower
641,16,6,0,purple coneflower,moon orchid
642,16,29,0,purple coneflower,sweet william
643,16,16,1,purple coneflower,purple coneflower
644,16,54,0,purple coneflower,pelargonium
645,16,29,0,purple coneflower,sweet william
646,16,16,1,purple coneflower,purple coneflower
647,16,65,0,purple coneflower,osteospermum
648,17,12,0,peruvian lily,king protea
649,17,29,0,peruvian lily,sweet william
650,17,46,0,peruvian lily,marigold
651,17,62,0,peruvian lily,black-eyed susan
652,17,58,0,peruvian lily,orange dahlia
653,17,59,0,peruvian lily,pink-yellow dahlia?
654,17,53,0,peruvian lily,sunflower
655,17,98,0,peruvian lily,bromelia
656,17,17,1,peruvian lily,peruvian lily
657,17,71,0,peruvian lily,azalea
658,17,43,0,peruvian lily,poinsettia
659,17,81,0,peruvian lily,clematis
660,17,17,1,peruvian lily,peruvian lily
661,17,73,0,peruvian lily,rose
662,17,58,0,peruvian lily,orange dahlia
663,17,6,0,peruvian lily,moon orchid
664,17,6,0,peruvian lily,moon orchid
665,17,43,0,peruvian lily,poinsettia
666,17,43,0,peruvian lily,poinsettia
667,17,12,0,peruvian lily,king protea
668,17,12,0,peruvian lily,king protea
669,17,36,0,peruvian lily,cape flower
670,17,12,0,peruvian lily,king protea
671,17,6,0,peruvian lily,moon orchid
672,17,19,0,peruvian lily,giant white arum lily
673,17,12,0,peruvian lily,king protea
674,17,43,0,peruvian lily,poinsettia
675,17,17,1,peruvian lily,peruvian lily
676,17,59,0,peruvian lily,pink-yellow dahlia?
677,17,68,0,peruvian lily,windflower
678,17,29,0,peruvian lily,sweet william
679,17,29,0,peruvian lily,sweet william
680,17,6,0,peruvian lily,moon orchid
681,17,29,0,peruvian lily,sweet william
682,17,34,0,peruvian lily,alpine sea holly
683,17,37,0,peruvian lily,great masterwort
684,17,62,0,peruvian lily,black-eyed susan
685,17,40,0,peruvian lily,barbeton daisy
686,17,70,0,peruvian lily,gazania
687,17,36,0,peruvian lily,cape flower
688,17,29,0,peruvian lily,sweet william
689,17,36,0,peruvian lily,cape flower
690,17,12,0,peruvian lily,king protea
691,17,29,0,peruvian lily,sweet william
692,17,68,0,peruvian lily,windflower
693,17,63,0,peruvian lily,silverbush
694,17,43,0,peruvian lily,poinsettia
695,17,57,0,peruvian lily,geranium
696,17,29,0,peruvian lily,sweet william
697,17,34,0,peruvian lily,alpine sea holly
698,17,43,0,peruvian lily,poinsettia
699,17,57,0,peruvian lily,geranium
700,17,73,0,peruvian lily,rose
701,17,81,0,peruvian lily,clematis
702,17,29,0,peruvian lily,sweet william
703,17,36,0,peruvian lily,cape flower
704,17,80,0,peruvian lily,frangipani
705,17,29,0,peruvian lily,sweet william
706,17,80,0,peruvian lily,frangipani
707,17,83,0,peruvian lily,columbine
708,17,46,0,peruvian lily,marigold
709,17,43,0,peruvian lily,poinsettia
710,18,51,0,balloon flower,wild pansy
711,18,44,0,balloon flower,bolero deep blue
712,18,28,0,balloon flower,artichoke
713,18,24,0,balloon flower,grape hyacinth
714,18,83,0,balloon flower,columbine
715,18,21,0,balloon flower,pincushion flower
716,18,24,0,balloon flower,grape hyacinth
717,18,28,0,balloon flower,artichoke
718,18,68,0,balloon flower,windflower
719,18,18,1,balloon flower,balloon flower
720,18,54,0,balloon flower,pelargonium
721,18,28,0,balloon flower,artichoke
722,18,44,0,balloon flower,bolero deep blue
723,18,2,0,balloon flower,canterbury bells
724,18,24,0,balloon flower,grape hyacinth
725,18,28,0,balloon flower,artichoke
726,18,24,0,balloon flower,grape hyacinth
727,18,97,0,balloon flower,mexican petunia
728,18,24,0,balloon flower,grape hyacinth
729,18,24,0,balloon flower,grape hyacinth
730,18,34,0,balloon flower,alpine sea holly
731,18,24,0,balloon flower,grape hyacinth
732,18,97,0,balloon flower,mexican petunia
733,18,18,1,balloon flower,balloon flower
734,18,97,0,balloon flower,mexican petunia
735,18,24,0,balloon flower,grape hyacinth
736,18,24,0,balloon flower,grape hyacinth
737,18,24,0,balloon flower,grape hyacinth
738,18,18,1,balloon flower,balloon flower
739,19,63,0,giant white arum lily,silverbush
740,19,63,0,giant white arum lily,silverbush
741,19,22,0,giant white arum lily,fritillary
742,19,6,0,giant white arum lily,moon orchid
743,19,6,0,giant white arum lily,moon orchid
744,19,63,0,giant white arum lily,silverbush
745,19,68,0,giant white arum lily,windflower
746,19,6,0,giant white arum lily,moon orchid
747,19,6,0,giant white arum lily,moon orchid
748,19,63,0,giant white arum lily,silverbush
749,19,74,0,giant white arum lily,thorn apple
750,19,68,0,giant white arum lily,windflower
751,19,91,0,giant white arum lily,bee balm
752,19,6,0,giant white arum lily,moon orchid
753,19,6,0,giant white arum lily,moon orchid
754,19,20,0,giant white arum lily,fire lily
755,19,63,0,giant white arum lily,silverbush
756,19,6,0,giant white arum lily,moon orchid
757,19,63,0,giant white arum lily,silverbush
758,19,6,0,giant white arum lily,moon orchid
759,19,6,0,giant white arum lily,moon orchid
760,19,63,0,giant white arum lily,silverbush
761,19,19,1,giant white arum lily,giant white arum lily
762,19,63,0,giant white arum lily,silverbush
763,19,6,0,giant white arum lily,moon orchid
764,19,74,0,giant white arum lily,thorn apple
765,19,63,0,giant white arum lily,silverbush
766,19,64,0,giant white arum lily,californian poppy
767,19,95,0,giant white arum lily,camellia
768,19,6,0,giant white arum lily,moon orchid
769,19,6,0,giant white arum lily,moon orchid
770,19,0,0,giant white arum lily,pink primrose
771,19,63,0,giant white arum lily,silverbush
772,19,19,1,giant white arum lily,giant white arum lily
773,19,63,0,giant white arum lily,silverbush
774,19,19,1,giant white arum lily,giant white arum lily
775,21,28,0,pincushion flower,artichoke
776,21,54,0,pincushion flower,pelargonium
777,21,21,1,pincushion flower,pincushion flower
778,21,66,0,pincushion flower,spring crocus
779,21,24,0,pincushion flower,grape hyacinth
780,21,18,0,pincushion flower,balloon flower
781,21,21,1,pincushion flower,pincushion flower
782,21,56,0,pincushion flower,gaura
783,21,54,0,pincushion flower,pelargonium
784,21,21,1,pincushion flower,pincushion flower
785,21,21,1,pincushion flower,pincushion flower
786,21,28,0,pincushion flower,artichoke
787,21,56,0,pincushion flower,gaura
788,21,21,1,pincushion flower,pincushion flower
789,21,28,0,pincushion flower,artichoke
790,21,9,0,pincushion flower,globe thistle
791,21,28,0,pincushion flower,artichoke
792,21,21,1,pincushion flower,pincushion flower
793,21,21,1,pincushion flower,pincushion flower
794,21,32,0,pincushion flower,love in the mist
795,21,28,0,pincushion flower,artichoke
796,21,21,1,pincushion flower,pincushion flower
797,21,92,0,pincushion flower,ball moss
798,21,9,0,pincushion flower,globe thistle
799,21,28,0,pincushion flower,artichoke
800,21,54,0,pincushion flower,pelargonium
801,21,21,1,pincushion flower,pincushion flower
802,21,21,1,pincushion flower,pincushion flower
803,21,21,1,pincushion flower,pincushion flower
804,21,24,0,pincushion flower,grape hyacinth
805,21,21,1,pincushion flower,pincushion flower
806,21,24,0,pincushion flower,grape hyacinth
807,21,24,0,pincushion flower,grape hyacinth
808,21,21,1,pincushion flower,pincushion flower
809,21,28,0,pincushion flower,artichoke
810,21,21,1,pincushion flower,pincushion flower
811,21,28,0,pincushion flower,artichoke
812,21,21,1,pincushion flower,pincushion flower
813,21,21,1,pincushion flower,pincushion flower
814,22,34,0,fritillary,alpine sea holly
815,22,63,0,fritillary,silverbush
816,22,63,0,fritillary,silverbush
817,22,21,0,fritillary,pincushion flower
818,22,83,0,fritillary,columbine
819,22,56,0,fritillary,gaura
820,22,95,0,fritillary,camellia
821,22,63,0,fritillary,silverbush
822,22,96,0,fritillary,mallow
823,22,22,1,fritillary,fritillary
824,22,78,0,fritillary,toad lily
825,22,37,0,fritillary,great masterwort
826,22,96,0,fritillary,mallow
827,22,91,0,fritillary,bee balm
828,22,63,0,fritillary,silverbush
829,22,56,0,fritillary,gaura
830,22,54,0,fritillary,pelargonium
831,22,63,0,fritillary,silverbush
832,22,91,0,fritillary,bee balm
833,22,93,0,fritillary,foxglove
834,22,12,0,fritillary,king protea
835,22,36,0,fritillary,cape flower
836,22,56,0,fritillary,gaura
837,22,42,0,fritillary,sword lily
838,22,12,0,fritillary,king protea
839,22,12,0,fritillary,king protea
840,22,56,0,fritillary,gaura
841,22,22,1,fritillary,fritillary
842,22,28,0,fritillary,artichoke
843,22,23,0,fritillary,red ginger
844,22,63,0,fritillary,silverbush
845,22,22,1,fritillary,fritillary
846,22,36,0,fritillary,cape flower
847,22,21,0,fritillary,pincushion flower
848,22,60,0,fritillary,cautleya spicata
849,22,36,0,fritillary,cape flower
850,22,34,0,fritillary,alpine sea holly
851,22,44,0,fritillary,bolero deep blue
852,22,36,0,fritillary,cape flower
853,22,13,0,fritillary,spear thistle
854,22,66,0,fritillary,spring crocus
855,22,21,0,fritillary,pincushion flower
856,22,56,0,fritillary,gaura
857,22,29,0,fritillary,sweet william
858,22,93,0,fritillary,foxglove
859,22,67,0,fritillary,bearded iris
860,22,5,0,fritillary,tiger lily
861,22,76,0,fritillary,passion flower
862,22,36,0,fritillary,cape flower
863,22,36,0,fritillary,cape flower
864,22,22,1,fritillary,fritillary
865,22,60,0,fritillary,cautleya spicata
866,22,21,0,fritillary,pincushion flower
867,22,54,0,fritillary,pelargonium
868,22,34,0,fritillary,alpine sea holly
869,22,34,0,fritillary,alpine sea holly
870,22,9,0,fritillary,globe thistle
871,22,28,0,fritillary,artichoke
872,22,9,0,fritillary,globe thistle
873,22,91,0,fritillary,bee balm
874,22,63,0,fritillary,silverbush
875,22,36,0,fritillary,cape flower
876,22,54,0,fritillary,pelargonium
877,22,13,0,fritillary,spear thistle
878,22,29,0,fritillary,sweet william
879,22,96,0,fritillary,mallow
880,22,36,0,fritillary,cape flower
881,22,23,0,fritillary,red ginger
882,22,79,0,fritillary,anthurium
883,22,56,0,fritillary,gaura
884,22,56,0,fritillary,gaura
885,23,64,0,red ginger,californian poppy
886,23,23,1,red ginger,red ginger
887,23,20,0,red ginger,fire lily
888,23,20,0,red ginger,fire lily
889,23,55,0,red ginger,bishop of llandaff
890,23,98,0,red ginger,bromelia
891,23,96,0,red ginger,mallow
892,23,23,1,red ginger,red ginger
893,23,23,1,red ginger,red ginger
894,23,11,0,red ginger,colt's foot
895,23,23,1,red ginger,red ginger
896,23,73,0,red ginger,rose
897,23,23,1,red ginger,red ginger
898,23,79,0,red ginger,anthurium
899,23,20,0,red ginger,fire lily
900,23,91,0,red ginger,bee balm
901,23,98,0,red ginger,bromelia
902,23,90,0,red ginger,hippeastrum
903,23,25,0,red ginger,corn poppy
904,23,83,0,red ginger,columbine
905,23,92,0,red ginger,ball moss
906,23,37,0,red ginger,great masterwort
907,24,24,1,grape hyacinth,grape hyacinth
908,24,29,0,grape hyacinth,sweet william
909,24,24,1,grape hyacinth,grape hyacinth
910,24,24,1,grape hyacinth,grape hyacinth
911,24,9,0,grape hyacinth,globe thistle
912,24,8,0,grape hyacinth,monkshood
913,24,24,1,grape hyacinth,grape hyacinth
914,24,24,1,grape hyacinth,grape hyacinth
915,24,24,1,grape hyacinth,grape hyacinth
916,24,60,0,grape hyacinth,cautleya spicata
917,24,86,0,grape hyacinth,magnolia
918,24,24,1,grape hyacinth,grape hyacinth
919,24,6,0,grape hyacinth,moon orchid
920,24,51,0,grape hyacinth,wild pansy
921,24,24,1,grape hyacinth,grape hyacinth
922,24,8,0,grape hyacinth,monkshood
923,24,8,0,grape hyacinth,monkshood
924,24,24,1,grape hyacinth,grape hyacinth
925,24,24,1,grape hyacinth,grape hyacinth
926,24,24,1,grape hyacinth,grape hyacinth
927,24,24,1,grape hyacinth,grape hyacinth
928,25,25,1,corn poppy,corn poppy
929,25,25,1,corn poppy,corn poppy
930,25,25,1,corn poppy,corn poppy
931,25,25,1,corn poppy,corn poppy
932,25,20,0,corn poppy,fire lily
933,25,25,1,corn poppy,corn poppy
934,25,23,0,corn poppy,red ginger
935,25,17,0,corn poppy,peruvian lily
936,25,45,0,corn poppy,wallflower
937,25,25,1,corn poppy,corn poppy
938,25,25,1,corn poppy,corn poppy
939,25,90,0,corn poppy,hippeastrum
940,25,25,1,corn poppy,corn poppy
941,25,26,0,corn poppy,prince of wales feathers
942,25,101,0,corn poppy,blackberry lily
943,25,43,0,corn poppy,poinsettia
944,25,25,1,corn poppy,corn poppy
945,25,25,1,corn poppy,corn poppy
946,25,25,1,corn poppy,corn poppy
947,25,67,0,corn poppy,bearded iris
948,25,96,0,corn poppy,mallow
949,26,25,0,prince of wales feathers,corn poppy
950,26,25,0,prince of wales feathers,corn poppy
951,26,70,0,prince of wales feathers,gazania
952,26,96,0,prince of wales feathers,mallow
953,26,23,0,prince of wales feathers,red ginger
954,26,25,0,prince of wales feathers,corn poppy
955,26,14,0,prince of wales feathers,yellow iris
956,26,70,0,prince of wales feathers,gazania
957,26,98,0,prince of wales feathers,bromelia
958,26,45,0,prince of wales feathers,wallflower
959,26,26,1,prince of wales feathers,prince of wales feathers
960,26,25,0,prince of wales feathers,corn poppy
961,26,26,1,prince of wales feathers,prince of wales feathers
962,26,26,1,prince of wales feathers,prince of wales feathers
963,26,25,0,prince of wales feathers,corn poppy
964,26,70,0,prince of wales feathers,gazania
965,26,4,0,prince of wales feathers,english marigold
966,26,5,0,prince of wales feathers,tiger lily
967,26,24,0,prince of wales feathers,grape hyacinth
968,26,79,0,prince of wales feathers,anthurium
969,27,24,0,stemless gentian,grape hyacinth
970,27,24,0,stemless gentian,grape hyacinth
971,27,24,0,stemless gentian,grape hyacinth
972,27,24,0,stemless gentian,grape hyacinth
973,27,24,0,stemless gentian,grape hyacinth
974,27,28,0,stemless gentian,artichoke
975,27,24,0,stemless gentian,grape hyacinth
976,27,28,0,stemless gentian,artichoke
977,27,28,0,stemless gentian,artichoke
978,27,8,0,stemless gentian,monkshood
979,27,24,0,stemless gentian,grape hyacinth
980,27,24,0,stemless gentian,grape hyacinth
981,27,34,0,stemless gentian,alpine sea holly
982,27,24,0,stemless gentian,grape hyacinth
983,27,28,0,stemless gentian,artichoke
984,27,24,0,stemless gentian,grape hyacinth
985,27,24,0,stemless gentian,grape hyacinth
986,27,34,0,stemless gentian,alpine sea holly
987,27,24,0,stemless gentian,grape hyacinth
988,27,24,0,stemless gentian,grape hyacinth
989,27,24,0,stemless gentian,grape hyacinth
990,27,34,0,stemless gentian,alpine sea holly
991,27,24,0,stemless gentian,grape hyacinth
992,27,66,0,stemless gentian,spring crocus
993,27,66,0,stemless gentian,spring crocus
994,27,24,0,stemless gentian,grape hyacinth
995,27,24,0,stemless gentian,grape hyacinth
996,27,24,0,stemless gentian,grape hyacinth
997,27,24,0,stemless gentian,grape hyacinth
998,27,24,0,stemless gentian,grape hyacinth
999,27,24,0,stemless gentian,grape hyacinth
1000,27,24,0,stemless gentian,grape hyacinth
1001,27,24,0,stemless gentian,grape hyacinth
1002,27,24,0,stemless gentian,grape hyacinth
1003,27,24,0,stemless gentian,grape hyacinth
1004,27,24,0,stemless gentian,grape hyacinth
1005,27,24,0,stemless gentian,grape hyacinth
1006,27,24,0,stemless gentian,grape hyacinth
1007,27,8,0,stemless gentian,monkshood
1008,27,24,0,stemless gentian,grape hyacinth
1009,27,24,0,stemless gentian,grape hyacinth
1010,27,24,0,stemless gentian,grape hyacinth
1011,27,24,0,stemless gentian,grape hyacinth
1012,27,24,0,stemless gentian,grape hyacinth
1013,27,24,0,stemless gentian,grape hyacinth
1014,27,24,0,stemless gentian,grape hyacinth
1015,28,9,0,artichoke,globe thistle
1016,28,13,0,artichoke,spear thistle
1017,28,60,0,artichoke,cautleya spicata
1018,28,38,0,artichoke,siam tulip
1019,28,13,0,artichoke,spear thistle
1020,28,28,1,artichoke,artichoke
1021,28,24,0,artichoke,grape hyacinth
1022,28,66,0,artichoke,spring crocus
1023,28,21,0,artichoke,pincushion flower
1024,28,9,0,artichoke,globe thistle
1025,28,28,1,artichoke,artichoke
1026,28,66,0,artichoke,spring crocus
1027,28,36,0,artichoke,cape flower
1028,28,28,1,artichoke,artichoke
1029,28,28,1,artichoke,artichoke
1030,28,9,0,artichoke,globe thistle
1031,28,21,0,artichoke,pincushion flower
1032,28,28,1,artichoke,artichoke
1033,28,59,0,artichoke,pink-yellow dahlia?
1034,28,9,0,artichoke,globe thistle
1035,28,51,0,artichoke,wild pansy
1036,28,9,0,artichoke,globe thistle
1037,28,28,1,artichoke,artichoke
1038,28,21,0,artichoke,pincushion flower
1039,28,44,0,artichoke,bolero deep blue
1040,28,51,0,artichoke,wild pansy
1041,28,28,1,artichoke,artichoke
1042,28,9,0,artichoke,globe thistle
1043,28,83,0,artichoke,columbine
1044,28,28,1,artichoke,artichoke
1045,28,66,0,artichoke,spring crocus
1046,28,44,0,artichoke,bolero deep blue
1047,28,28,1,artichoke,artichoke
1048,28,24,0,artichoke,grape hyacinth
1049,28,21,0,artichoke,pincushion flower
1050,28,28,1,artichoke,artichoke
1051,28,66,0,artichoke,spring crocus
1052,28,21,0,artichoke,pincushion flower
1053,28,18,0,artichoke,balloon flower
1054,28,24,0,artichoke,grape hyacinth
1055,28,21,0,artichoke,pincushion flower
1056,28,28,1,artichoke,artichoke
1057,28,28,1,artichoke,artichoke
1058,28,28,1,artichoke,artichoke
1059,28,66,0,artichoke,spring crocus
1060,28,92,0,artichoke,ball moss
1061,28,44,0,artichoke,bolero deep blue
1062,28,12,0,artichoke,king protea
1063,28,47,0,artichoke,buttercup
1064,28,9,0,artichoke,globe thistle
1065,28,66,0,artichoke,spring crocus
1066,28,28,1,artichoke,artichoke
1067,28,21,0,artichoke,pincushion flower
1068,28,9,0,artichoke,globe thistle
1069,28,21,0,artichoke,pincushion flower
1070,28,28,1,artichoke,artichoke
1071,28,21,0,artichoke,pincushion flower
1072,28,21,0,artichoke,pincushion flower
1073,29,71,0,sweet william,azalea
1074,29,21,0,sweet william,pincushion flower
1075,29,65,0,sweet william,osteospermum
1076,29,29,1,sweet william,sweet william
1077,29,2,0,sweet william,canterbury bells
1078,29,65,0,sweet william,osteospermum
1079,29,43,0,sweet william,poinsettia
1080,29,9,0,sweet william,globe thistle
1081,29,21,0,sweet william,pincushion flower
1082,29,29,1,sweet william,sweet william
1083,29,29,1,sweet william,sweet william
1084,29,29,1,sweet william,sweet william
1085,29,13,0,sweet william,spear thistle
1086,29,44,0,sweet william,bolero deep blue
1087,29,29,1,sweet william,sweet william
1088,29,29,1,sweet william,sweet william
1089,29,36,0,sweet william,cape flower
1090,29,29,1,sweet william,sweet william
1091,29,92,0,sweet william,ball moss
1092,29,90,0,sweet william,hippeastrum
1093,29,55,0,sweet william,bishop of llandaff
1094,29,43,0,sweet william,poinsettia
1095,29,65,0,sweet william,osteospermum
1096,29,65,0,sweet william,osteospermum
1097,29,2,0,sweet william,canterbury bells
1098,29,2,0,sweet william,canterbury bells
1099,29,43,0,sweet william,poinsettia
1100,29,44,0,sweet william,bolero deep blue
1101,29,33,0,sweet william,mexican aster
1102,29,28,0,sweet william,artichoke
1103,29,29,1,sweet william,sweet william
1104,29,29,1,sweet william,sweet william
1105,29,29,1,sweet william,sweet william
1106,29,16,0,sweet william,purple coneflower
1107,29,29,1,sweet william,sweet william
1108,29,29,1,sweet william,sweet william
1109,29,29,1,sweet william,sweet william
1110,29,29,1,sweet william,sweet william
1111,29,29,1,sweet william,sweet william
1112,29,29,1,sweet william,sweet william
1113,29,29,1,sweet william,sweet william
1114,29,71,0,sweet william,azalea
1115,29,71,0,sweet william,azalea
1116,29,22,0,sweet william,fritillary
1117,29,29,1,sweet william,sweet william
1118,29,29,1,sweet william,sweet william
1119,29,29,1,sweet william,sweet william
1120,29,29,1,sweet william,sweet william
1121,29,29,1,sweet william,sweet william
1122,29,29,1,sweet william,sweet william
1123,29,29,1,sweet william,sweet william
1124,29,29,1,sweet william,sweet william
1125,29,21,0,sweet william,pincushion flower
1126,29,29,1,sweet william,sweet william
1127,29,29,1,sweet william,sweet william
1128,29,29,1,sweet william,sweet william
1129,29,37,0,sweet william,great masterwort
1130,29,29,1,sweet william,sweet william
1131,29,29,1,sweet william,sweet william
1132,29,65,0,sweet william,osteospermum
1133,29,2,0,sweet william,canterbury bells
1134,29,44,0,sweet william,bolero deep blue
1135,29,29,1,sweet william,sweet william
1136,29,29,1,sweet william,sweet william
1137,29,29,1,sweet william,sweet william
1138,30,1,0,carnation,hard-leaved pocket orchid
1139,30,25,0,carnation,corn poppy
1140,30,25,0,carnation,corn poppy
1141,30,12,0,carnation,king protea
1142,30,90,0,carnation,hippeastrum
1143,30,43,0,carnation,poinsettia
1144,30,79,0,carnation,anthurium
1145,30,12,0,carnation,king protea
1146,30,6,0,carnation,moon orchid
1147,30,6,0,carnation,moon orchid
1148,30,29,0,carnation,sweet william
1149,30,79,0,carnation,anthurium
1150,30,29,0,carnation,sweet william
1151,30,21,0,carnation,pincushion flower
1152,30,6,0,carnation,moon orchid
1153,30,36,0,carnation,cape flower
1154,30,63,0,carnation,silverbush
1155,30,6,0,carnation,moon orchid
1156,30,23,0,carnation,red ginger
1157,30,20,0,carnation,fire lily
1158,30,6,0,carnation,moon orchid
1159,30,21,0,carnation,pincushion flower
1160,30,21,0,carnation,pincushion flower
1161,30,7,0,carnation,bird of paradise
1162,30,6,0,carnation,moon orchid
1163,30,47,0,carnation,buttercup
1164,30,30,1,carnation,carnation
1165,30,36,0,carnation,cape flower
1166,30,6,0,carnation,moon orchid
1167,30,77,0,carnation,lotus
1168,30,90,0,carnation,hippeastrum
1169,30,43,0,carnation,poinsettia
1170,31,29,0,garden phlox,sweet william
1171,31,12,0,garden phlox,king protea
1172,31,44,0,garden phlox,bolero deep blue
1173,31,43,0,garden phlox,poinsettia
1174,31,43,0,garden phlox,poinsettia
1175,31,71,0,garden phlox,azalea
1176,31,29,0,garden phlox,sweet william
1177,31,29,0,garden phlox,sweet william
1178,31,65,0,garden phlox,osteospermum
1179,31,51,0,garden phlox,wild pansy
1180,31,21,0,garden phlox,pincushion flower
1181,31,12,0,garden phlox,king protea
1182,31,43,0,garden phlox,poinsettia
1183,31,34,0,garden phlox,alpine sea holly
1184,31,9,0,garden phlox,globe thistle
1185,31,29,0,garden phlox,sweet william
1186,31,66,0,garden phlox,spring crocus
1187,31,24,0,garden phlox,grape hyacinth
1188,31,21,0,garden phlox,pincushion flower
1189,31,91,0,garden phlox,bee balm
1190,31,6,0,garden phlox,moon orchid
1191,31,44,0,garden phlox,bolero deep blue
1192,31,36,0,garden phlox,cape flower
1193,31,65,0,garden phlox,osteospermum
1194,31,65,0,garden phlox,osteospermum
1195,32,83,0,love in the mist,columbine
1196,32,54,0,love in the mist,pelargonium
1197,32,24,0,love in the mist,grape hyacinth
1198,32,24,0,love in the mist,grape hyacinth
1199,32,56,0,love in the mist,gaura
1200,32,75,0,love in the mist,morning glory
1201,32,24,0,love in the mist,grape hyacinth
1202,32,68,0,love in the mist,windflower
1203,32,24,0,love in the mist,grape hyacinth
1204,32,24,0,love in the mist,grape hyacinth
1205,32,24,0,love in the mist,grape hyacinth
1206,32,78,0,love in the mist,toad lily
1207,32,9,0,love in the mist,globe thistle
1208,32,32,1,love in the mist,love in the mist
1209,32,24,0,love in the mist,grape hyacinth
1210,32,9,0,love in the mist,globe thistle
1211,32,56,0,love in the mist,gaura
1212,32,9,0,love in the mist,globe thistle
1213,32,47,0,love in the mist,buttercup
1214,32,32,1,love in the mist,love in the mist
1215,32,9,0,love in the mist,globe thistle
1216,32,34,0,love in the mist,alpine sea holly
1217,32,51,0,love in the mist,wild pansy
1218,32,32,1,love in the mist,love in the mist
1219,32,32,1,love in the mist,love in the mist
1220,32,54,0,love in the mist,pelargonium
1221,33,32,0,mexican aster,love in the mist
1222,33,43,0,mexican aster,poinsettia
1223,33,65,0,mexican aster,osteospermum
1224,33,6,0,mexican aster,moon orchid
1225,33,65,0,mexican aster,osteospermum
1226,33,75,0,mexican aster,morning glory
1227,33,92,0,mexican aster,ball moss
1228,33,92,0,mexican aster,ball moss
1229,33,95,0,mexican aster,camellia
1230,33,92,0,mexican aster,ball moss
1231,33,44,0,mexican aster,bolero deep blue
1232,33,91,0,mexican aster,bee balm
1233,33,44,0,mexican aster,bolero deep blue
1234,33,33,1,mexican aster,mexican aster
1235,33,36,0,mexican aster,cape flower
1236,33,65,0,mexican aster,osteospermum
1237,33,54,0,mexican aster,pelargonium
1238,33,65,0,mexican aster,osteospermum
1239,33,68,0,mexican aster,windflower
1240,33,54,0,mexican aster,pelargonium
1241,34,34,1,alpine sea holly,alpine sea holly
1242,34,34,1,alpine sea holly,alpine sea holly
1243,34,24,0,alpine sea holly,grape hyacinth
1244,34,7,0,alpine sea holly,bird of paradise
1245,34,34,1,alpine sea holly,alpine sea holly
1246,34,34,1,alpine sea holly,alpine sea holly
1247,34,9,0,alpine sea holly,globe thistle
1248,34,24,0,alpine sea holly,grape hyacinth
1249,34,9,0,alpine sea holly,globe thistle
1250,34,34,1,alpine sea holly,alpine sea holly
1251,34,9,0,alpine sea holly,globe thistle
1252,34,34,1,alpine sea holly,alpine sea holly
1253,34,9,0,alpine sea holly,globe thistle
1254,34,9,0,alpine sea holly,globe thistle
1255,34,9,0,alpine sea holly,globe thistle
1256,34,37,0,alpine sea holly,great masterwort
1257,34,34,1,alpine sea holly,alpine sea holly
1258,34,41,0,alpine sea holly,daffodil
1259,34,34,1,alpine sea holly,alpine sea holly
1260,34,37,0,alpine sea holly,great masterwort
1261,34,34,1,alpine sea holly,alpine sea holly
1262,34,34,1,alpine sea holly,alpine sea holly
1263,34,34,1,alpine sea holly,alpine sea holly
1264,35,6,0,ruby-lipped cattleya,moon orchid
1265,35,92,0,ruby-lipped cattleya,ball moss
1266,35,1,0,ruby-lipped cattleya,hard-leaved pocket orchid
1267,35,44,0,ruby-lipped cattleya,bolero deep blue
1268,35,92,0,ruby-lipped cattleya,ball moss
1269,35,28,0,ruby-lipped cattleya,artichoke
1270,35,44,0,ruby-lipped cattleya,bolero deep blue
1271,35,65,0,ruby-lipped cattleya,osteospermum
1272,35,44,0,ruby-lipped cattleya,bolero deep blue
1273,35,29,0,ruby-lipped cattleya,sweet william
1274,35,21,0,ruby-lipped cattleya,pincushion flower
1275,35,71,0,ruby-lipped cattleya,azalea
1276,35,12,0,ruby-lipped cattleya,king protea
1277,35,97,0,ruby-lipped cattleya,mexican petunia
1278,35,2,0,ruby-lipped cattleya,canterbury bells
1279,35,35,1,ruby-lipped cattleya,ruby-lipped cattleya
1280,35,74,0,ruby-lipped cattleya,thorn apple
1281,35,79,0,ruby-lipped cattleya,anthurium
1282,35,12,0,ruby-lipped cattleya,king protea
1283,35,2,0,ruby-lipped cattleya,canterbury bells
1284,35,6,0,ruby-lipped cattleya,moon orchid
1285,35,66,0,ruby-lipped cattleya,spring crocus
1286,35,74,0,ruby-lipped cattleya,thorn apple
1287,35,66,0,ruby-lipped cattleya,spring crocus
1288,35,66,0,ruby-lipped cattleya,spring crocus
1289,35,66,0,ruby-lipped cattleya,spring crocus
1290,35,66,0,ruby-lipped cattleya,spring crocus
1291,35,21,0,ruby-lipped cattleya,pincushion flower
1292,35,92,0,ruby-lipped cattleya,ball moss
1293,35,21,0,ruby-lipped cattleya,pincushion flower
1294,35,66,0,ruby-lipped cattleya,spring crocus
1295,35,66,0,ruby-lipped cattleya,spring crocus
1296,35,66,0,ruby-lipped cattleya,spring crocus
1297,35,66,0,ruby-lipped cattleya,spring crocus
1298,35,92,0,ruby-lipped cattleya,ball moss
1299,35,69,0,ruby-lipped cattleya,tree poppy
1300,35,2,0,ruby-lipped cattleya,canterbury bells
1301,35,0,0,ruby-lipped cattleya,pink primrose
1302,35,66,0,ruby-lipped cattleya,spring crocus
1303,35,21,0,ruby-lipped cattleya,pincushion flower
1304,35,74,0,ruby-lipped cattleya,thorn apple
1305,35,66,0,ruby-lipped cattleya,spring crocus
1306,35,74,0,ruby-lipped cattleya,thorn apple
1307,35,44,0,ruby-lipped cattleya,bolero deep blue
1308,35,66,0,ruby-lipped cattleya,spring crocus
1309,35,66,0,ruby-lipped cattleya,spring crocus
1310,35,74,0,ruby-lipped cattleya,thorn apple
1311,35,71,0,ruby-lipped cattleya,azalea
1312,35,92,0,ruby-lipped cattleya,ball moss
1313,35,66,0,ruby-lipped cattleya,spring crocus
1314,35,2,0,ruby-lipped cattleya,canterbury bells
1315,35,6,0,ruby-lipped cattleya,moon orchid
1316,35,2,0,ruby-lipped cattleya,canterbury bells
1317,35,21,0,ruby-lipped cattleya,pincushion flower
1318,35,21,0,ruby-lipped cattleya,pincushion flower
1319,36,12,0,cape flower,king protea
1320,36,29,0,cape flower,sweet william
1321,36,13,0,cape flower,spear thistle
1322,36,36,1,cape flower,cape flower
1323,36,20,0,cape flower,fire lily
1324,36,36,1,cape flower,cape flower
1325,36,36,1,cape flower,cape flower
1326,36,76,0,cape flower,passion flower
1327,36,81,0,cape flower,clematis
1328,36,36,1,cape flower,cape flower
1329,36,36,1,cape flower,cape flower
1330,36,36,1,cape flower,cape flower
1331,36,56,0,cape flower,gaura
1332,36,36,1,cape flower,cape flower
1333,36,36,1,cape flower,cape flower
1334,36,36,1,cape flower,cape flower
1335,36,36,1,cape flower,cape flower
1336,36,36,1,cape flower,cape flower
1337,36,36,1,cape flower,cape flower
1338,36,36,1,cape flower,cape flower
1339,36,36,1,cape flower,cape flower
1340,36,36,1,cape flower,cape flower
1341,36,36,1,cape flower,cape flower
1342,36,36,1,cape flower,cape flower
1343,36,36,1,cape flower,cape flower
1344,36,36,1,cape flower,cape flower
1345,36,36,1,cape flower,cape flower
1346,36,36,1,cape flower,cape flower
1347,36,36,1,cape flower,cape flower
1348,36,36,1,cape flower,cape flower
1349,36,36,1,cape flower,cape flower
1350,36,36,1,cape flower,cape flower
1351,36,36,1,cape flower,cape flower
1352,36,28,0,cape flower,artichoke
1353,36,36,1,cape flower,cape flower
1354,36,36,1,cape flower,cape flower
1355,36,36,1,cape flower,cape flower
1356,36,36,1,cape flower,cape flower
1357,36,36,1,cape flower,cape flower
1358,36,36,1,cape flower,cape flower
1359,36,36,1,cape flower,cape flower
1360,36,36,1,cape flower,cape flower
1361,36,36,1,cape flower,cape flower
1362,36,36,1,cape flower,cape flower
1363,36,36,1,cape flower,cape flower
1364,36,36,1,cape flower,cape flower
1365,36,36,1,cape flower,cape flower
1366,36,36,1,cape flower,cape flower
1367,36,36,1,cape flower,cape flower
1368,36,36,1,cape flower,cape flower
1369,36,36,1,cape flower,cape flower
1370,36,36,1,cape flower,cape flower
1371,36,56,0,cape flower,gaura
1372,36,36,1,cape flower,cape flower
1373,36,36,1,cape flower,cape flower
1374,36,73,0,cape flower,rose
1375,36,36,1,cape flower,cape flower
1376,36,36,1,cape flower,cape flower
1377,36,36,1,cape flower,cape flower
1378,36,36,1,cape flower,cape flower
1379,36,36,1,cape flower,cape flower
1380,36,36,1,cape flower,cape flower
1381,36,36,1,cape flower,cape flower
1382,36,36,1,cape flower,cape flower
1383,36,36,1,cape flower,cape flower
1384,36,36,1,cape flower,cape flower
1385,36,36,1,cape flower,cape flower
1386,36,36,1,cape flower,cape flower
1387,36,36,1,cape flower,cape flower
1388,36,36,1,cape flower,cape flower
1389,36,56,0,cape flower,gaura
1390,36,36,1,cape flower,cape flower
1391,36,92,0,cape flower,ball moss
1392,36,36,1,cape flower,cape flower
1393,36,36,1,cape flower,cape flower
1394,36,36,1,cape flower,cape flower
1395,36,36,1,cape flower,cape flower
1396,36,36,1,cape flower,cape flower
1397,36,36,1,cape flower,cape flower
1398,36,66,0,cape flower,spring crocus
1399,36,36,1,cape flower,cape flower
1400,36,36,1,cape flower,cape flower
1401,36,36,1,cape flower,cape flower
1402,36,36,1,cape flower,cape flower
1403,36,36,1,cape flower,cape flower
1404,36,36,1,cape flower,cape flower
1405,36,21,0,cape flower,pincushion flower
1406,36,36,1,cape flower,cape flower
1407,37,78,0,great masterwort,toad lily
1408,37,91,0,great masterwort,bee balm
1409,37,68,0,great masterwort,windflower
1410,37,28,0,great masterwort,artichoke
1411,37,12,0,great masterwort,king protea
1412,37,36,0,great masterwort,cape flower
1413,37,9,0,great masterwort,globe thistle
1414,37,9,0,great masterwort,globe thistle
1415,37,96,0,great masterwort,mallow
1416,37,9,0,great masterwort,globe thistle
1417,37,34,0,great masterwort,alpine sea holly
1418,37,9,0,great masterwort,globe thistle
1419,37,21,0,great masterwort,pincushion flower
1420,37,37,1,great masterwort,great masterwort
1421,37,34,0,great masterwort,alpine sea holly
1422,37,16,0,great masterwort,purple coneflower
1423,37,9,0,great masterwort,globe thistle
1424,37,9,0,great masterwort,globe thistle
1425,37,36,0,great masterwort,cape flower
1426,37,56,0,great masterwort,gaura
1427,37,29,0,great masterwort,sweet william
1428,37,9,0,great masterwort,globe thistle
1429,37,93,0,great masterwort,foxglove
1430,37,37,1,great masterwort,great masterwort
1431,37,34,0,great masterwort,alpine sea holly
1432,37,96,0,great masterwort,mallow
1433,37,37,1,great masterwort,great masterwort
1434,37,12,0,great masterwort,king protea
1435,37,9,0,great masterwort,globe thistle
1436,37,56,0,great masterwort,gaura
1437,37,36,0,great masterwort,cape flower
1438,37,56,0,great masterwort,gaura
1439,37,56,0,great masterwort,gaura
1440,37,6,0,great masterwort,moon orchid
1441,37,37,1,great masterwort,great masterwort
1442,37,9,0,great masterwort,globe thistle
1443,38,78,0,siam tulip,toad lily
1444,38,1,0,siam tulip,hard-leaved pocket orchid
1445,38,6,0,siam tulip,moon orchid
1446,38,92,0,siam tulip,ball moss
1447,38,32,0,siam tulip,love in the mist
1448,38,0,0,siam tulip,pink primrose
1449,38,13,0,siam tulip,spear thistle
1450,38,71,0,siam tulip,azalea
1451,38,54,0,siam tulip,pelargonium
1452,38,21,0,siam tulip,pincushion flower
1453,38,77,0,siam tulip,lotus
1454,38,92,0,siam tulip,ball moss
1455,38,56,0,siam tulip,gaura
1456,38,54,0,siam tulip,pelargonium
1457,38,93,0,siam tulip,foxglove
1458,38,21,0,siam tulip,pincushion flower
1459,38,73,0,siam tulip,rose
1460,38,16,0,siam tulip,purple coneflower
1461,38,28,0,siam tulip,artichoke
1462,38,90,0,siam tulip,hippeastrum
1463,38,28,0,siam tulip,artichoke
1464,39,89,0,lenten rose,canna lily
1465,39,29,0,lenten rose,sweet william
1466,39,44,0,lenten rose,bolero deep blue
1467,39,29,0,lenten rose,sweet william
1468,39,29,0,lenten rose,sweet william
1469,39,57,0,lenten rose,geranium
1470,39,81,0,lenten rose,clematis
1471,39,6,0,lenten rose,moon orchid
1472,39,56,0,lenten rose,gaura
1473,39,96,0,lenten rose,mallow
1474,39,60,0,lenten rose,cautleya spicata
1475,39,96,0,lenten rose,mallow
1476,39,0,0,lenten rose,pink primrose
1477,39,36,0,lenten rose,cape flower
1478,39,96,0,lenten rose,mallow
1479,39,83,0,lenten rose,columbine
1480,39,59,0,lenten rose,pink-yellow dahlia?
1481,39,12,0,lenten rose,king protea
1482,39,24,0,lenten rose,grape hyacinth
1483,39,36,0,lenten rose,cape flower
1484,39,7,0,lenten rose,bird of paradise
1485,39,16,0,lenten rose,purple coneflower
1486,39,96,0,lenten rose,mallow
1487,39,68,0,lenten rose,windflower
1488,39,96,0,lenten rose,mallow
1489,39,6,0,lenten rose,moon orchid
1490,39,29,0,lenten rose,sweet william
1491,39,96,0,lenten rose,mallow
1492,39,96,0,lenten rose,mallow
1493,39,68,0,lenten rose,windflower
1494,39,3,0,lenten rose,sweet pea
1495,39,37,0,lenten rose,great masterwort
1496,39,96,0,lenten rose,mallow
1497,39,96,0,lenten rose,mallow
1498,39,96,0,lenten rose,mallow
1499,39,13,0,lenten rose,spear thistle
1500,39,96,0,lenten rose,mallow
1501,39,36,0,lenten rose,cape flower
1502,39,92,0,lenten rose,ball moss
1503,39,38,0,lenten rose,siam tulip
1504,39,39,1,lenten rose,lenten rose
1505,39,96,0,lenten rose,mallow
1506,39,79,0,lenten rose,anthurium
1507,39,68,0,lenten rose,windflower
1508,39,68,0,lenten rose,windflower
1509,39,96,0,lenten rose,mallow
1510,39,68,0,lenten rose,windflower
1511,40,25,0,barbeton daisy,corn poppy
1512,40,88,0,barbeton daisy,watercress
1513,40,4,0,barbeton daisy,english marigold
1514,40,1,0,barbeton daisy,hard-leaved pocket orchid
1515,40,25,0,barbeton daisy,corn poppy
1516,40,53,0,barbeton daisy,sunflower
1517,40,70,0,barbeton daisy,gazania
1518,40,23,0,barbeton daisy,red ginger
1519,40,4,0,barbeton daisy,english marigold
1520,40,90,0,barbeton daisy,hippeastrum
1521,40,25,0,barbeton daisy,corn poppy
1522,40,46,0,barbeton daisy,marigold
1523,40,25,0,barbeton daisy,corn poppy
1524,40,25,0,barbeton daisy,corn poppy
1525,40,57,0,barbeton daisy,geranium
1526,40,25,0,barbeton daisy,corn poppy
1527,40,25,0,barbeton daisy,corn poppy
1528,40,101,0,barbeton daisy,blackberry lily
1529,40,14,0,barbeton daisy,yellow iris
1530,40,68,0,barbeton daisy,windflower
1531,40,98,0,barbeton daisy,bromelia
1532,40,69,0,barbeton daisy,tree poppy
1533,40,57,0,barbeton daisy,geranium
1534,40,25,0,barbeton daisy,corn poppy
1535,40,59,0,barbeton daisy,pink-yellow dahlia?
1536,40,12,0,barbeton daisy,king protea
1537,40,47,0,barbeton daisy,buttercup
1538,40,25,0,barbeton daisy,corn poppy
1539,40,25,0,barbeton daisy,corn poppy
1540,40,17,0,barbeton daisy,peruvian lily
1541,40,29,0,barbeton daisy,sweet william
1542,40,98,0,barbeton daisy,bromelia
1543,40,25,0,barbeton daisy,corn poppy
1544,40,29,0,barbeton daisy,sweet william
1545,40,74,0,barbeton daisy,thorn apple
1546,40,59,0,barbeton daisy,pink-yellow dahlia?
1547,40,90,0,barbeton daisy,hippeastrum
1548,40,56,0,barbeton daisy,gaura
1549,40,56,0,barbeton daisy,gaura
1550,40,17,0,barbeton daisy,peruvian lily
1551,40,41,0,barbeton daisy,daffodil
1552,40,21,0,barbeton daisy,pincushion flower
1553,40,43,0,barbeton daisy,poinsettia
1554,40,43,0,barbeton daisy,poinsettia
1555,40,23,0,barbeton daisy,red ginger
1556,40,12,0,barbeton daisy,king protea
1557,40,43,0,barbeton daisy,poinsettia
1558,40,17,0,barbeton daisy,peruvian lily
1559,40,55,0,barbeton daisy,bishop of llandaff
1560,40,40,1,barbeton daisy,barbeton daisy
1561,40,11,0,barbeton daisy,colt's foot
1562,40,0,0,barbeton daisy,pink primrose
1563,40,59,0,barbeton daisy,pink-yellow dahlia?
1564,40,71,0,barbeton daisy,azalea
1565,40,12,0,barbeton daisy,king protea
1566,40,98,0,barbeton daisy,bromelia
1567,40,11,0,barbeton daisy,colt's foot
1568,40,4,0,barbeton daisy,english marigold
1569,40,71,0,barbeton daisy,azalea
1570,40,29,0,barbeton daisy,sweet william
1571,40,101,0,barbeton daisy,blackberry lily
1572,40,41,0,barbeton daisy,daffodil
1573,40,55,0,barbeton daisy,bishop of llandaff
1574,40,40,1,barbeton daisy,barbeton daisy
1575,40,88,0,barbeton daisy,watercress
1576,40,55,0,barbeton daisy,bishop of llandaff
1577,40,53,0,barbeton daisy,sunflower
1578,40,88,0,barbeton daisy,watercress
1579,40,43,0,barbeton daisy,poinsettia
1580,40,43,0,barbeton daisy,poinsettia
1581,40,29,0,barbeton daisy,sweet william
1582,40,98,0,barbeton daisy,bromelia
1583,40,25,0,barbeton daisy,corn poppy
1584,40,65,0,barbeton daisy,osteospermum
1585,40,65,0,barbeton daisy,osteospermum
1586,40,88,0,barbeton daisy,watercress
1587,40,43,0,barbeton daisy,poinsettia
1588,40,98,0,barbeton daisy,bromelia
1589,40,4,0,barbeton daisy,english marigold
1590,40,11,0,barbeton daisy,colt's foot
1591,40,43,0,barbeton daisy,poinsettia
1592,40,29,0,barbeton daisy,sweet william
1593,40,65,0,barbeton daisy,osteospermum
1594,40,40,1,barbeton daisy,barbeton daisy
1595,40,80,0,barbeton daisy,frangipani
1596,40,25,0,barbeton daisy,corn poppy
1597,40,29,0,barbeton daisy,sweet william
1598,40,43,0,barbeton daisy,poinsettia
1599,40,11,0,barbeton daisy,colt's foot
1600,40,11,0,barbeton daisy,colt's foot
1601,40,59,0,barbeton daisy,pink-yellow dahlia?
1602,40,12,0,barbeton daisy,king protea
1603,40,22,0,barbeton daisy,fritillary
1604,40,59,0,barbeton daisy,pink-yellow dahlia?
1605,40,25,0,barbeton daisy,corn poppy
1606,40,71,0,barbeton daisy,azalea
1607,40,92,0,barbeton daisy,ball moss
1608,40,98,0,barbeton daisy,bromelia
1609,40,29,0,barbeton daisy,sweet william
1610,40,12,0,barbeton daisy,king protea
1611,40,25,0,barbeton daisy,corn poppy
1612,40,43,0,barbeton daisy,poinsettia
1613,40,57,0,barbeton daisy,geranium
1614,40,46,0,barbeton daisy,marigold
1615,40,80,0,barbeton daisy,frangipani
1616,40,25,0,barbeton daisy,corn poppy
1617,40,43,0,barbeton daisy,poinsettia
1618,41,62,0,daffodil,black-eyed susan
1619,41,47,0,daffodil,buttercup
1620,41,53,0,daffodil,sunflower
1621,41,11,0,daffodil,colt's foot
1622,41,14,0,daffodil,yellow iris
1623,41,47,0,daffodil,buttercup
1624,41,53,0,daffodil,sunflower
1625,41,11,0,daffodil,colt's foot
1626,41,47,0,daffodil,buttercup
1627,41,47,0,daffodil,buttercup
1628,41,11,0,daffodil,colt's foot
1629,41,41,1,daffodil,daffodil
1630,41,64,0,daffodil,californian poppy
1631,41,14,0,daffodil,yellow iris
1632,41,41,1,daffodil,daffodil
1633,41,47,0,daffodil,buttercup
1634,41,11,0,daffodil,colt's foot
1635,41,96,0,daffodil,mallow
1636,41,47,0,daffodil,buttercup
1637,41,11,0,daffodil,colt's foot
1638,41,11,0,daffodil,colt's foot
1639,41,47,0,daffodil,buttercup
1640,41,53,0,daffodil,sunflower
1641,41,47,0,daffodil,buttercup
1642,41,88,0,daffodil,watercress
1643,41,64,0,daffodil,californian poppy
1644,41,47,0,daffodil,buttercup
1645,41,11,0,daffodil,colt's foot
1646,41,47,0,daffodil,buttercup
1647,41,14,0,daffodil,yellow iris
1648,41,47,0,daffodil,buttercup
1649,41,41,1,daffodil,daffodil
1650,41,47,0,daffodil,buttercup
1651,41,46,0,daffodil,marigold
1652,41,11,0,daffodil,colt's foot
1653,41,14,0,daffodil,yellow iris
1654,41,47,0,daffodil,buttercup
1655,41,14,0,daffodil,yellow iris
1656,41,80,0,daffodil,frangipani
1657,42,17,0,sword lily,peruvian lily
1658,42,73,0,sword lily,rose
1659,42,98,0,sword lily,bromelia
1660,42,17,0,sword lily,peruvian lily
1661,42,25,0,sword lily,corn poppy
1662,42,6,0,sword lily,moon orchid
1663,42,17,0,sword lily,peruvian lily
1664,42,25,0,sword lily,corn poppy
1665,42,96,0,sword lily,mallow
1666,42,0,0,sword lily,pink primrose
1667,42,56,0,sword lily,gaura
1668,42,98,0,sword lily,bromelia
1669,42,12,0,sword lily,king protea
1670,42,60,0,sword lily,cautleya spicata
1671,42,98,0,sword lily,bromelia
1672,42,43,0,sword lily,poinsettia
1673,42,79,0,sword lily,anthurium
1674,42,73,0,sword lily,rose
1675,42,46,0,sword lily,marigold
1676,42,0,0,sword lily,pink primrose
1677,42,36,0,sword lily,cape flower
1678,42,6,0,sword lily,moon orchid
1679,42,95,0,sword lily,camellia
1680,42,68,0,sword lily,windflower
1681,42,2,0,sword lily,canterbury bells
1682,42,18,0,sword lily,balloon flower
1683,42,34,0,sword lily,alpine sea holly
1684,42,7,0,sword lily,bird of paradise
1685,42,25,0,sword lily,corn poppy
1686,42,17,0,sword lily,peruvian lily
1687,42,46,0,sword lily,marigold
1688,42,77,0,sword lily,lotus
1689,42,98,0,sword lily,bromelia
1690,42,24,0,sword lily,grape hyacinth
1691,42,98,0,sword lily,bromelia
1692,42,46,0,sword lily,marigold
1693,42,17,0,sword lily,peruvian lily
1694,42,36,0,sword lily,cape flower
1695,42,36,0,sword lily,cape flower
1696,42,17,0,sword lily,peruvian lily
1697,42,71,0,sword lily,azalea
1698,42,0,0,sword lily,pink primrose
1699,42,98,0,sword lily,bromelia
1700,42,21,0,sword lily,pincushion flower
1701,42,101,0,sword lily,blackberry lily
1702,42,101,0,sword lily,blackberry lily
1703,42,55,0,sword lily,bishop of llandaff
1704,42,25,0,sword lily,corn poppy
1705,42,43,0,sword lily,poinsettia
1706,42,79,0,sword lily,anthurium
1707,42,28,0,sword lily,artichoke
1708,42,17,0,sword lily,peruvian lily
1709,42,25,0,sword lily,corn poppy
1710,42,71,0,sword lily,azalea
1711,42,57,0,sword lily,geranium
1712,42,29,0,sword lily,sweet william
1713,42,77,0,sword lily,lotus
1714,42,2,0,sword lily,canterbury bells
1715,42,17,0,sword lily,peruvian lily
1716,42,6,0,sword lily,moon orchid
1717,42,25,0,sword lily,corn poppy
1718,42,18,0,sword lily,balloon flower
1719,42,39,0,sword lily,lenten rose
1720,42,0,0,sword lily,pink primrose
1721,42,37,0,sword lily,great masterwort
1722,42,0,0,sword lily,pink primrose
1723,42,98,0,sword lily,bromelia
1724,42,43,0,sword lily,poinsettia
1725,42,80,0,sword lily,frangipani
1726,42,29,0,sword lily,sweet william
1727,42,5,0,sword lily,tiger lily
1728,42,51,0,sword lily,wild pansy
1729,42,29,0,sword lily,sweet william
1730,42,43,0,sword lily,poinsettia
1731,42,98,0,sword lily,bromelia
1732,42,71,0,sword lily,azalea
1733,42,74,0,sword lily,thorn apple
1734,42,29,0,sword lily,sweet william
1735,42,25,0,sword lily,corn poppy
1736,42,29,0,sword lily,sweet william
1737,42,6,0,sword lily,moon orchid
1738,42,47,0,sword lily,buttercup
1739,42,12,0,sword lily,king protea
1740,42,98,0,sword lily,bromelia
1741,42,59,0,sword lily,pink-yellow dahlia?
1742,42,43,0,sword lily,poinsettia
1743,42,21,0,sword lily,pincushion flower
1744,42,0,0,sword lily,pink primrose
1745,42,96,0,sword lily,mallow
1746,42,77,0,sword lily,lotus
1747,42,14,0,sword lily,yellow iris
1748,42,43,0,sword lily,poinsettia
1749,42,90,0,sword lily,hippeastrum
1750,42,44,0,sword lily,bolero deep blue
1751,42,39,0,sword lily,lenten rose
1752,42,96,0,sword lily,mallow
1753,42,71,0,sword lily,azalea
1754,42,12,0,sword lily,king protea
1755,42,25,0,sword lily,corn poppy
1756,42,83,0,sword lily,columbine
1757,42,44,0,sword lily,bolero deep blue
1758,42,80,0,sword lily,frangipani
1759,42,43,0,sword lily,poinsettia
1760,42,98,0,sword lily,bromelia
1761,42,25,0,sword lily,corn poppy
1762,42,98,0,sword lily,bromelia
1763,42,43,0,sword lily,poinsettia
1764,42,36,0,sword lily,cape flower
1765,42,29,0,sword lily,sweet william
1766,42,96,0,sword lily,mallow
1767,43,57,0,poinsettia,geranium
1768,43,55,0,poinsettia,bishop of llandaff
1769,43,95,0,poinsettia,camellia
1770,43,96,0,poinsettia,mallow
1771,43,5,0,poinsettia,tiger lily
1772,43,25,0,poinsettia,corn poppy
1773,43,94,0,poinsettia,bougainvillea
1774,43,6,0,poinsettia,moon orchid
1775,43,43,1,poinsettia,poinsettia
1776,43,42,0,poinsettia,sword lily
1777,43,29,0,poinsettia,sweet william
1778,43,43,1,poinsettia,poinsettia
1779,43,55,0,poinsettia,bishop of llandaff
1780,43,55,0,poinsettia,bishop of llandaff
1781,43,43,1,poinsettia,poinsettia
1782,43,29,0,poinsettia,sweet william
1783,43,29,0,poinsettia,sweet william
1784,43,92,0,poinsettia,ball moss
1785,43,17,0,poinsettia,peruvian lily
1786,43,96,0,poinsettia,mallow
1787,43,43,1,poinsettia,poinsettia
1788,43,43,1,poinsettia,poinsettia
1789,43,43,1,poinsettia,poinsettia
1790,43,55,0,poinsettia,bishop of llandaff
1791,43,42,0,poinsettia,sword lily
1792,43,59,0,poinsettia,pink-yellow dahlia?
1793,43,57,0,poinsettia,geranium
1794,43,29,0,poinsettia,sweet william
1795,43,71,0,poinsettia,azalea
1796,43,43,1,poinsettia,poinsettia
1797,43,43,1,poinsettia,poinsettia
1798,43,43,1,poinsettia,poinsettia
1799,43,29,0,poinsettia,sweet william
1800,43,43,1,poinsettia,poinsettia
1801,43,55,0,poinsettia,bishop of llandaff
1802,43,68,0,poinsettia,windflower
1803,43,90,0,poinsettia,hippeastrum
1804,43,25,0,poinsettia,corn poppy
1805,43,43,1,poinsettia,poinsettia
1806,43,43,1,poinsettia,poinsettia
1807,43,43,1,poinsettia,poinsettia
1808,43,43,1,poinsettia,poinsettia
1809,43,43,1,poinsettia,poinsettia
1810,43,43,1,poinsettia,poinsettia
1811,43,59,0,poinsettia,pink-yellow dahlia?
1812,43,29,0,poinsettia,sweet william
1813,43,43,1,poinsettia,poinsettia
1814,43,43,1,poinsettia,poinsettia
1815,43,55,0,poinsettia,bishop of llandaff
1816,43,43,1,poinsettia,poinsettia
1817,43,25,0,poinsettia,corn poppy
1818,43,55,0,poinsettia,bishop of llandaff
1819,43,43,1,poinsettia,poinsettia
1820,43,96,0,poinsettia,mallow
1821,43,42,0,poinsettia,sword lily
1822,43,43,1,poinsettia,poinsettia
1823,43,43,1,poinsettia,poinsettia
1824,43,68,0,poinsettia,windflower
1825,43,12,0,poinsettia,king protea
1826,43,43,1,poinsettia,poinsettia
1827,43,43,1,poinsettia,poinsettia
1828,43,1,0,poinsettia,hard-leaved pocket orchid
1829,43,43,1,poinsettia,poinsettia
1830,43,12,0,poinsettia,king protea
1831,43,43,1,poinsettia,poinsettia
1832,43,71,0,poinsettia,azalea
1833,43,43,1,poinsettia,poinsettia
1834,43,43,1,poinsettia,poinsettia
1835,43,59,0,poinsettia,pink-yellow dahlia?
1836,43,55,0,poinsettia,bishop of llandaff
1837,43,59,0,poinsettia,pink-yellow dahlia?
1838,43,59,0,poinsettia,pink-yellow dahlia?
1839,43,43,1,poinsettia,poinsettia
1840,44,21,0,bolero deep blue,pincushion flower
1841,44,24,0,bolero deep blue,grape hyacinth
1842,44,21,0,bolero deep blue,pincushion flower
1843,44,34,0,bolero deep blue,alpine sea holly
1844,44,21,0,bolero deep blue,pincushion flower
1845,44,18,0,bolero deep blue,balloon flower
1846,44,2,0,bolero deep blue,canterbury bells
1847,44,24,0,bolero deep blue,grape hyacinth
1848,44,18,0,bolero deep blue,balloon flower
1849,44,18,0,bolero deep blue,balloon flower
1850,44,24,0,bolero deep blue,grape hyacinth
1851,44,51,0,bolero deep blue,wild pansy
1852,44,8,0,bolero deep blue,monkshood
1853,44,44,1,bolero deep blue,bolero deep blue
1854,44,17,0,bolero deep blue,peruvian lily
1855,44,66,0,bolero deep blue,spring crocus
1856,44,29,0,bolero deep blue,sweet william
1857,44,71,0,bolero deep blue,azalea
1858,44,12,0,bolero deep blue,king protea
1859,44,51,0,bolero deep blue,wild pansy
1860,45,62,0,wallflower,black-eyed susan
1861,45,62,0,wallflower,black-eyed susan
1862,45,46,0,wallflower,marigold
1863,45,14,0,wallflower,yellow iris
1864,45,64,0,wallflower,californian poppy
1865,45,64,0,wallflower,californian poppy
1866,45,64,0,wallflower,californian poppy
1867,45,25,0,wallflower,corn poppy
1868,45,25,0,wallflower,corn poppy
1869,45,45,1,wallflower,wallflower
1870,45,45,1,wallflower,wallflower
1871,45,45,1,wallflower,wallflower
1872,45,64,0,wallflower,californian poppy
1873,45,64,0,wallflower,californian poppy
1874,45,64,0,wallflower,californian poppy
1875,45,14,0,wallflower,yellow iris
1876,45,45,1,wallflower,wallflower
1877,45,45,1,wallflower,wallflower
1878,45,45,1,wallflower,wallflower
1879,45,62,0,wallflower,black-eyed susan
1880,45,62,0,wallflower,black-eyed susan
1881,45,64,0,wallflower,californian poppy
1882,45,64,0,wallflower,californian poppy
1883,45,4,0,wallflower,english marigold
1884,45,4,0,wallflower,english marigold
1885,45,25,0,wallflower,corn poppy
1886,45,4,0,wallflower,english marigold
1887,45,46,0,wallflower,marigold
1888,45,25,0,wallflower,corn poppy
1889,45,25,0,wallflower,corn poppy
1890,45,45,1,wallflower,wallflower
1891,45,62,0,wallflower,black-eyed susan
1892,45,62,0,wallflower,black-eyed susan
1893,45,4,0,wallflower,english marigold
1894,45,45,1,wallflower,wallflower
1895,45,45,1,wallflower,wallflower
1896,45,25,0,wallflower,corn poppy
1897,45,45,1,wallflower,wallflower
1898,45,45,1,wallflower,wallflower
1899,45,4,0,wallflower,english marigold
1900,45,26,0,wallflower,prince of wales feathers
1901,45,26,0,wallflower,prince of wales feathers
1902,45,62,0,wallflower,black-eyed susan
1903,45,45,1,wallflower,wallflower
1904,45,64,0,wallflower,californian poppy
1905,45,62,0,wallflower,black-eyed susan
1906,45,45,1,wallflower,wallflower
1907,45,62,0,wallflower,black-eyed susan
1908,45,62,0,wallflower,black-eyed susan
1909,45,4,0,wallflower,english marigold
1910,45,64,0,wallflower,californian poppy
1911,45,4,0,wallflower,english marigold
1912,45,45,1,wallflower,wallflower
1913,45,45,1,wallflower,wallflower
1914,45,64,0,wallflower,californian poppy
1915,45,45,1,wallflower,wallflower
1916,45,62,0,wallflower,black-eyed susan
1917,45,45,1,wallflower,wallflower
1918,45,64,0,wallflower,californian poppy
1919,45,62,0,wallflower,black-eyed susan
1920,45,25,0,wallflower,corn poppy
1921,45,25,0,wallflower,corn poppy
1922,45,45,1,wallflower,wallflower
1923,45,45,1,wallflower,wallflower
1924,45,25,0,wallflower,corn poppy
1925,45,55,0,wallflower,bishop of llandaff
1926,45,45,1,wallflower,wallflower
1927,45,4,0,wallflower,english marigold
1928,45,62,0,wallflower,black-eyed susan
1929,45,45,1,wallflower,wallflower
1930,45,45,1,wallflower,wallflower
1931,45,64,0,wallflower,californian poppy
1932,45,45,1,wallflower,wallflower
1933,45,45,1,wallflower,wallflower
1934,45,4,0,wallflower,english marigold
1935,45,45,1,wallflower,wallflower
1936,45,45,1,wallflower,wallflower
1937,45,25,0,wallflower,corn poppy
1938,45,25,0,wallflower,corn poppy
1939,45,62,0,wallflower,black-eyed susan
1940,45,4,0,wallflower,english marigold
1941,45,45,1,wallflower,wallflower
1942,45,25,0,wallflower,corn poppy
1943,45,25,0,wallflower,corn poppy
1944,45,45,1,wallflower,wallflower
1945,45,45,1,wallflower,wallflower
1946,45,45,1,wallflower,wallflower
1947,45,25,0,wallflower,corn poppy
1948,45,62,0,wallflower,black-eyed susan
1949,45,55,0,wallflower,bishop of llandaff
1950,45,62,0,wallflower,black-eyed susan
1951,45,46,0,wallflower,marigold
1952,45,7,0,wallflower,bird of paradise
1953,45,4,0,wallflower,english marigold
1954,45,45,1,wallflower,wallflower
1955,45,88,0,wallflower,watercress
1956,45,14,0,wallflower,yellow iris
1957,45,45,1,wallflower,wallflower
1958,45,25,0,wallflower,corn poppy
1959,45,25,0,wallflower,corn poppy
1960,45,45,1,wallflower,wallflower
1961,45,45,1,wallflower,wallflower
1962,45,45,1,wallflower,wallflower
1963,45,62,0,wallflower,black-eyed susan
1964,45,45,1,wallflower,wallflower
1965,45,25,0,wallflower,corn poppy
1966,45,45,1,wallflower,wallflower
1967,45,25,0,wallflower,corn poppy
1968,45,45,1,wallflower,wallflower
1969,45,4,0,wallflower,english marigold
1970,45,4,0,wallflower,english marigold
1971,45,4,0,wallflower,english marigold
1972,45,45,1,wallflower,wallflower
1973,45,45,1,wallflower,wallflower
1974,45,45,1,wallflower,wallflower
1975,45,62,0,wallflower,black-eyed susan
1976,45,25,0,wallflower,corn poppy
1977,45,45,1,wallflower,wallflower
1978,45,45,1,wallflower,wallflower
1979,45,4,0,wallflower,english marigold
1980,45,45,1,wallflower,wallflower
1981,45,4,0,wallflower,english marigold
1982,45,45,1,wallflower,wallflower
1983,45,45,1,wallflower,wallflower
1984,45,4,0,wallflower,english marigold
1985,45,4,0,wallflower,english marigold
1986,45,88,0,wallflower,watercress
1987,45,4,0,wallflower,english marigold
1988,45,45,1,wallflower,wallflower
1989,45,88,0,wallflower,watercress
1990,45,4,0,wallflower,english marigold
1991,45,96,0,wallflower,mallow
1992,45,45,1,wallflower,wallflower
1993,45,45,1,wallflower,wallflower
1994,45,64,0,wallflower,californian poppy
1995,45,64,0,wallflower,californian poppy
1996,45,62,0,wallflower,black-eyed susan
1997,45,88,0,wallflower,watercress
1998,45,45,1,wallflower,wallflower
1999,45,45,1,wallflower,wallflower
2000,45,25,0,wallflower,corn poppy
2001,45,25,0,wallflower,corn poppy
2002,45,45,1,wallflower,wallflower
2003,45,14,0,wallflower,yellow iris
2004,45,45,1,wallflower,wallflower
2005,45,4,0,wallflower,english marigold
2006,45,4,0,wallflower,english marigold
2007,45,45,1,wallflower,wallflower
2008,45,45,1,wallflower,wallflower
2009,45,4,0,wallflower,english marigold
2010,45,4,0,wallflower,english marigold
2011,45,4,0,wallflower,english marigold
2012,45,4,0,wallflower,english marigold
2013,45,14,0,wallflower,yellow iris
2014,45,96,0,wallflower,mallow
2015,45,25,0,wallflower,corn poppy
2016,45,45,1,wallflower,wallflower
2017,45,88,0,wallflower,watercress
2018,45,45,1,wallflower,wallflower
2019,45,45,1,wallflower,wallflower
2020,45,45,1,wallflower,wallflower
2021,45,25,0,wallflower,corn poppy
2022,45,62,0,wallflower,black-eyed susan
2023,45,4,0,wallflower,english marigold
2024,45,45,1,wallflower,wallflower
2025,45,45,1,wallflower,wallflower
2026,45,4,0,wallflower,english marigold
2027,45,4,0,wallflower,english marigold
2028,45,4,0,wallflower,english marigold
2029,45,45,1,wallflower,wallflower
2030,45,26,0,wallflower,prince of wales feathers
2031,45,45,1,wallflower,wallflower
2032,45,26,0,wallflower,prince of wales feathers
2033,45,4,0,wallflower,english marigold
2034,45,64,0,wallflower,californian poppy
2035,45,12,0,wallflower,king protea
2036,46,47,0,marigold,buttercup
2037,46,4,0,marigold,english marigold
2038,46,46,1,marigold,marigold
2039,46,47,0,marigold,buttercup
2040,46,4,0,marigold,english marigold
2041,46,47,0,marigold,buttercup
2042,46,46,1,marigold,marigold
2043,46,47,0,marigold,buttercup
2044,46,62,0,marigold,black-eyed susan
2045,46,47,0,marigold,buttercup
2046,46,4,0,marigold,english marigold
2047,46,47,0,marigold,buttercup
2048,46,4,0,marigold,english marigold
2049,46,47,0,marigold,buttercup
2050,46,46,1,marigold,marigold
2051,46,47,0,marigold,buttercup
2052,46,4,0,marigold,english marigold
2053,46,11,0,marigold,colt's foot
2054,46,47,0,marigold,buttercup
2055,46,4,0,marigold,english marigold
2056,46,47,0,marigold,buttercup
2057,46,47,0,marigold,buttercup
2058,46,46,1,marigold,marigold
2059,46,47,0,marigold,buttercup
2060,46,4,0,marigold,english marigold
2061,46,46,1,marigold,marigold
2062,46,15,0,marigold,globe-flower
2063,46,64,0,marigold,californian poppy
2064,46,46,1,marigold,marigold
2065,46,4,0,marigold,english marigold
2066,46,14,0,marigold,yellow iris
2067,46,88,0,marigold,watercress
2068,46,14,0,marigold,yellow iris
2069,46,88,0,marigold,watercress
2070,46,47,0,marigold,buttercup
2071,46,46,1,marigold,marigold
2072,46,11,0,marigold,colt's foot
2073,46,11,0,marigold,colt's foot
2074,46,64,0,marigold,californian poppy
2075,46,11,0,marigold,colt's foot
2076,46,47,0,marigold,buttercup
2077,46,47,0,marigold,buttercup
2078,46,47,0,marigold,buttercup
2079,46,47,0,marigold,buttercup
2080,46,46,1,marigold,marigold
2081,46,62,0,marigold,black-eyed susan
2082,46,46,1,marigold,marigold
2083,47,47,1,buttercup,buttercup
2084,47,47,1,buttercup,buttercup
2085,47,14,0,buttercup,yellow iris
2086,47,14,0,buttercup,yellow iris
2087,47,64,0,buttercup,californian poppy
2088,47,47,1,buttercup,buttercup
2089,47,47,1,buttercup,buttercup
2090,47,47,1,buttercup,buttercup
2091,47,54,0,buttercup,pelargonium
2092,47,54,0,buttercup,pelargonium
2093,47,47,1,buttercup,buttercup
2094,47,47,1,buttercup,buttercup
2095,47,47,1,buttercup,buttercup
2096,47,47,1,buttercup,buttercup
2097,47,54,0,buttercup,pelargonium
2098,47,47,1,buttercup,buttercup
2099,47,47,1,buttercup,buttercup
2100,47,47,1,buttercup,buttercup
2101,47,11,0,buttercup,colt's foot
2102,47,47,1,buttercup,buttercup
2103,47,47,1,buttercup,buttercup
2104,47,47,1,buttercup,buttercup
2105,47,47,1,buttercup,buttercup
2106,47,14,0,buttercup,yellow iris
2107,47,11,0,buttercup,colt's foot
2108,47,47,1,buttercup,buttercup
2109,47,47,1,buttercup,buttercup
2110,47,47,1,buttercup,buttercup
2111,47,47,1,buttercup,buttercup
2112,47,14,0,buttercup,yellow iris
2113,47,47,1,buttercup,buttercup
2114,47,47,1,buttercup,buttercup
2115,47,11,0,buttercup,colt's foot
2116,47,23,0,buttercup,red ginger
2117,47,47,1,buttercup,buttercup
2118,47,11,0,buttercup,colt's foot
2119,47,96,0,buttercup,mallow
2120,47,4,0,buttercup,english marigold
2121,47,14,0,buttercup,yellow iris
2122,47,62,0,buttercup,black-eyed susan
2123,47,47,1,buttercup,buttercup
2124,47,47,1,buttercup,buttercup
2125,47,11,0,buttercup,colt's foot
2126,47,14,0,buttercup,yellow iris
2127,47,47,1,buttercup,buttercup
2128,47,47,1,buttercup,buttercup
2129,47,54,0,buttercup,pelargonium
2130,47,64,0,buttercup,californian poppy
2131,47,23,0,buttercup,red ginger
2132,47,23,0,buttercup,red ginger
2133,47,14,0,buttercup,yellow iris
2134,48,74,0,oxeye daisy,thorn apple
2135,48,21,0,oxeye daisy,pincushion flower
2136,48,48,1,oxeye daisy,oxeye daisy
2137,48,66,0,oxeye daisy,spring crocus
2138,48,68,0,oxeye daisy,windflower
2139,48,56,0,oxeye daisy,gaura
2140,48,21,0,oxeye daisy,pincushion flower
2141,48,34,0,oxeye daisy,alpine sea holly
2142,48,68,0,oxeye daisy,windflower
2143,48,6,0,oxeye daisy,moon orchid
2144,48,83,0,oxeye daisy,columbine
2145,48,21,0,oxeye daisy,pincushion flower
2146,48,6,0,oxeye daisy,moon orchid
2147,48,9,0,oxeye daisy,globe thistle
2148,48,74,0,oxeye daisy,thorn apple
2149,48,68,0,oxeye daisy,windflower
2150,48,74,0,oxeye daisy,thorn apple
2151,48,68,0,oxeye daisy,windflower
2152,48,21,0,oxeye daisy,pincushion flower
2153,48,21,0,oxeye daisy,pincushion flower
2154,48,21,0,oxeye daisy,pincushion flower
2155,48,21,0,oxeye daisy,pincushion flower
2156,48,32,0,oxeye daisy,love in the mist
2157,48,56,0,oxeye daisy,gaura
2158,48,29,0,oxeye daisy,sweet william
2159,48,1,0,oxeye daisy,hard-leaved pocket orchid
2160,48,48,1,oxeye daisy,oxeye daisy
2161,48,21,0,oxeye daisy,pincushion flower
2162,48,68,0,oxeye daisy,windflower
2163,49,47,0,common dandelion,buttercup
2164,49,49,1,common dandelion,common dandelion
2165,49,11,0,common dandelion,colt's foot
2166,49,14,0,common dandelion,yellow iris
2167,49,46,0,common dandelion,marigold
2168,49,11,0,common dandelion,colt's foot
2169,49,47,0,common dandelion,buttercup
2170,49,47,0,common dandelion,buttercup
2171,49,47,0,common dandelion,buttercup
2172,49,47,0,common dandelion,buttercup
2173,49,11,0,common dandelion,colt's foot
2174,49,4,0,common dandelion,english marigold
2175,49,47,0,common dandelion,buttercup
2176,49,14,0,common dandelion,yellow iris
2177,49,11,0,common dandelion,colt's foot
2178,49,11,0,common dandelion,colt's foot
2179,49,14,0,common dandelion,yellow iris
2180,49,11,0,common dandelion,colt's foot
2181,49,11,0,common dandelion,colt's foot
2182,49,11,0,common dandelion,colt's foot
2183,49,11,0,common dandelion,colt's foot
2184,49,11,0,common dandelion,colt's foot
2185,49,11,0,common dandelion,colt's foot
2186,49,47,0,common dandelion,buttercup
2187,49,47,0,common dandelion,buttercup
2188,49,11,0,common dandelion,colt's foot
2189,49,47,0,common dandelion,buttercup
2190,49,46,0,common dandelion,marigold
2191,49,11,0,common dandelion,colt's foot
2192,49,47,0,common dandelion,buttercup
2193,49,46,0,common dandelion,marigold
2194,49,47,0,common dandelion,buttercup
2195,49,47,0,common dandelion,buttercup
2196,49,47,0,common dandelion,buttercup
2197,49,47,0,common dandelion,buttercup
2198,49,11,0,common dandelion,colt's foot
2199,49,64,0,common dandelion,californian poppy
2200,49,46,0,common dandelion,marigold
2201,49,47,0,common dandelion,buttercup
2202,49,47,0,common dandelion,buttercup
2203,49,47,0,common dandelion,buttercup
2204,49,14,0,common dandelion,yellow iris
2205,49,70,0,common dandelion,gazania
2206,49,70,0,common dandelion,gazania
2207,49,47,0,common dandelion,buttercup
2208,49,64,0,common dandelion,californian poppy
2209,49,49,1,common dandelion,common dandelion
2210,49,64,0,common dandelion,californian poppy
2211,49,64,0,common dandelion,californian poppy
2212,49,14,0,common dandelion,yellow iris
2213,49,64,0,common dandelion,californian poppy
2214,49,64,0,common dandelion,californian poppy
2215,49,47,0,common dandelion,buttercup
2216,49,64,0,common dandelion,californian poppy
2217,49,47,0,common dandelion,buttercup
2218,49,49,1,common dandelion,common dandelion
2219,49,47,0,common dandelion,buttercup
2220,49,64,0,common dandelion,californian poppy
2221,49,14,0,common dandelion,yellow iris
2222,49,14,0,common dandelion,yellow iris
2223,49,14,0,common dandelion,yellow iris
2224,49,14,0,common dandelion,yellow iris
2225,49,14,0,common dandelion,yellow iris
2226,49,64,0,common dandelion,californian poppy
2227,49,47,0,common dandelion,buttercup
2228,49,11,0,common dandelion,colt's foot
2229,49,14,0,common dandelion,yellow iris
2230,49,14,0,common dandelion,yellow iris
2231,49,46,0,common dandelion,marigold
2232,49,11,0,common dandelion,colt's foot
2233,49,11,0,common dandelion,colt's foot
2234,49,11,0,common dandelion,colt's foot
2235,50,63,0,petunia,silverbush
2236,50,63,0,petunia,silverbush
2237,50,68,0,petunia,windflower
2238,50,63,0,petunia,silverbush
2239,50,68,0,petunia,windflower
2240,50,6,0,petunia,moon orchid
2241,50,63,0,petunia,silverbush
2242,50,63,0,petunia,silverbush
2243,50,50,1,petunia,petunia
2244,50,65,0,petunia,osteospermum
2245,50,56,0,petunia,gaura
2246,50,43,0,petunia,poinsettia
2247,50,63,0,petunia,silverbush
2248,50,29,0,petunia,sweet william
2249,50,65,0,petunia,osteospermum
2250,50,44,0,petunia,bolero deep blue
2251,50,29,0,petunia,sweet william
2252,50,73,0,petunia,rose
2253,50,44,0,petunia,bolero deep blue
2254,50,57,0,petunia,geranium
2255,50,63,0,petunia,silverbush
2256,50,68,0,petunia,windflower
2257,50,65,0,petunia,osteospermum
2258,50,57,0,petunia,geranium
2259,50,29,0,petunia,sweet william
2260,50,6,0,petunia,moon orchid
2261,50,2,0,petunia,canterbury bells
2262,50,63,0,petunia,silverbush
2263,50,50,1,petunia,petunia
2264,50,25,0,petunia,corn poppy
2265,50,68,0,petunia,windflower
2266,50,68,0,petunia,windflower
2267,50,50,1,petunia,petunia
2268,50,63,0,petunia,silverbush
2269,50,63,0,petunia,silverbush
2270,50,50,1,petunia,petunia
2271,50,44,0,petunia,bolero deep blue
2272,50,68,0,petunia,windflower
2273,50,71,0,petunia,azalea
2274,50,92,0,petunia,ball moss
2275,50,68,0,petunia,windflower
2276,50,63,0,petunia,silverbush
2277,50,63,0,petunia,silverbush
2278,50,24,0,petunia,grape hyacinth
2279,50,50,1,petunia,petunia
2280,50,63,0,petunia,silverbush
2281,50,6,0,petunia,moon orchid
2282,50,63,0,petunia,silverbush
2283,50,50,1,petunia,petunia
2284,50,23,0,petunia,red ginger
2285,50,92,0,petunia,ball moss
2286,50,63,0,petunia,silverbush
2287,50,25,0,petunia,corn poppy
2288,50,55,0,petunia,bishop of llandaff
2289,50,63,0,petunia,silverbush
2290,50,55,0,petunia,bishop of llandaff
2291,50,63,0,petunia,silverbush
2292,50,44,0,petunia,bolero deep blue
2293,50,50,1,petunia,petunia
2294,50,63,0,petunia,silverbush
2295,50,2,0,petunia,canterbury bells
2296,50,81,0,petunia,clematis
2297,50,25,0,petunia,corn poppy
2298,50,65,0,petunia,osteospermum
2299,50,29,0,petunia,sweet william
2300,50,68,0,petunia,windflower
2301,50,64,0,petunia,californian poppy
2302,50,2,0,petunia,canterbury bells
2303,50,68,0,petunia,windflower
2304,50,31,0,petunia,garden phlox
2305,50,6,0,petunia,moon orchid
2306,50,63,0,petunia,silverbush
2307,50,65,0,petunia,osteospermum
2308,50,71,0,petunia,azalea
2309,50,54,0,petunia,pelargonium
2310,50,57,0,petunia,geranium
2311,50,50,1,petunia,petunia
2312,50,68,0,petunia,windflower
2313,50,65,0,petunia,osteospermum
2314,50,2,0,petunia,canterbury bells
2315,50,16,0,petunia,purple coneflower
2316,50,29,0,petunia,sweet william
2317,50,63,0,petunia,silverbush
2318,50,78,0,petunia,toad lily
2319,50,66,0,petunia,spring crocus
2320,50,50,1,petunia,petunia
2321,50,55,0,petunia,bishop of llandaff
2322,50,6,0,petunia,moon orchid
2323,50,18,0,petunia,balloon flower
2324,50,50,1,petunia,petunia
2325,50,9,0,petunia,globe thistle
2326,50,57,0,petunia,geranium
2327,50,29,0,petunia,sweet william
2328,50,63,0,petunia,silverbush
2329,50,63,0,petunia,silverbush
2330,50,97,0,petunia,mexican petunia
2331,50,63,0,petunia,silverbush
2332,50,63,0,petunia,silverbush
2333,50,63,0,petunia,silverbush
2334,50,68,0,petunia,windflower
2335,50,65,0,petunia,osteospermum
2336,50,63,0,petunia,silverbush
2337,50,68,0,petunia,windflower
2338,50,63,0,petunia,silverbush
2339,50,90,0,petunia,hippeastrum
2340,50,43,0,petunia,poinsettia
2341,50,65,0,petunia,osteospermum
2342,50,68,0,petunia,windflower
2343,50,23,0,petunia,red ginger
2344,50,68,0,petunia,windflower
2345,50,63,0,petunia,silverbush
2346,50,92,0,petunia,ball moss
2347,50,92,0,petunia,ball moss
2348,50,50,1,petunia,petunia
2349,50,23,0,petunia,red ginger
2350,50,50,1,petunia,petunia
2351,50,97,0,petunia,mexican petunia
2352,50,55,0,petunia,bishop of llandaff
2353,50,63,0,petunia,silverbush
2354,50,55,0,petunia,bishop of llandaff
2355,50,70,0,petunia,gazania
2356,50,25,0,petunia,corn poppy
2357,50,71,0,petunia,azalea
2358,50,29,0,petunia,sweet william
2359,50,63,0,petunia,silverbush
2360,50,50,1,petunia,petunia
2361,50,63,0,petunia,silverbush
2362,50,29,0,petunia,sweet william
2363,50,63,0,petunia,silverbush
2364,50,50,1,petunia,petunia
2365,50,68,0,petunia,windflower
2366,50,63,0,petunia,silverbush
2367,50,65,0,petunia,osteospermum
2368,50,65,0,petunia,osteospermum
2369,50,63,0,petunia,silverbush
2370,50,6,0,petunia,moon orchid
2371,50,68,0,petunia,windflower
2372,50,50,1,petunia,petunia
2373,50,63,0,petunia,silverbush
2374,50,65,0,petunia,osteospermum
2375,50,43,0,petunia,poinsettia
2376,50,92,0,petunia,ball moss
2377,50,0,0,petunia,pink primrose
2378,50,63,0,petunia,silverbush
2379,50,63,0,petunia,silverbush
2380,50,63,0,petunia,silverbush
2381,50,43,0,petunia,poinsettia
2382,50,63,0,petunia,silverbush
2383,50,50,1,petunia,petunia
2384,50,50,1,petunia,petunia
2385,50,65,0,petunia,osteospermum
2386,50,37,0,petunia,great masterwort
2387,50,17,0,petunia,peruvian lily
2388,50,28,0,petunia,artichoke
2389,50,43,0,petunia,poinsettia
2390,50,65,0,petunia,osteospermum
2391,50,68,0,petunia,windflower
2392,50,24,0,petunia,grape hyacinth
2393,50,55,0,petunia,bishop of llandaff
2394,50,63,0,petunia,silverbush
2395,50,50,1,petunia,petunia
2396,50,29,0,petunia,sweet william
2397,50,55,0,petunia,bishop of llandaff
2398,50,63,0,petunia,silverbush
2399,50,50,1,petunia,petunia
2400,50,8,0,petunia,monkshood
2401,50,63,0,petunia,silverbush
2402,50,29,0,petunia,sweet william
2403,50,26,0,petunia,prince of wales feathers
2404,50,17,0,petunia,peruvian lily
2405,50,21,0,petunia,pincushion flower
2406,50,50,1,petunia,petunia
2407,50,55,0,petunia,bishop of llandaff
2408,50,55,0,petunia,bishop of llandaff
2409,50,63,0,petunia,silverbush
2410,50,63,0,petunia,silverbush
2411,50,63,0,petunia,silverbush
2412,50,79,0,petunia,anthurium
2413,50,63,0,petunia,silverbush
2414,50,21,0,petunia,pincushion flower
2415,50,1,0,petunia,hard-leaved pocket orchid
2416,50,51,0,petunia,wild pansy
2417,50,50,1,petunia,petunia
2418,50,63,0,petunia,silverbush
2419,50,68,0,petunia,windflower
2420,50,94,0,petunia,bougainvillea
2421,50,68,0,petunia,windflower
2422,50,63,0,petunia,silverbush
2423,50,64,0,petunia,californian poppy
2424,50,63,0,petunia,silverbush
2425,50,92,0,petunia,ball moss
2426,50,50,1,petunia,petunia
2427,50,44,0,petunia,bolero deep blue
2428,50,55,0,petunia,bishop of llandaff
2429,50,6,0,petunia,moon orchid
2430,50,43,0,petunia,poinsettia
2431,50,97,0,petunia,mexican petunia
2432,50,81,0,petunia,clematis
2433,50,71,0,petunia,azalea
2434,50,20,0,petunia,fire lily
2435,50,65,0,petunia,osteospermum
2436,50,55,0,petunia,bishop of llandaff
2437,50,25,0,petunia,corn poppy
2438,50,50,1,petunia,petunia
2439,50,63,0,petunia,silverbush
2440,50,6,0,petunia,moon orchid
2441,50,23,0,petunia,red ginger
2442,50,74,0,petunia,thorn apple
2443,50,2,0,petunia,canterbury bells
2444,50,65,0,petunia,osteospermum
2445,50,6,0,petunia,moon orchid
2446,50,83,0,petunia,columbine
2447,50,94,0,petunia,bougainvillea
2448,50,71,0,petunia,azalea
2449,50,63,0,petunia,silverbush
2450,50,63,0,petunia,silverbush
2451,50,97,0,petunia,mexican petunia
2452,50,29,0,petunia,sweet william
2453,50,63,0,petunia,silverbush
2454,50,63,0,petunia,silverbush
2455,50,2,0,petunia,canterbury bells
2456,50,92,0,petunia,ball moss
2457,50,0,0,petunia,pink primrose
2458,50,23,0,petunia,red ginger
2459,50,71,0,petunia,azalea
2460,50,65,0,petunia,osteospermum
2461,50,68,0,petunia,windflower
2462,50,63,0,petunia,silverbush
2463,50,92,0,petunia,ball moss
2464,50,2,0,petunia,canterbury bells
2465,50,50,1,petunia,petunia
2466,50,29,0,petunia,sweet william
2467,50,50,1,petunia,petunia
2468,50,57,0,petunia,geranium
2469,50,71,0,petunia,azalea
2470,50,63,0,petunia,silverbush
2471,50,50,1,petunia,petunia
2472,50,44,0,petunia,bolero deep blue
2473,51,51,1,wild pansy,wild pansy
2474,51,51,1,wild pansy,wild pansy
2475,51,74,0,wild pansy,thorn apple
2476,51,74,0,wild pansy,thorn apple
2477,51,18,0,wild pansy,balloon flower
2478,51,50,0,wild pansy,petunia
2479,51,50,0,wild pansy,petunia
2480,51,44,0,wild pansy,bolero deep blue
2481,51,51,1,wild pansy,wild pansy
2482,51,44,0,wild pansy,bolero deep blue
2483,51,50,0,wild pansy,petunia
2484,51,50,0,wild pansy,petunia
2485,51,68,0,wild pansy,windflower
2486,51,50,0,wild pansy,petunia
2487,51,50,0,wild pansy,petunia
2488,51,50,0,wild pansy,petunia
2489,51,51,1,wild pansy,wild pansy
2490,51,63,0,wild pansy,silverbush
2491,51,63,0,wild pansy,silverbush
2492,51,74,0,wild pansy,thorn apple
2493,51,50,0,wild pansy,petunia
2494,51,50,0,wild pansy,petunia
2495,51,63,0,wild pansy,silverbush
2496,51,18,0,wild pansy,balloon flower
2497,51,68,0,wild pansy,windflower
2498,51,18,0,wild pansy,balloon flower
2499,51,47,0,wild pansy,buttercup
2500,51,41,0,wild pansy,daffodil
2501,51,18,0,wild pansy,balloon flower
2502,51,11,0,wild pansy,colt's foot
2503,51,44,0,wild pansy,bolero deep blue
2504,51,47,0,wild pansy,buttercup
2505,51,18,0,wild pansy,balloon flower
2506,51,51,1,wild pansy,wild pansy
2507,51,51,1,wild pansy,wild pansy
2508,51,51,1,wild pansy,wild pansy
2509,51,18,0,wild pansy,balloon flower
2510,51,51,1,wild pansy,wild pansy
2511,51,51,1,wild pansy,wild pansy
2512,51,64,0,wild pansy,californian poppy
2513,51,18,0,wild pansy,balloon flower
2514,51,51,1,wild pansy,wild pansy
2515,51,24,0,wild pansy,grape hyacinth
2516,51,18,0,wild pansy,balloon flower
2517,51,21,0,wild pansy,pincushion flower
2518,51,51,1,wild pansy,wild pansy
2519,51,6,0,wild pansy,moon orchid
2520,51,18,0,wild pansy,balloon flower
2521,51,51,1,wild pansy,wild pansy
2522,51,44,0,wild pansy,bolero deep blue
2523,51,47,0,wild pansy,buttercup
2524,51,97,0,wild pansy,mexican petunia
2525,51,67,0,wild pansy,bearded iris
2526,51,44,0,wild pansy,bolero deep blue
2527,51,92,0,wild pansy,ball moss
2528,51,50,0,wild pansy,petunia
2529,51,52,0,wild pansy,primula
2530,51,24,0,wild pansy,grape hyacinth
2531,51,19,0,wild pansy,giant white arum lily
2532,51,50,0,wild pansy,petunia
2533,51,80,0,wild pansy,frangipani
2534,51,2,0,wild pansy,canterbury bells
2535,51,80,0,wild pansy,frangipani
2536,51,63,0,wild pansy,silverbush
2537,51,50,0,wild pansy,petunia
2538,52,62,0,primula,black-eyed susan
2539,52,4,0,primula,english marigold
2540,52,4,0,primula,english marigold
2541,52,25,0,primula,corn poppy
2542,52,52,1,primula,primula
2543,52,25,0,primula,corn poppy
2544,52,50,0,primula,petunia
2545,52,4,0,primula,english marigold
2546,52,4,0,primula,english marigold
2547,52,45,0,primula,wallflower
2548,52,55,0,primula,bishop of llandaff
2549,52,55,0,primula,bishop of llandaff
2550,52,52,1,primula,primula
2551,52,4,0,primula,english marigold
2552,52,43,0,primula,poinsettia
2553,52,4,0,primula,english marigold
2554,52,4,0,primula,english marigold
2555,52,14,0,primula,yellow iris
2556,52,77,0,primula,lotus
2557,52,55,0,primula,bishop of llandaff
2558,52,43,0,primula,poinsettia
2559,52,47,0,primula,buttercup
2560,52,91,0,primula,bee balm
2561,52,47,0,primula,buttercup
2562,52,68,0,primula,windflower
2563,52,46,0,primula,marigold
2564,52,47,0,primula,buttercup
2565,52,80,0,primula,frangipani
2566,52,47,0,primula,buttercup
2567,52,4,0,primula,english marigold
2568,52,25,0,primula,corn poppy
2569,52,4,0,primula,english marigold
2570,52,90,0,primula,hippeastrum
2571,52,71,0,primula,azalea
2572,52,75,0,primula,morning glory
2573,52,6,0,primula,moon orchid
2574,52,92,0,primula,ball moss
2575,52,2,0,primula,canterbury bells
2576,52,0,0,primula,pink primrose
2577,52,43,0,primula,poinsettia
2578,52,46,0,primula,marigold
2579,52,80,0,primula,frangipani
2580,52,66,0,primula,spring crocus
2581,52,60,0,primula,cautleya spicata
2582,52,25,0,primula,corn poppy
2583,52,47,0,primula,buttercup
2584,52,51,0,primula,wild pansy
2585,52,4,0,primula,english marigold
2586,52,65,0,primula,osteospermum
2587,52,70,0,primula,gazania
2588,52,23,0,primula,red ginger
2589,52,25,0,primula,corn poppy
2590,52,40,0,primula,barbeton daisy
2591,52,14,0,primula,yellow iris
2592,52,4,0,primula,english marigold
2593,52,43,0,primula,poinsettia
2594,52,68,0,primula,windflower
2595,52,80,0,primula,frangipani
2596,52,68,0,primula,windflower
2597,52,62,0,primula,black-eyed susan
2598,52,24,0,primula,grape hyacinth
2599,52,6,0,primula,moon orchid
2600,52,6,0,primula,moon orchid
2601,52,8,0,primula,monkshood
2602,52,47,0,primula,buttercup
2603,52,2,0,primula,canterbury bells
2604,52,68,0,primula,windflower
2605,52,52,1,primula,primula
2606,52,6,0,primula,moon orchid
2607,52,43,0,primula,poinsettia
2608,52,6,0,primula,moon orchid
2609,52,11,0,primula,colt's foot
2610,52,24,0,primula,grape hyacinth
2611,53,11,0,sunflower,colt's foot
2612,53,47,0,sunflower,buttercup
2613,53,47,0,sunflower,buttercup
2614,53,14,0,sunflower,yellow iris
2615,53,14,0,sunflower,yellow iris
2616,53,11,0,sunflower,colt's foot
2617,53,53,1,sunflower,sunflower
2618,53,53,1,sunflower,sunflower
2619,53,53,1,sunflower,sunflower
2620,53,53,1,sunflower,sunflower
2621,53,62,0,sunflower,black-eyed susan
2622,53,47,0,sunflower,buttercup
2623,53,5,0,sunflower,tiger lily
2624,53,53,1,sunflower,sunflower
2625,53,11,0,sunflower,colt's foot
2626,53,53,1,sunflower,sunflower
2627,53,4,0,sunflower,english marigold
2628,53,62,0,sunflower,black-eyed susan
2629,53,11,0,sunflower,colt's foot
2630,53,47,0,sunflower,buttercup
2631,53,11,0,sunflower,colt's foot
2632,53,53,1,sunflower,sunflower
2633,53,53,1,sunflower,sunflower
2634,53,4,0,sunflower,english marigold
2635,53,88,0,sunflower,watercress
2636,53,53,1,sunflower,sunflower
2637,53,53,1,sunflower,sunflower
2638,53,47,0,sunflower,buttercup
2639,53,53,1,sunflower,sunflower
2640,53,89,0,sunflower,canna lily
2641,53,4,0,sunflower,english marigold
2642,53,53,1,sunflower,sunflower
2643,53,14,0,sunflower,yellow iris
2644,53,53,1,sunflower,sunflower
2645,53,47,0,sunflower,buttercup
2646,53,11,0,sunflower,colt's foot
2647,53,47,0,sunflower,buttercup
2648,53,53,1,sunflower,sunflower
2649,53,53,1,sunflower,sunflower
2650,53,53,1,sunflower,sunflower
2651,53,53,1,sunflower,sunflower
2652,54,65,0,pelargonium,osteospermum
2653,54,54,1,pelargonium,pelargonium
2654,54,13,0,pelargonium,spear thistle
2655,54,32,0,pelargonium,love in the mist
2656,54,54,1,pelargonium,pelargonium
2657,54,13,0,pelargonium,spear thistle
2658,54,13,0,pelargonium,spear thistle
2659,54,32,0,pelargonium,love in the mist
2660,54,54,1,pelargonium,pelargonium
2661,54,54,1,pelargonium,pelargonium
2662,54,54,1,pelargonium,pelargonium
2663,54,36,0,pelargonium,cape flower
2664,54,54,1,pelargonium,pelargonium
2665,54,54,1,pelargonium,pelargonium
2666,54,54,1,pelargonium,pelargonium
2667,54,54,1,pelargonium,pelargonium
2668,54,54,1,pelargonium,pelargonium
2669,54,54,1,pelargonium,pelargonium
2670,54,54,1,pelargonium,pelargonium
2671,54,54,1,pelargonium,pelargonium
2672,54,54,1,pelargonium,pelargonium
2673,54,54,1,pelargonium,pelargonium
2674,54,54,1,pelargonium,pelargonium
2675,54,54,1,pelargonium,pelargonium
2676,54,54,1,pelargonium,pelargonium
2677,54,54,1,pelargonium,pelargonium
2678,54,54,1,pelargonium,pelargonium
2679,54,54,1,pelargonium,pelargonium
2680,54,54,1,pelargonium,pelargonium
2681,54,54,1,pelargonium,pelargonium
2682,54,54,1,pelargonium,pelargonium
2683,54,38,0,pelargonium,siam tulip
2684,54,54,1,pelargonium,pelargonium
2685,54,54,1,pelargonium,pelargonium
2686,54,97,0,pelargonium,mexican petunia
2687,54,54,1,pelargonium,pelargonium
2688,54,54,1,pelargonium,pelargonium
2689,54,13,0,pelargonium,spear thistle
2690,54,16,0,pelargonium,purple coneflower
2691,54,22,0,pelargonium,fritillary
2692,54,21,0,pelargonium,pincushion flower
2693,54,54,1,pelargonium,pelargonium
2694,54,28,0,pelargonium,artichoke
2695,54,97,0,pelargonium,mexican petunia
2696,54,54,1,pelargonium,pelargonium
2697,54,54,1,pelargonium,pelargonium
2698,54,54,1,pelargonium,pelargonium
2699,54,54,1,pelargonium,pelargonium
2700,54,97,0,pelargonium,mexican petunia
2701,54,65,0,pelargonium,osteospermum
2702,54,54,1,pelargonium,pelargonium
2703,55,55,1,bishop of llandaff,bishop of llandaff
2704,55,55,1,bishop of llandaff,bishop of llandaff
2705,55,55,1,bishop of llandaff,bishop of llandaff
2706,55,55,1,bishop of llandaff,bishop of llandaff
2707,55,55,1,bishop of llandaff,bishop of llandaff
2708,55,55,1,bishop of llandaff,bishop of llandaff
2709,55,55,1,bishop of llandaff,bishop of llandaff
2710,55,55,1,bishop of llandaff,bishop of llandaff
2711,55,55,1,bishop of llandaff,bishop of llandaff
2712,55,45,0,bishop of llandaff,wallflower
2713,55,55,1,bishop of llandaff,bishop of llandaff
2714,55,55,1,bishop of llandaff,bishop of llandaff
2715,55,55,1,bishop of llandaff,bishop of llandaff
2716,55,55,1,bishop of llandaff,bishop of llandaff
2717,55,55,1,bishop of llandaff,bishop of llandaff
2718,55,55,1,bishop of llandaff,bishop of llandaff
2719,55,55,1,bishop of llandaff,bishop of llandaff
2720,55,55,1,bishop of llandaff,bishop of llandaff
2721,55,55,1,bishop of llandaff,bishop of llandaff
2722,55,55,1,bishop of llandaff,bishop of llandaff
2723,55,55,1,bishop of llandaff,bishop of llandaff
2724,55,55,1,bishop of llandaff,bishop of llandaff
2725,55,55,1,bishop of llandaff,bishop of llandaff
2726,55,55,1,bishop of llandaff,bishop of llandaff
2727,55,55,1,bishop of llandaff,bishop of llandaff
2728,55,55,1,bishop of llandaff,bishop of llandaff
2729,55,55,1,bishop of llandaff,bishop of llandaff
2730,55,55,1,bishop of llandaff,bishop of llandaff
2731,55,55,1,bishop of llandaff,bishop of llandaff
2732,55,55,1,bishop of llandaff,bishop of llandaff
2733,55,55,1,bishop of llandaff,bishop of llandaff
2734,55,55,1,bishop of llandaff,bishop of llandaff
2735,55,55,1,bishop of llandaff,bishop of llandaff
2736,55,23,0,bishop of llandaff,red ginger
2737,55,55,1,bishop of llandaff,bishop of llandaff
2738,55,55,1,bishop of llandaff,bishop of llandaff
2739,55,55,1,bishop of llandaff,bishop of llandaff
2740,55,55,1,bishop of llandaff,bishop of llandaff
2741,55,55,1,bishop of llandaff,bishop of llandaff
2742,55,55,1,bishop of llandaff,bishop of llandaff
2743,55,55,1,bishop of llandaff,bishop of llandaff
2744,55,55,1,bishop of llandaff,bishop of llandaff
2745,55,73,0,bishop of llandaff,rose
2746,55,55,1,bishop of llandaff,bishop of llandaff
2747,55,55,1,bishop of llandaff,bishop of llandaff
2748,55,55,1,bishop of llandaff,bishop of llandaff
2749,55,55,1,bishop of llandaff,bishop of llandaff
2750,55,73,0,bishop of llandaff,rose
2751,55,55,1,bishop of llandaff,bishop of llandaff
2752,55,55,1,bishop of llandaff,bishop of llandaff
2753,55,55,1,bishop of llandaff,bishop of llandaff
2754,55,45,0,bishop of llandaff,wallflower
2755,55,55,1,bishop of llandaff,bishop of llandaff
2756,55,55,1,bishop of llandaff,bishop of llandaff
2757,55,55,1,bishop of llandaff,bishop of llandaff
2758,55,55,1,bishop of llandaff,bishop of llandaff
2759,55,55,1,bishop of llandaff,bishop of llandaff
2760,55,55,1,bishop of llandaff,bishop of llandaff
2761,55,55,1,bishop of llandaff,bishop of llandaff
2762,55,55,1,bishop of llandaff,bishop of llandaff
2763,55,55,1,bishop of llandaff,bishop of llandaff
2764,55,55,1,bishop of llandaff,bishop of llandaff
2765,55,55,1,bishop of llandaff,bishop of llandaff
2766,55,55,1,bishop of llandaff,bishop of llandaff
2767,55,55,1,bishop of llandaff,bishop of llandaff
2768,55,73,0,bishop of llandaff,rose
2769,55,55,1,bishop of llandaff,bishop of llandaff
2770,55,55,1,bishop of llandaff,bishop of llandaff
2771,55,55,1,bishop of llandaff,bishop of llandaff
2772,55,55,1,bishop of llandaff,bishop of llandaff
2773,55,55,1,bishop of llandaff,bishop of llandaff
2774,55,55,1,bishop of llandaff,bishop of llandaff
2775,55,55,1,bishop of llandaff,bishop of llandaff
2776,55,55,1,bishop of llandaff,bishop of llandaff
2777,55,55,1,bishop of llandaff,bishop of llandaff
2778,55,55,1,bishop of llandaff,bishop of llandaff
2779,55,55,1,bishop of llandaff,bishop of llandaff
2780,55,57,0,bishop of llandaff,geranium
2781,55,57,0,bishop of llandaff,geranium
2782,55,73,0,bishop of llandaff,rose
2783,55,55,1,bishop of llandaff,bishop of llandaff
2784,55,55,1,bishop of llandaff,bishop of llandaff
2785,55,55,1,bishop of llandaff,bishop of llandaff
2786,55,55,1,bishop of llandaff,bishop of llandaff
2787,55,55,1,bishop of llandaff,bishop of llandaff
2788,55,55,1,bishop of llandaff,bishop of llandaff
2789,55,55,1,bishop of llandaff,bishop of llandaff
2790,55,73,0,bishop of llandaff,rose
2791,55,55,1,bishop of llandaff,bishop of llandaff
2792,56,56,1,gaura,gaura
2793,56,56,1,gaura,gaura
2794,56,56,1,gaura,gaura
2795,56,56,1,gaura,gaura
2796,56,56,1,gaura,gaura
2797,56,56,1,gaura,gaura
2798,56,56,1,gaura,gaura
2799,56,56,1,gaura,gaura
2800,56,56,1,gaura,gaura
2801,56,56,1,gaura,gaura
2802,56,56,1,gaura,gaura
2803,56,56,1,gaura,gaura
2804,56,64,0,gaura,californian poppy
2805,56,56,1,gaura,gaura
2806,56,54,0,gaura,pelargonium
2807,56,56,1,gaura,gaura
2808,56,54,0,gaura,pelargonium
2809,56,56,1,gaura,gaura
2810,56,56,1,gaura,gaura
2811,56,56,1,gaura,gaura
2812,56,56,1,gaura,gaura
2813,56,56,1,gaura,gaura
2814,56,73,0,gaura,rose
2815,56,20,0,gaura,fire lily
2816,56,56,1,gaura,gaura
2817,56,36,0,gaura,cape flower
2818,56,56,1,gaura,gaura
2819,56,56,1,gaura,gaura
2820,56,65,0,gaura,osteospermum
2821,56,56,1,gaura,gaura
2822,56,78,0,gaura,toad lily
2823,56,78,0,gaura,toad lily
2824,56,56,1,gaura,gaura
2825,56,56,1,gaura,gaura
2826,56,6,0,gaura,moon orchid
2827,56,13,0,gaura,spear thistle
2828,56,56,1,gaura,gaura
2829,56,56,1,gaura,gaura
2830,56,56,1,gaura,gaura
2831,56,9,0,gaura,globe thistle
2832,56,56,1,gaura,gaura
2833,56,28,0,gaura,artichoke
2834,56,56,1,gaura,gaura
2835,56,37,0,gaura,great masterwort
2836,56,56,1,gaura,gaura
2837,56,78,0,gaura,toad lily
2838,56,56,1,gaura,gaura
2839,57,57,1,geranium,geranium
2840,57,57,1,geranium,geranium
2841,57,57,1,geranium,geranium
2842,57,57,1,geranium,geranium
2843,57,57,1,geranium,geranium
2844,57,57,1,geranium,geranium
2845,57,57,1,geranium,geranium
2846,57,57,1,geranium,geranium
2847,57,57,1,geranium,geranium
2848,57,57,1,geranium,geranium
2849,57,57,1,geranium,geranium
2850,57,57,1,geranium,geranium
2851,57,57,1,geranium,geranium
2852,57,57,1,geranium,geranium
2853,57,101,0,geranium,blackberry lily
2854,57,57,1,geranium,geranium
2855,57,57,1,geranium,geranium
2856,57,57,1,geranium,geranium
2857,57,57,1,geranium,geranium
2858,57,57,1,geranium,geranium
2859,57,57,1,geranium,geranium
2860,57,57,1,geranium,geranium
2861,57,57,1,geranium,geranium
2862,57,57,1,geranium,geranium
2863,57,57,1,geranium,geranium
2864,57,57,1,geranium,geranium
2865,57,57,1,geranium,geranium
2866,57,101,0,geranium,blackberry lily
2867,57,57,1,geranium,geranium
2868,57,57,1,geranium,geranium
2869,57,57,1,geranium,geranium
2870,57,57,1,geranium,geranium
2871,57,57,1,geranium,geranium
2872,57,57,1,geranium,geranium
2873,57,57,1,geranium,geranium
2874,57,57,1,geranium,geranium
2875,57,57,1,geranium,geranium
2876,57,57,1,geranium,geranium
2877,57,57,1,geranium,geranium
2878,57,57,1,geranium,geranium
2879,57,57,1,geranium,geranium
2880,57,57,1,geranium,geranium
2881,57,57,1,geranium,geranium
2882,57,57,1,geranium,geranium
2883,57,57,1,geranium,geranium
2884,57,57,1,geranium,geranium
2885,57,57,1,geranium,geranium
2886,57,57,1,geranium,geranium
2887,57,57,1,geranium,geranium
2888,57,57,1,geranium,geranium
2889,57,57,1,geranium,geranium
2890,57,57,1,geranium,geranium
2891,57,57,1,geranium,geranium
2892,57,57,1,geranium,geranium
2893,57,57,1,geranium,geranium
2894,57,57,1,geranium,geranium
2895,57,57,1,geranium,geranium
2896,57,57,1,geranium,geranium
2897,57,57,1,geranium,geranium
2898,57,57,1,geranium,geranium
2899,57,57,1,geranium,geranium
2900,57,57,1,geranium,geranium
2901,57,57,1,geranium,geranium
2902,57,57,1,geranium,geranium
2903,57,59,0,geranium,pink-yellow dahlia?
2904,57,57,1,geranium,geranium
2905,57,57,1,geranium,geranium
2906,57,57,1,geranium,geranium
2907,57,57,1,geranium,geranium
2908,57,57,1,geranium,geranium
2909,57,57,1,geranium,geranium
2910,57,57,1,geranium,geranium
2911,57,57,1,geranium,geranium
2912,57,57,1,geranium,geranium
2913,57,57,1,geranium,geranium
2914,57,57,1,geranium,geranium
2915,57,57,1,geranium,geranium
2916,57,57,1,geranium,geranium
2917,57,57,1,geranium,geranium
2918,57,57,1,geranium,geranium
2919,57,55,0,geranium,bishop of llandaff
2920,57,55,0,geranium,bishop of llandaff
2921,57,57,1,geranium,geranium
2922,57,55,0,geranium,bishop of llandaff
2923,57,55,0,geranium,bishop of llandaff
2924,57,57,1,geranium,geranium
2925,57,25,0,geranium,corn poppy
2926,57,25,0,geranium,corn poppy
2927,57,55,0,geranium,bishop of llandaff
2928,57,55,0,geranium,bishop of llandaff
2929,57,57,1,geranium,geranium
2930,57,25,0,geranium,corn poppy
2931,57,57,1,geranium,geranium
2932,57,57,1,geranium,geranium
2933,58,88,0,orange dahlia,watercress
2934,58,45,0,orange dahlia,wallflower
2935,58,45,0,orange dahlia,wallflower
2936,58,46,0,orange dahlia,marigold
2937,58,58,1,orange dahlia,orange dahlia
2938,58,46,0,orange dahlia,marigold
2939,58,58,1,orange dahlia,orange dahlia
2940,58,58,1,orange dahlia,orange dahlia
2941,58,58,1,orange dahlia,orange dahlia
2942,58,101,0,orange dahlia,blackberry lily
2943,58,58,1,orange dahlia,orange dahlia
2944,58,58,1,orange dahlia,orange dahlia
2945,58,45,0,orange dahlia,wallflower
2946,58,45,0,orange dahlia,wallflower
2947,58,73,0,orange dahlia,rose
2948,58,58,1,orange dahlia,orange dahlia
2949,58,58,1,orange dahlia,orange dahlia
2950,58,58,1,orange dahlia,orange dahlia
2951,58,58,1,orange dahlia,orange dahlia
2952,58,58,1,orange dahlia,orange dahlia
2953,58,101,0,orange dahlia,blackberry lily
2954,58,73,0,orange dahlia,rose
2955,58,58,1,orange dahlia,orange dahlia
2956,58,58,1,orange dahlia,orange dahlia
2957,58,58,1,orange dahlia,orange dahlia
2958,58,46,0,orange dahlia,marigold
2959,58,46,0,orange dahlia,marigold
2960,58,46,0,orange dahlia,marigold
2961,58,4,0,orange dahlia,english marigold
2962,58,64,0,orange dahlia,californian poppy
2963,58,46,0,orange dahlia,marigold
2964,58,46,0,orange dahlia,marigold
2965,58,58,1,orange dahlia,orange dahlia
2966,58,58,1,orange dahlia,orange dahlia
2967,58,58,1,orange dahlia,orange dahlia
2968,58,58,1,orange dahlia,orange dahlia
2969,58,64,0,orange dahlia,californian poppy
2970,58,64,0,orange dahlia,californian poppy
2971,58,58,1,orange dahlia,orange dahlia
2972,58,58,1,orange dahlia,orange dahlia
2973,58,58,1,orange dahlia,orange dahlia
2974,58,58,1,orange dahlia,orange dahlia
2975,58,57,0,orange dahlia,geranium
2976,58,64,0,orange dahlia,californian poppy
2977,58,58,1,orange dahlia,orange dahlia
2978,58,45,0,orange dahlia,wallflower
2979,58,4,0,orange dahlia,english marigold
2980,59,59,1,pink-yellow dahlia?,pink-yellow dahlia?
2981,59,59,1,pink-yellow dahlia?,pink-yellow dahlia?
2982,59,59,1,pink-yellow dahlia?,pink-yellow dahlia?
2983,59,59,1,pink-yellow dahlia?,pink-yellow dahlia?
2984,59,59,1,pink-yellow dahlia?,pink-yellow dahlia?
2985,59,59,1,pink-yellow dahlia?,pink-yellow dahlia?
2986,59,59,1,pink-yellow dahlia?,pink-yellow dahlia?
2987,59,59,1,pink-yellow dahlia?,pink-yellow dahlia?
2988,59,59,1,pink-yellow dahlia?,pink-yellow dahlia?
2989,59,59,1,pink-yellow dahlia?,pink-yellow dahlia?
2990,59,59,1,pink-yellow dahlia?,pink-yellow dahlia?
2991,59,59,1,pink-yellow dahlia?,pink-yellow dahlia?
2992,59,59,1,pink-yellow dahlia?,pink-yellow dahlia?
2993,59,59,1,pink-yellow dahlia?,pink-yellow dahlia?
2994,59,59,1,pink-yellow dahlia?,pink-yellow dahlia?
2995,59,59,1,pink-yellow dahlia?,pink-yellow dahlia?
2996,59,59,1,pink-yellow dahlia?,pink-yellow dahlia?
2997,59,59,1,pink-yellow dahlia?,pink-yellow dahlia?
2998,59,59,1,pink-yellow dahlia?,pink-yellow dahlia?
2999,59,59,1,pink-yellow dahlia?,pink-yellow dahlia?
3000,59,73,0,pink-yellow dahlia?,rose
3001,59,59,1,pink-yellow dahlia?,pink-yellow dahlia?
3002,59,59,1,pink-yellow dahlia?,pink-yellow dahlia?
3003,59,59,1,pink-yellow dahlia?,pink-yellow dahlia?
3004,59,59,1,pink-yellow dahlia?,pink-yellow dahlia?
3005,59,59,1,pink-yellow dahlia?,pink-yellow dahlia?
3006,59,59,1,pink-yellow dahlia?,pink-yellow dahlia?
3007,59,73,0,pink-yellow dahlia?,rose
3008,59,59,1,pink-yellow dahlia?,pink-yellow dahlia?
3009,59,80,0,pink-yellow dahlia?,frangipani
3010,59,59,1,pink-yellow dahlia?,pink-yellow dahlia?
3011,59,73,0,pink-yellow dahlia?,rose
3012,59,59,1,pink-yellow dahlia?,pink-yellow dahlia?
3013,59,59,1,pink-yellow dahlia?,pink-yellow dahlia?
3014,59,73,0,pink-yellow dahlia?,rose
3015,59,59,1,pink-yellow dahlia?,pink-yellow dahlia?
3016,59,59,1,pink-yellow dahlia?,pink-yellow dahlia?
3017,59,59,1,pink-yellow dahlia?,pink-yellow dahlia?
3018,59,59,1,pink-yellow dahlia?,pink-yellow dahlia?
3019,59,14,0,pink-yellow dahlia?,yellow iris
3020,59,59,1,pink-yellow dahlia?,pink-yellow dahlia?
3021,59,59,1,pink-yellow dahlia?,pink-yellow dahlia?
3022,59,73,0,pink-yellow dahlia?,rose
3023,59,64,0,pink-yellow dahlia?,californian poppy
3024,59,59,1,pink-yellow dahlia?,pink-yellow dahlia?
3025,59,96,0,pink-yellow dahlia?,mallow
3026,59,59,1,pink-yellow dahlia?,pink-yellow dahlia?
3027,59,59,1,pink-yellow dahlia?,pink-yellow dahlia?
3028,59,59,1,pink-yellow dahlia?,pink-yellow dahlia?
3029,59,59,1,pink-yellow dahlia?,pink-yellow dahlia?
3030,59,59,1,pink-yellow dahlia?,pink-yellow dahlia?
3031,59,59,1,pink-yellow dahlia?,pink-yellow dahlia?
3032,59,96,0,pink-yellow dahlia?,mallow
3033,59,59,1,pink-yellow dahlia?,pink-yellow dahlia?
3034,59,59,1,pink-yellow dahlia?,pink-yellow dahlia?
3035,59,59,1,pink-yellow dahlia?,pink-yellow dahlia?
3036,59,59,1,pink-yellow dahlia?,pink-yellow dahlia?
3037,59,59,1,pink-yellow dahlia?,pink-yellow dahlia?
3038,59,14,0,pink-yellow dahlia?,yellow iris
3039,59,59,1,pink-yellow dahlia?,pink-yellow dahlia?
3040,59,59,1,pink-yellow dahlia?,pink-yellow dahlia?
3041,59,64,0,pink-yellow dahlia?,californian poppy
3042,59,59,1,pink-yellow dahlia?,pink-yellow dahlia?
3043,59,59,1,pink-yellow dahlia?,pink-yellow dahlia?
3044,59,59,1,pink-yellow dahlia?,pink-yellow dahlia?
3045,59,59,1,pink-yellow dahlia?,pink-yellow dahlia?
3046,59,59,1,pink-yellow dahlia?,pink-yellow dahlia?
3047,59,59,1,pink-yellow dahlia?,pink-yellow dahlia?
3048,59,60,0,pink-yellow dahlia?,cautleya spicata
3049,59,59,1,pink-yellow dahlia?,pink-yellow dahlia?
3050,59,59,1,pink-yellow dahlia?,pink-yellow dahlia?
3051,59,59,1,pink-yellow dahlia?,pink-yellow dahlia?
3052,59,59,1,pink-yellow dahlia?,pink-yellow dahlia?
3053,59,59,1,pink-yellow dahlia?,pink-yellow dahlia?
3054,59,59,1,pink-yellow dahlia?,pink-yellow dahlia?
3055,59,59,1,pink-yellow dahlia?,pink-yellow dahlia?
3056,59,59,1,pink-yellow dahlia?,pink-yellow dahlia?
3057,59,59,1,pink-yellow dahlia?,pink-yellow dahlia?
3058,59,59,1,pink-yellow dahlia?,pink-yellow dahlia?
3059,59,59,1,pink-yellow dahlia?,pink-yellow dahlia?
3060,59,59,1,pink-yellow dahlia?,pink-yellow dahlia?
3061,59,59,1,pink-yellow dahlia?,pink-yellow dahlia?
3062,59,96,0,pink-yellow dahlia?,mallow
3063,59,59,1,pink-yellow dahlia?,pink-yellow dahlia?
3064,59,59,1,pink-yellow dahlia?,pink-yellow dahlia?
3065,59,59,1,pink-yellow dahlia?,pink-yellow dahlia?
3066,59,59,1,pink-yellow dahlia?,pink-yellow dahlia?
3067,59,59,1,pink-yellow dahlia?,pink-yellow dahlia?
3068,59,59,1,pink-yellow dahlia?,pink-yellow dahlia?
3069,60,60,1,cautleya spicata,cautleya spicata
3070,60,60,1,cautleya spicata,cautleya spicata
3071,60,60,1,cautleya spicata,cautleya spicata
3072,60,13,0,cautleya spicata,spear thistle
3073,60,60,1,cautleya spicata,cautleya spicata
3074,60,60,1,cautleya spicata,cautleya spicata
3075,60,96,0,cautleya spicata,mallow
3076,60,60,1,cautleya spicata,cautleya spicata
3077,60,60,1,cautleya spicata,cautleya spicata
3078,60,60,1,cautleya spicata,cautleya spicata
3079,60,60,1,cautleya spicata,cautleya spicata
3080,60,60,1,cautleya spicata,cautleya spicata
3081,60,60,1,cautleya spicata,cautleya spicata
3082,60,60,1,cautleya spicata,cautleya spicata
3083,60,60,1,cautleya spicata,cautleya spicata
3084,60,60,1,cautleya spicata,cautleya spicata
3085,60,60,1,cautleya spicata,cautleya spicata
3086,60,60,1,cautleya spicata,cautleya spicata
3087,60,60,1,cautleya spicata,cautleya spicata
3088,60,60,1,cautleya spicata,cautleya spicata
3089,60,60,1,cautleya spicata,cautleya spicata
3090,60,60,1,cautleya spicata,cautleya spicata
3091,60,60,1,cautleya spicata,cautleya spicata
3092,60,96,0,cautleya spicata,mallow
3093,60,60,1,cautleya spicata,cautleya spicata
3094,60,60,1,cautleya spicata,cautleya spicata
3095,60,60,1,cautleya spicata,cautleya spicata
3096,60,60,1,cautleya spicata,cautleya spicata
3097,60,60,1,cautleya spicata,cautleya spicata
3098,60,60,1,cautleya spicata,cautleya spicata
3099,61,38,0,japanese anemone,siam tulip
3100,61,56,0,japanese anemone,gaura
3101,61,56,0,japanese anemone,gaura
3102,61,54,0,japanese anemone,pelargonium
3103,61,54,0,japanese anemone,pelargonium
3104,61,56,0,japanese anemone,gaura
3105,61,54,0,japanese anemone,pelargonium
3106,61,54,0,japanese anemone,pelargonium
3107,61,36,0,japanese anemone,cape flower
3108,61,54,0,japanese anemone,pelargonium
3109,61,56,0,japanese anemone,gaura
3110,61,56,0,japanese anemone,gaura
3111,61,6,0,japanese anemone,moon orchid
3112,61,97,0,japanese anemone,mexican petunia
3113,61,68,0,japanese anemone,windflower
3114,61,29,0,japanese anemone,sweet william
3115,61,0,0,japanese anemone,pink primrose
3116,61,21,0,japanese anemone,pincushion flower
3117,61,77,0,japanese anemone,lotus
3118,61,56,0,japanese anemone,gaura
3119,61,56,0,japanese anemone,gaura
3120,61,0,0,japanese anemone,pink primrose
3121,61,21,0,japanese anemone,pincushion flower
3122,61,0,0,japanese anemone,pink primrose
3123,61,74,0,japanese anemone,thorn apple
3124,61,0,0,japanese anemone,pink primrose
3125,61,21,0,japanese anemone,pincushion flower
3126,61,97,0,japanese anemone,mexican petunia
3127,61,77,0,japanese anemone,lotus
3128,61,97,0,japanese anemone,mexican petunia
3129,61,68,0,japanese anemone,windflower
3130,61,74,0,japanese anemone,thorn apple
3131,61,1,0,japanese anemone,hard-leaved pocket orchid
3132,61,68,0,japanese anemone,windflower
3133,61,80,0,japanese anemone,frangipani
3134,62,62,1,black-eyed susan,black-eyed susan
3135,62,47,0,black-eyed susan,buttercup
3136,62,62,1,black-eyed susan,black-eyed susan
3137,62,62,1,black-eyed susan,black-eyed susan
3138,62,62,1,black-eyed susan,black-eyed susan
3139,62,62,1,black-eyed susan,black-eyed susan
3140,62,62,1,black-eyed susan,black-eyed susan
3141,62,62,1,black-eyed susan,black-eyed susan
3142,62,62,1,black-eyed susan,black-eyed susan
3143,62,62,1,black-eyed susan,black-eyed susan
3144,62,64,0,black-eyed susan,californian poppy
3145,62,62,1,black-eyed susan,black-eyed susan
3146,62,62,1,black-eyed susan,black-eyed susan
3147,62,62,1,black-eyed susan,black-eyed susan
3148,62,62,1,black-eyed susan,black-eyed susan
3149,62,62,1,black-eyed susan,black-eyed susan
3150,62,62,1,black-eyed susan,black-eyed susan
3151,62,62,1,black-eyed susan,black-eyed susan
3152,62,62,1,black-eyed susan,black-eyed susan
3153,62,62,1,black-eyed susan,black-eyed susan
3154,62,47,0,black-eyed susan,buttercup
3155,62,62,1,black-eyed susan,black-eyed susan
3156,62,62,1,black-eyed susan,black-eyed susan
3157,62,62,1,black-eyed susan,black-eyed susan
3158,62,47,0,black-eyed susan,buttercup
3159,62,62,1,black-eyed susan,black-eyed susan
3160,62,64,0,black-eyed susan,californian poppy
3161,62,62,1,black-eyed susan,black-eyed susan
3162,62,62,1,black-eyed susan,black-eyed susan
3163,62,62,1,black-eyed susan,black-eyed susan
3164,62,62,1,black-eyed susan,black-eyed susan
3165,62,62,1,black-eyed susan,black-eyed susan
3166,62,62,1,black-eyed susan,black-eyed susan
3167,62,62,1,black-eyed susan,black-eyed susan
3168,63,63,1,silverbush,silverbush
3169,63,63,1,silverbush,silverbush
3170,63,63,1,silverbush,silverbush
3171,63,63,1,silverbush,silverbush
3172,63,63,1,silverbush,silverbush
3173,63,63,1,silverbush,silverbush
3174,63,63,1,silverbush,silverbush
3175,63,63,1,silverbush,silverbush
3176,63,63,1,silverbush,silverbush
3177,63,63,1,silverbush,silverbush
3178,63,6,0,silverbush,moon orchid
3179,63,63,1,silverbush,silverbush
3180,63,63,1,silverbush,silverbush
3181,63,63,1,silverbush,silverbush
3182,63,63,1,silverbush,silverbush
3183,63,63,1,silverbush,silverbush
3184,63,63,1,silverbush,silverbush
3185,63,63,1,silverbush,silverbush
3186,63,63,1,silverbush,silverbush
3187,63,63,1,silverbush,silverbush
3188,63,63,1,silverbush,silverbush
3189,63,63,1,silverbush,silverbush
3190,63,68,0,silverbush,windflower
3191,63,63,1,silverbush,silverbush
3192,63,19,0,silverbush,giant white arum lily
3193,63,56,0,silverbush,gaura
3194,63,63,1,silverbush,silverbush
3195,63,63,1,silverbush,silverbush
3196,63,63,1,silverbush,silverbush
3197,63,63,1,silverbush,silverbush
3198,63,56,0,silverbush,gaura
3199,63,63,1,silverbush,silverbush
3200,64,64,1,californian poppy,californian poppy
3201,64,64,1,californian poppy,californian poppy
3202,64,64,1,californian poppy,californian poppy
3203,64,64,1,californian poppy,californian poppy
3204,64,47,0,californian poppy,buttercup
3205,64,64,1,californian poppy,californian poppy
3206,64,64,1,californian poppy,californian poppy
3207,64,64,1,californian poppy,californian poppy
3208,64,62,0,californian poppy,black-eyed susan
3209,64,64,1,californian poppy,californian poppy
3210,64,64,1,californian poppy,californian poppy
3211,64,64,1,californian poppy,californian poppy
3212,64,64,1,californian poppy,californian poppy
3213,64,64,1,californian poppy,californian poppy
3214,64,64,1,californian poppy,californian poppy
3215,64,64,1,californian poppy,californian poppy
3216,64,64,1,californian poppy,californian poppy
3217,64,64,1,californian poppy,californian poppy
3218,64,64,1,californian poppy,californian poppy
3219,64,64,1,californian poppy,californian poppy
3220,64,47,0,californian poppy,buttercup
3221,64,47,0,californian poppy,buttercup
3222,64,64,1,californian poppy,californian poppy
3223,64,64,1,californian poppy,californian poppy
3224,64,64,1,californian poppy,californian poppy
3225,64,64,1,californian poppy,californian poppy
3226,64,64,1,californian poppy,californian poppy
3227,64,64,1,californian poppy,californian poppy
3228,64,64,1,californian poppy,californian poppy
3229,64,47,0,californian poppy,buttercup
3230,64,64,1,californian poppy,californian poppy
3231,64,64,1,californian poppy,californian poppy
3232,64,64,1,californian poppy,californian poppy
3233,64,64,1,californian poppy,californian poppy
3234,64,64,1,californian poppy,californian poppy
3235,64,64,1,californian poppy,californian poppy
3236,64,64,1,californian poppy,californian poppy
3237,64,62,0,californian poppy,black-eyed susan
3238,64,64,1,californian poppy,californian poppy
3239,64,64,1,californian poppy,californian poppy
3240,64,64,1,californian poppy,californian poppy
3241,64,64,1,californian poppy,californian poppy
3242,64,64,1,californian poppy,californian poppy
3243,64,64,1,californian poppy,californian poppy
3244,64,64,1,californian poppy,californian poppy
3245,64,64,1,californian poppy,californian poppy
3246,64,54,0,californian poppy,pelargonium
3247,64,62,0,californian poppy,black-eyed susan
3248,64,62,0,californian poppy,black-eyed susan
3249,64,64,1,californian poppy,californian poppy
3250,64,64,1,californian poppy,californian poppy
3251,64,64,1,californian poppy,californian poppy
3252,64,64,1,californian poppy,californian poppy
3253,64,54,0,californian poppy,pelargonium
3254,64,47,0,californian poppy,buttercup
3255,64,64,1,californian poppy,californian poppy
3256,64,64,1,californian poppy,californian poppy
3257,64,62,0,californian poppy,black-eyed susan
3258,64,64,1,californian poppy,californian poppy
3259,64,63,0,californian poppy,silverbush
3260,64,64,1,californian poppy,californian poppy
3261,64,63,0,californian poppy,silverbush
3262,64,47,0,californian poppy,buttercup
3263,64,63,0,californian poppy,silverbush
3264,64,63,0,californian poppy,silverbush
3265,64,64,1,californian poppy,californian poppy
3266,64,64,1,californian poppy,californian poppy
3267,64,63,0,californian poppy,silverbush
3268,64,64,1,californian poppy,californian poppy
3269,64,64,1,californian poppy,californian poppy
3270,64,64,1,californian poppy,californian poppy
3271,64,4,0,californian poppy,english marigold
3272,64,64,1,californian poppy,californian poppy
3273,64,4,0,californian poppy,english marigold
3274,64,64,1,californian poppy,californian poppy
3275,64,64,1,californian poppy,californian poppy
3276,64,64,1,californian poppy,californian poppy
3277,64,64,1,californian poppy,californian poppy
3278,64,62,0,californian poppy,black-eyed susan
3279,64,64,1,californian poppy,californian poppy
3280,64,63,0,californian poppy,silverbush
3281,64,64,1,californian poppy,californian poppy
3282,65,65,1,osteospermum,osteospermum
3283,65,65,1,osteospermum,osteospermum
3284,65,65,1,osteospermum,osteospermum
3285,65,65,1,osteospermum,osteospermum
3286,65,65,1,osteospermum,osteospermum
3287,65,65,1,osteospermum,osteospermum
3288,65,65,1,osteospermum,osteospermum
3289,65,65,1,osteospermum,osteospermum
3290,65,65,1,osteospermum,osteospermum
3291,65,65,1,osteospermum,osteospermum
3292,65,65,1,osteospermum,osteospermum
3293,65,65,1,osteospermum,osteospermum
3294,65,65,1,osteospermum,osteospermum
3295,65,65,1,osteospermum,osteospermum
3296,65,65,1,osteospermum,osteospermum
3297,65,65,1,osteospermum,osteospermum
3298,65,65,1,osteospermum,osteospermum
3299,65,65,1,osteospermum,osteospermum
3300,65,65,1,osteospermum,osteospermum
3301,65,65,1,osteospermum,osteospermum
3302,65,65,1,osteospermum,osteospermum
3303,65,65,1,osteospermum,osteospermum
3304,65,65,1,osteospermum,osteospermum
3305,65,65,1,osteospermum,osteospermum
3306,65,65,1,osteospermum,osteospermum
3307,65,65,1,osteospermum,osteospermum
3308,65,65,1,osteospermum,osteospermum
3309,65,65,1,osteospermum,osteospermum
3310,65,65,1,osteospermum,osteospermum
3311,65,65,1,osteospermum,osteospermum
3312,65,65,1,osteospermum,osteospermum
3313,65,65,1,osteospermum,osteospermum
3314,65,65,1,osteospermum,osteospermum
3315,65,65,1,osteospermum,osteospermum
3316,65,65,1,osteospermum,osteospermum
3317,65,65,1,osteospermum,osteospermum
3318,65,65,1,osteospermum,osteospermum
3319,65,65,1,osteospermum,osteospermum
3320,65,65,1,osteospermum,osteospermum
3321,65,65,1,osteospermum,osteospermum
3322,65,65,1,osteospermum,osteospermum
3323,66,2,0,spring crocus,canterbury bells
3324,66,66,1,spring crocus,spring crocus
3325,66,21,0,spring crocus,pincushion flower
3326,66,66,1,spring crocus,spring crocus
3327,66,44,0,spring crocus,bolero deep blue
3328,66,44,0,spring crocus,bolero deep blue
3329,66,83,0,spring crocus,columbine
3330,66,34,0,spring crocus,alpine sea holly
3331,66,34,0,spring crocus,alpine sea holly
3332,66,44,0,spring crocus,bolero deep blue
3333,66,83,0,spring crocus,columbine
3334,66,44,0,spring crocus,bolero deep blue
3335,66,18,0,spring crocus,balloon flower
3336,66,8,0,spring crocus,monkshood
3337,66,7,0,spring crocus,bird of paradise
3338,66,44,0,spring crocus,bolero deep blue
3339,66,66,1,spring crocus,spring crocus
3340,66,36,0,spring crocus,cape flower
3341,66,28,0,spring crocus,artichoke
3342,66,28,0,spring crocus,artichoke
3343,66,12,0,spring crocus,king protea
3344,66,2,0,spring crocus,canterbury bells
3345,67,21,0,bearded iris,pincushion flower
3346,67,5,0,bearded iris,tiger lily
3347,67,67,1,bearded iris,bearded iris
3348,67,21,0,bearded iris,pincushion flower
3349,67,68,0,bearded iris,windflower
3350,67,21,0,bearded iris,pincushion flower
3351,67,21,0,bearded iris,pincushion flower
3352,67,66,0,bearded iris,spring crocus
3353,67,68,0,bearded iris,windflower
3354,67,96,0,bearded iris,mallow
3355,67,18,0,bearded iris,balloon flower
3356,67,18,0,bearded iris,balloon flower
3357,67,47,0,bearded iris,buttercup
3358,67,6,0,bearded iris,moon orchid
3359,67,96,0,bearded iris,mallow
3360,67,96,0,bearded iris,mallow
3361,67,24,0,bearded iris,grape hyacinth
3362,67,67,1,bearded iris,bearded iris
3363,67,47,0,bearded iris,buttercup
3364,67,6,0,bearded iris,moon orchid
3365,67,34,0,bearded iris,alpine sea holly
3366,67,68,0,bearded iris,windflower
3367,67,67,1,bearded iris,bearded iris
3368,67,6,0,bearded iris,moon orchid
3369,67,66,0,bearded iris,spring crocus
3370,67,24,0,bearded iris,grape hyacinth
3371,67,22,0,bearded iris,fritillary
3372,67,96,0,bearded iris,mallow
3373,67,66,0,bearded iris,spring crocus
3374,67,86,0,bearded iris,magnolia
3375,67,6,0,bearded iris,moon orchid
3376,67,47,0,bearded iris,buttercup
3377,67,21,0,bearded iris,pincushion flower
3378,67,24,0,bearded iris,grape hyacinth
3379,68,1,0,windflower,hard-leaved pocket orchid
3380,68,68,1,windflower,windflower
3381,68,68,1,windflower,windflower
3382,68,68,1,windflower,windflower
3383,68,68,1,windflower,windflower
3384,68,69,0,windflower,tree poppy
3385,68,68,1,windflower,windflower
3386,68,68,1,windflower,windflower
3387,68,68,1,windflower,windflower
3388,68,68,1,windflower,windflower
3389,68,74,0,windflower,thorn apple
3390,68,74,0,windflower,thorn apple
3391,68,63,0,windflower,silverbush
3392,68,68,1,windflower,windflower
3393,68,63,0,windflower,silverbush
3394,68,68,1,windflower,windflower
3395,68,68,1,windflower,windflower
3396,68,6,0,windflower,moon orchid
3397,68,68,1,windflower,windflower
3398,68,63,0,windflower,silverbush
3399,68,63,0,windflower,silverbush
3400,68,68,1,windflower,windflower
3401,68,68,1,windflower,windflower
3402,68,74,0,windflower,thorn apple
3403,68,68,1,windflower,windflower
3404,68,6,0,windflower,moon orchid
3405,68,63,0,windflower,silverbush
3406,68,63,0,windflower,silverbush
3407,68,56,0,windflower,gaura
3408,68,68,1,windflower,windflower
3409,68,63,0,windflower,silverbush
3410,68,63,0,windflower,silverbush
3411,68,56,0,windflower,gaura
3412,68,68,1,windflower,windflower
3413,69,6,0,tree poppy,moon orchid
3414,69,6,0,tree poppy,moon orchid
3415,69,6,0,tree poppy,moon orchid
3416,69,63,0,tree poppy,silverbush
3417,69,63,0,tree poppy,silverbush
3418,69,6,0,tree poppy,moon orchid
3419,69,21,0,tree poppy,pincushion flower
3420,69,6,0,tree poppy,moon orchid
3421,69,6,0,tree poppy,moon orchid
3422,69,6,0,tree poppy,moon orchid
3423,69,63,0,tree poppy,silverbush
3424,69,1,0,tree poppy,hard-leaved pocket orchid
3425,69,6,0,tree poppy,moon orchid
3426,69,69,1,tree poppy,tree poppy
3427,69,69,1,tree poppy,tree poppy
3428,69,95,0,tree poppy,camellia
3429,69,6,0,tree poppy,moon orchid
3430,69,74,0,tree poppy,thorn apple
3431,69,6,0,tree poppy,moon orchid
3432,69,21,0,tree poppy,pincushion flower
3433,69,68,0,tree poppy,windflower
3434,69,68,0,tree poppy,windflower
3435,69,6,0,tree poppy,moon orchid
3436,69,6,0,tree poppy,moon orchid
3437,69,68,0,tree poppy,windflower
3438,69,68,0,tree poppy,windflower
3439,69,69,1,tree poppy,tree poppy
3440,69,19,0,tree poppy,giant white arum lily
3441,69,69,1,tree poppy,tree poppy
3442,69,41,0,tree poppy,daffodil
3443,69,68,0,tree poppy,windflower
3444,69,56,0,tree poppy,gaura
3445,69,68,0,tree poppy,windflower
3446,69,6,0,tree poppy,moon orchid
3447,69,63,0,tree poppy,silverbush
3448,69,69,1,tree poppy,tree poppy
3449,69,21,0,tree poppy,pincushion flower
3450,69,74,0,tree poppy,thorn apple
3451,69,69,1,tree poppy,tree poppy
3452,69,68,0,tree poppy,windflower
3453,69,68,0,tree poppy,windflower
3454,69,68,0,tree poppy,windflower
3455,70,4,0,gazania,english marigold
3456,70,70,1,gazania,gazania
3457,70,46,0,gazania,marigold
3458,70,70,1,gazania,gazania
3459,70,70,1,gazania,gazania
3460,70,70,1,gazania,gazania
3461,70,70,1,gazania,gazania
3462,70,70,1,gazania,gazania
3463,70,4,0,gazania,english marigold
3464,70,70,1,gazania,gazania
3465,70,70,1,gazania,gazania
3466,70,70,1,gazania,gazania
3467,70,70,1,gazania,gazania
3468,70,70,1,gazania,gazania
3469,70,70,1,gazania,gazania
3470,70,70,1,gazania,gazania
3471,70,70,1,gazania,gazania
3472,70,70,1,gazania,gazania
3473,70,45,0,gazania,wallflower
3474,70,70,1,gazania,gazania
3475,70,70,1,gazania,gazania
3476,70,70,1,gazania,gazania
3477,70,70,1,gazania,gazania
3478,70,70,1,gazania,gazania
3479,70,46,0,gazania,marigold
3480,70,70,1,gazania,gazania
3481,70,70,1,gazania,gazania
3482,70,70,1,gazania,gazania
3483,70,4,0,gazania,english marigold
3484,70,70,1,gazania,gazania
3485,70,70,1,gazania,gazania
3486,70,4,0,gazania,english marigold
3487,70,4,0,gazania,english marigold
3488,70,70,1,gazania,gazania
3489,70,46,0,gazania,marigold
3490,70,14,0,gazania,yellow iris
3491,70,14,0,gazania,yellow iris
3492,70,70,1,gazania,gazania
3493,70,70,1,gazania,gazania
3494,70,70,1,gazania,gazania
3495,70,62,0,gazania,black-eyed susan
3496,70,7,0,gazania,bird of paradise
3497,70,70,1,gazania,gazania
3498,70,70,1,gazania,gazania
3499,70,4,0,gazania,english marigold
3500,70,4,0,gazania,english marigold
3501,70,70,1,gazania,gazania
3502,70,45,0,gazania,wallflower
3503,70,70,1,gazania,gazania
3504,70,70,1,gazania,gazania
3505,70,70,1,gazania,gazania
3506,70,70,1,gazania,gazania
3507,70,70,1,gazania,gazania
3508,70,70,1,gazania,gazania
3509,70,4,0,gazania,english marigold
3510,70,4,0,gazania,english marigold
3511,70,46,0,gazania,marigold
3512,70,4,0,gazania,english marigold
3513,71,2,0,azalea,canterbury bells
3514,71,12,0,azalea,king protea
3515,71,98,0,azalea,bromelia
3516,71,71,1,azalea,azalea
3517,71,71,1,azalea,azalea
3518,71,65,0,azalea,osteospermum
3519,71,43,0,azalea,poinsettia
3520,71,73,0,azalea,rose
3521,71,17,0,azalea,peruvian lily
3522,71,43,0,azalea,poinsettia
3523,71,11,0,azalea,colt's foot
3524,71,79,0,azalea,anthurium
3525,71,71,1,azalea,azalea
3526,71,93,0,azalea,foxglove
3527,71,71,1,azalea,azalea
3528,71,33,0,azalea,mexican aster
3529,71,12,0,azalea,king protea
3530,71,43,0,azalea,poinsettia
3531,71,21,0,azalea,pincushion flower
3532,71,73,0,azalea,rose
3533,71,6,0,azalea,moon orchid
3534,71,33,0,azalea,mexican aster
3535,71,65,0,azalea,osteospermum
3536,71,29,0,azalea,sweet william
3537,71,94,0,azalea,bougainvillea
3538,71,29,0,azalea,sweet william
3539,71,77,0,azalea,lotus
3540,71,50,0,azalea,petunia
3541,71,65,0,azalea,osteospermum
3542,71,71,1,azalea,azalea
3543,71,43,0,azalea,poinsettia
3544,71,43,0,azalea,poinsettia
3545,71,65,0,azalea,osteospermum
3546,71,79,0,azalea,anthurium
3547,71,92,0,azalea,ball moss
3548,71,65,0,azalea,osteospermum
3549,71,94,0,azalea,bougainvillea
3550,71,44,0,azalea,bolero deep blue
3551,71,28,0,azalea,artichoke
3552,71,92,0,azalea,ball moss
3553,71,65,0,azalea,osteospermum
3554,71,6,0,azalea,moon orchid
3555,71,29,0,azalea,sweet william
3556,71,93,0,azalea,foxglove
3557,71,33,0,azalea,mexican aster
3558,71,43,0,azalea,poinsettia
3559,71,92,0,azalea,ball moss
3560,71,29,0,azalea,sweet william
3561,71,98,0,azalea,bromelia
3562,71,55,0,azalea,bishop of llandaff
3563,71,0,0,azalea,pink primrose
3564,71,43,0,azalea,poinsettia
3565,71,92,0,azalea,ball moss
3566,71,65,0,azalea,osteospermum
3567,71,43,0,azalea,poinsettia
3568,71,43,0,azalea,poinsettia
3569,71,28,0,azalea,artichoke
3570,71,0,0,azalea,pink primrose
3571,71,71,1,azalea,azalea
3572,71,36,0,azalea,cape flower
3573,71,92,0,azalea,ball moss
3574,71,98,0,azalea,bromelia
3575,71,1,0,azalea,hard-leaved pocket orchid
3576,71,97,0,azalea,mexican petunia
3577,71,12,0,azalea,king protea
3578,71,44,0,azalea,bolero deep blue
3579,71,65,0,azalea,osteospermum
3580,71,33,0,azalea,mexican aster
3581,71,29,0,azalea,sweet william
3582,71,12,0,azalea,king protea
3583,71,24,0,azalea,grape hyacinth
3584,71,25,0,azalea,corn poppy
3585,71,65,0,azalea,osteospermum
3586,71,43,0,azalea,poinsettia
3587,71,29,0,azalea,sweet william
3588,71,29,0,azalea,sweet william
3589,72,66,0,water lily,spring crocus
3590,72,20,0,water lily,fire lily
3591,72,92,0,water lily,ball moss
3592,72,69,0,water lily,tree poppy
3593,72,96,0,water lily,mallow
3594,72,29,0,water lily,sweet william
3595,72,47,0,water lily,buttercup
3596,72,80,0,water lily,frangipani
3597,72,80,0,water lily,frangipani
3598,72,64,0,water lily,californian poppy
3599,72,19,0,water lily,giant white arum lily
3600,72,63,0,water lily,silverbush
3601,72,83,0,water lily,columbine
3602,72,68,0,water lily,windflower
3603,72,63,0,water lily,silverbush
3604,72,14,0,water lily,yellow iris
3605,72,63,0,water lily,silverbush
3606,72,40,0,water lily,barbeton daisy
3607,72,96,0,water lily,mallow
3608,72,96,0,water lily,mallow
3609,72,73,0,water lily,rose
3610,72,73,0,water lily,rose
3611,72,43,0,water lily,poinsettia
3612,72,63,0,water lily,silverbush
3613,72,21,0,water lily,pincushion flower
3614,72,96,0,water lily,mallow
3615,72,79,0,water lily,anthurium
3616,72,17,0,water lily,peruvian lily
3617,72,2,0,water lily,canterbury bells
3618,72,80,0,water lily,frangipani
3619,72,54,0,water lily,pelargonium
3620,72,17,0,water lily,peruvian lily
3621,72,69,0,water lily,tree poppy
3622,72,17,0,water lily,peruvian lily
3623,72,96,0,water lily,mallow
3624,72,10,0,water lily,snapdragon
3625,72,29,0,water lily,sweet william
3626,72,68,0,water lily,windflower
3627,72,43,0,water lily,poinsettia
3628,72,7,0,water lily,bird of paradise
3629,72,1,0,water lily,hard-leaved pocket orchid
3630,72,6,0,water lily,moon orchid
3631,72,21,0,water lily,pincushion flower
3632,72,29,0,water lily,sweet william
3633,72,84,0,water lily,desert-rose
3634,72,17,0,water lily,peruvian lily
3635,72,80,0,water lily,frangipani
3636,72,80,0,water lily,frangipani
3637,72,63,0,water lily,silverbush
3638,72,73,0,water lily,rose
3639,72,13,0,water lily,spear thistle
3640,72,57,0,water lily,geranium
3641,72,47,0,water lily,buttercup
3642,72,77,0,water lily,lotus
3643,72,66,0,water lily,spring crocus
3644,72,80,0,water lily,frangipani
3645,72,68,0,water lily,windflower
3646,72,63,0,water lily,silverbush
3647,72,84,0,water lily,desert-rose
3648,72,73,0,water lily,rose
3649,72,96,0,water lily,mallow
3650,72,56,0,water lily,gaura
3651,72,73,0,water lily,rose
3652,72,79,0,water lily,anthurium
3653,72,83,0,water lily,columbine
3654,72,56,0,water lily,gaura
3655,72,17,0,water lily,peruvian lily
3656,72,80,0,water lily,frangipani
3657,72,52,0,water lily,primula
3658,72,93,0,water lily,foxglove
3659,72,13,0,water lily,spear thistle
3660,72,73,0,water lily,rose
3661,72,29,0,water lily,sweet william
3662,72,63,0,water lily,silverbush
3663,72,56,0,water lily,gaura
3664,72,74,0,water lily,thorn apple
3665,72,14,0,water lily,yellow iris
3666,72,80,0,water lily,frangipani
3667,72,9,0,water lily,globe thistle
3668,72,56,0,water lily,gaura
3669,72,80,0,water lily,frangipani
3670,72,14,0,water lily,yellow iris
3671,72,41,0,water lily,daffodil
3672,72,17,0,water lily,peruvian lily
3673,72,96,0,water lily,mallow
3674,72,69,0,water lily,tree poppy
3675,72,73,0,water lily,rose
3676,72,32,0,water lily,love in the mist
3677,72,56,0,water lily,gaura
3678,72,79,0,water lily,anthurium
3679,72,6,0,water lily,moon orchid
3680,72,96,0,water lily,mallow
3681,72,12,0,water lily,king protea
3682,72,73,0,water lily,rose
3683,72,20,0,water lily,fire lily
3684,72,83,0,water lily,columbine
3685,72,63,0,water lily,silverbush
3686,72,98,0,water lily,bromelia
3687,72,91,0,water lily,bee balm
3688,72,48,0,water lily,oxeye daisy
3689,72,96,0,water lily,mallow
3690,72,94,0,water lily,bougainvillea
3691,72,93,0,water lily,foxglove
3692,72,66,0,water lily,spring crocus
3693,72,21,0,water lily,pincushion flower
3694,72,41,0,water lily,daffodil
3695,72,92,0,water lily,ball moss
3696,72,31,0,water lily,garden phlox
3697,72,12,0,water lily,king protea
3698,72,80,0,water lily,frangipani
3699,72,80,0,water lily,frangipani
3700,72,0,0,water lily,pink primrose
3701,72,96,0,water lily,mallow
3702,72,68,0,water lily,windflower
3703,72,12,0,water lily,king protea
3704,72,83,0,water lily,columbine
3705,72,43,0,water lily,poinsettia
3706,72,17,0,water lily,peruvian lily
3707,72,63,0,water lily,silverbush
3708,72,74,0,water lily,thorn apple
3709,72,91,0,water lily,bee balm
3710,72,9,0,water lily,globe thistle
3711,72,41,0,water lily,daffodil
3712,72,80,0,water lily,frangipani
3713,72,6,0,water lily,moon orchid
3714,72,66,0,water lily,spring crocus
3715,72,73,0,water lily,rose
3716,72,64,0,water lily,californian poppy
3717,72,96,0,water lily,mallow
3718,72,21,0,water lily,pincushion flower
3719,72,83,0,water lily,columbine
3720,72,24,0,water lily,grape hyacinth
3721,72,68,0,water lily,windflower
3722,72,29,0,water lily,sweet william
3723,72,60,0,water lily,cautleya spicata
3724,72,68,0,water lily,windflower
3725,72,9,0,water lily,globe thistle
3726,72,1,0,water lily,hard-leaved pocket orchid
3727,72,56,0,water lily,gaura
3728,72,68,0,water lily,windflower
3729,72,10,0,water lily,snapdragon
3730,72,47,0,water lily,buttercup
3731,72,50,0,water lily,petunia
3732,72,77,0,water lily,lotus
3733,72,92,0,water lily,ball moss
3734,72,56,0,water lily,gaura
3735,72,63,0,water lily,silverbush
3736,72,68,0,water lily,windflower
3737,72,56,0,water lily,gaura
3738,72,52,0,water lily,primula
3739,72,77,0,water lily,lotus
3740,72,56,0,water lily,gaura
3741,72,83,0,water lily,columbine
3742,72,20,0,water lily,fire lily
3743,72,14,0,water lily,yellow iris
3744,72,64,0,water lily,californian poppy
3745,72,95,0,water lily,camellia
3746,72,73,0,water lily,rose
3747,72,43,0,water lily,poinsettia
3748,72,59,0,water lily,pink-yellow dahlia?
3749,72,77,0,water lily,lotus
3750,72,96,0,water lily,mallow
3751,72,56,0,water lily,gaura
3752,72,64,0,water lily,californian poppy
3753,72,92,0,water lily,ball moss
3754,72,2,0,water lily,canterbury bells
3755,72,55,0,water lily,bishop of llandaff
3756,72,56,0,water lily,gaura
3757,72,63,0,water lily,silverbush
3758,72,80,0,water lily,frangipani
3759,72,73,0,water lily,rose
3760,72,84,0,water lily,desert-rose
3761,72,38,0,water lily,siam tulip
3762,72,80,0,water lily,frangipani
3763,73,73,1,rose,rose
3764,73,63,0,rose,silverbush
3765,73,73,1,rose,rose
3766,73,73,1,rose,rose
3767,73,54,0,rose,pelargonium
3768,73,43,0,rose,poinsettia
3769,73,77,0,rose,lotus
3770,73,90,0,rose,hippeastrum
3771,73,25,0,rose,corn poppy
3772,73,47,0,rose,buttercup
3773,73,98,0,rose,bromelia
3774,73,25,0,rose,corn poppy
3775,73,80,0,rose,frangipani
3776,73,71,0,rose,azalea
3777,73,73,1,rose,rose
3778,73,74,0,rose,thorn apple
3779,73,92,0,rose,ball moss
3780,73,17,0,rose,peruvian lily
3781,73,14,0,rose,yellow iris
3782,73,73,1,rose,rose
3783,73,17,0,rose,peruvian lily
3784,73,11,0,rose,colt's foot
3785,73,80,0,rose,frangipani
3786,73,43,0,rose,poinsettia
3787,73,43,0,rose,poinsettia
3788,73,11,0,rose,colt's foot
3789,73,65,0,rose,osteospermum
3790,73,0,0,rose,pink primrose
3791,73,82,0,rose,hibiscus
3792,73,96,0,rose,mallow
3793,73,80,0,rose,frangipani
3794,73,92,0,rose,ball moss
3795,73,96,0,rose,mallow
3796,73,1,0,rose,hard-leaved pocket orchid
3797,73,25,0,rose,corn poppy
3798,73,96,0,rose,mallow
3799,73,96,0,rose,mallow
3800,73,64,0,rose,californian poppy
3801,73,95,0,rose,camellia
3802,73,90,0,rose,hippeastrum
3803,73,96,0,rose,mallow
3804,73,57,0,rose,geranium
3805,73,96,0,rose,mallow
3806,73,57,0,rose,geranium
3807,73,55,0,rose,bishop of llandaff
3808,73,17,0,rose,peruvian lily
3809,73,73,1,rose,rose
3810,73,43,0,rose,poinsettia
3811,73,38,0,rose,siam tulip
3812,73,63,0,rose,silverbush
3813,73,73,1,rose,rose
3814,73,73,1,rose,rose
3815,73,73,1,rose,rose
3816,73,73,1,rose,rose
3817,73,11,0,rose,colt's foot
3818,73,77,0,rose,lotus
3819,73,73,1,rose,rose
3820,73,73,1,rose,rose
3821,73,43,0,rose,poinsettia
3822,73,71,0,rose,azalea
3823,73,11,0,rose,colt's foot
3824,73,51,0,rose,wild pansy
3825,73,55,0,rose,bishop of llandaff
3826,73,96,0,rose,mallow
3827,73,73,1,rose,rose
3828,73,74,0,rose,thorn apple
3829,73,64,0,rose,californian poppy
3830,73,73,1,rose,rose
3831,73,64,0,rose,californian poppy
3832,73,73,1,rose,rose
3833,73,43,0,rose,poinsettia
3834,73,4,0,rose,english marigold
3835,73,57,0,rose,geranium
3836,73,77,0,rose,lotus
3837,73,73,1,rose,rose
3838,73,73,1,rose,rose
3839,73,73,1,rose,rose
3840,73,38,0,rose,siam tulip
3841,73,46,0,rose,marigold
3842,73,77,0,rose,lotus
3843,73,96,0,rose,mallow
3844,73,4,0,rose,english marigold
3845,73,96,0,rose,mallow
3846,73,97,0,rose,mexican petunia
3847,73,63,0,rose,silverbush
3848,73,65,0,rose,osteospermum
3849,73,73,1,rose,rose
3850,73,96,0,rose,mallow
3851,73,96,0,rose,mallow
3852,73,6,0,rose,moon orchid
3853,73,54,0,rose,pelargonium
3854,73,101,0,rose,blackberry lily
3855,73,43,0,rose,poinsettia
3856,73,73,1,rose,rose
3857,73,55,0,rose,bishop of llandaff
3858,73,43,0,rose,poinsettia
3859,73,60,0,rose,cautleya spicata
3860,73,73,1,rose,rose
3861,73,43,0,rose,poinsettia
3862,73,98,0,rose,bromelia
3863,73,91,0,rose,bee balm
3864,73,93,0,rose,foxglove
3865,73,2,0,rose,canterbury bells
3866,73,63,0,rose,silverbush
3867,73,73,1,rose,rose
3868,73,55,0,rose,bishop of llandaff
3869,73,77,0,rose,lotus
3870,73,55,0,rose,bishop of llandaff
3871,73,90,0,rose,hippeastrum
3872,73,73,1,rose,rose
3873,73,55,0,rose,bishop of llandaff
3874,73,41,0,rose,daffodil
3875,73,63,0,rose,silverbush
3876,73,68,0,rose,windflower
3877,73,96,0,rose,mallow
3878,73,63,0,rose,silverbush
3879,73,96,0,rose,mallow
3880,73,2,0,rose,canterbury bells
3881,73,73,1,rose,rose
3882,73,63,0,rose,silverbush
3883,73,59,0,rose,pink-yellow dahlia?
3884,73,29,0,rose,sweet william
3885,73,44,0,rose,bolero deep blue
3886,73,65,0,rose,osteospermum
3887,73,43,0,rose,poinsettia
3888,73,17,0,rose,peruvian lily
3889,73,46,0,rose,marigold
3890,73,77,0,rose,lotus
3891,73,98,0,rose,bromelia
3892,73,65,0,rose,osteospermum
3893,73,17,0,rose,peruvian lily
3894,73,55,0,rose,bishop of llandaff
3895,73,73,1,rose,rose
3896,73,46,0,rose,marigold
3897,73,4,0,rose,english marigold
3898,73,73,1,rose,rose
3899,73,101,0,rose,blackberry lily
3900,73,68,0,rose,windflower
3901,73,73,1,rose,rose
3902,73,43,0,rose,poinsettia
3903,73,96,0,rose,mallow
3904,73,90,0,rose,hippeastrum
3905,73,6,0,rose,moon orchid
3906,73,77,0,rose,lotus
3907,73,92,0,rose,ball moss
3908,73,98,0,rose,bromelia
3909,73,47,0,rose,buttercup
3910,73,43,0,rose,poinsettia
3911,73,77,0,rose,lotus
3912,73,73,1,rose,rose
3913,73,83,0,rose,columbine
3914,74,6,0,thorn apple,moon orchid
3915,74,6,0,thorn apple,moon orchid
3916,74,6,0,thorn apple,moon orchid
3917,74,66,0,thorn apple,spring crocus
3918,74,1,0,thorn apple,hard-leaved pocket orchid
3919,74,32,0,thorn apple,love in the mist
3920,74,6,0,thorn apple,moon orchid
3921,74,63,0,thorn apple,silverbush
3922,74,6,0,thorn apple,moon orchid
3923,74,74,1,thorn apple,thorn apple
3924,74,6,0,thorn apple,moon orchid
3925,74,63,0,thorn apple,silverbush
3926,74,74,1,thorn apple,thorn apple
3927,74,74,1,thorn apple,thorn apple
3928,74,63,0,thorn apple,silverbush
3929,74,74,1,thorn apple,thorn apple
3930,74,74,1,thorn apple,thorn apple
3931,74,63,0,thorn apple,silverbush
3932,74,6,0,thorn apple,moon orchid
3933,74,6,0,thorn apple,moon orchid
3934,74,21,0,thorn apple,pincushion flower
3935,74,74,1,thorn apple,thorn apple
3936,74,6,0,thorn apple,moon orchid
3937,74,1,0,thorn apple,hard-leaved pocket orchid
3938,74,63,0,thorn apple,silverbush
3939,74,74,1,thorn apple,thorn apple
3940,74,74,1,thorn apple,thorn apple
3941,74,63,0,thorn apple,silverbush
3942,74,9,0,thorn apple,globe thistle
3943,74,21,0,thorn apple,pincushion flower
3944,74,63,0,thorn apple,silverbush
3945,74,74,1,thorn apple,thorn apple
3946,74,19,0,thorn apple,giant white arum lily
3947,74,6,0,thorn apple,moon orchid
3948,74,63,0,thorn apple,silverbush
3949,74,1,0,thorn apple,hard-leaved pocket orchid
3950,74,32,0,thorn apple,love in the mist
3951,74,1,0,thorn apple,hard-leaved pocket orchid
3952,74,19,0,thorn apple,giant white arum lily
3953,74,74,1,thorn apple,thorn apple
3954,74,83,0,thorn apple,columbine
3955,74,74,1,thorn apple,thorn apple
3956,74,95,0,thorn apple,camellia
3957,74,6,0,thorn apple,moon orchid
3958,74,6,0,thorn apple,moon orchid
3959,74,6,0,thorn apple,moon orchid
3960,74,6,0,thorn apple,moon orchid
3961,74,63,0,thorn apple,silverbush
3962,74,63,0,thorn apple,silverbush
3963,74,6,0,thorn apple,moon orchid
3964,74,6,0,thorn apple,moon orchid
3965,74,6,0,thorn apple,moon orchid
3966,74,63,0,thorn apple,silverbush
3967,74,1,0,thorn apple,hard-leaved pocket orchid
3968,74,74,1,thorn apple,thorn apple
3969,74,1,0,thorn apple,hard-leaved pocket orchid
3970,74,6,0,thorn apple,moon orchid
3971,74,6,0,thorn apple,moon orchid
3972,74,6,0,thorn apple,moon orchid
3973,74,19,0,thorn apple,giant white arum lily
3974,74,63,0,thorn apple,silverbush
3975,74,21,0,thorn apple,pincushion flower
3976,74,74,1,thorn apple,thorn apple
3977,74,6,0,thorn apple,moon orchid
3978,74,6,0,thorn apple,moon orchid
3979,74,19,0,thorn apple,giant white arum lily
3980,74,19,0,thorn apple,giant white arum lily
3981,74,74,1,thorn apple,thorn apple
3982,74,63,0,thorn apple,silverbush
3983,74,63,0,thorn apple,silverbush
3984,74,74,1,thorn apple,thorn apple
3985,74,1,0,thorn apple,hard-leaved pocket orchid
3986,74,74,1,thorn apple,thorn apple
3987,74,6,0,thorn apple,moon orchid
3988,74,74,1,thorn apple,thorn apple
3989,74,6,0,thorn apple,moon orchid
3990,74,74,1,thorn apple,thorn apple
3991,74,6,0,thorn apple,moon orchid
3992,74,6,0,thorn apple,moon orchid
3993,74,74,1,thorn apple,thorn apple
3994,74,21,0,thorn apple,pincushion flower
3995,74,63,0,thorn apple,silverbush
3996,74,74,1,thorn apple,thorn apple
3997,74,63,0,thorn apple,silverbush
3998,74,74,1,thorn apple,thorn apple
3999,74,6,0,thorn apple,moon orchid
4000,74,19,0,thorn apple,giant white arum lily
4001,74,32,0,thorn apple,love in the mist
4002,74,6,0,thorn apple,moon orchid
4003,74,6,0,thorn apple,moon orchid
4004,74,74,1,thorn apple,thorn apple
4005,74,63,0,thorn apple,silverbush
4006,74,6,0,thorn apple,moon orchid
4007,74,74,1,thorn apple,thorn apple
4008,74,83,0,thorn apple,columbine
4009,74,74,1,thorn apple,thorn apple
4010,74,3,0,thorn apple,sweet pea
4011,74,6,0,thorn apple,moon orchid
4012,74,63,0,thorn apple,silverbush
4013,74,6,0,thorn apple,moon orchid
4014,75,24,0,morning glory,grape hyacinth
4015,75,2,0,morning glory,canterbury bells
4016,75,21,0,morning glory,pincushion flower
4017,75,71,0,morning glory,azalea
4018,75,44,0,morning glory,bolero deep blue
4019,75,98,0,morning glory,bromelia
4020,75,38,0,morning glory,siam tulip
4021,75,18,0,morning glory,balloon flower
4022,75,32,0,morning glory,love in the mist
4023,75,71,0,morning glory,azalea
4024,75,24,0,morning glory,grape hyacinth
4025,75,44,0,morning glory,bolero deep blue
4026,75,24,0,morning glory,grape hyacinth
4027,75,32,0,morning glory,love in the mist
4028,75,65,0,morning glory,osteospermum
4029,75,75,1,morning glory,morning glory
4030,75,24,0,morning glory,grape hyacinth
4031,75,83,0,morning glory,columbine
4032,75,6,0,morning glory,moon orchid
4033,75,24,0,morning glory,grape hyacinth
4034,75,51,0,morning glory,wild pansy
4035,75,24,0,morning glory,grape hyacinth
4036,75,24,0,morning glory,grape hyacinth
4037,75,24,0,morning glory,grape hyacinth
4038,75,28,0,morning glory,artichoke
4039,75,2,0,morning glory,canterbury bells
4040,75,67,0,morning glory,bearded iris
4041,75,18,0,morning glory,balloon flower
4042,75,8,0,morning glory,monkshood
4043,75,2,0,morning glory,canterbury bells
4044,75,2,0,morning glory,canterbury bells
4045,75,24,0,morning glory,grape hyacinth
4046,75,65,0,morning glory,osteospermum
4047,75,21,0,morning glory,pincushion flower
4048,75,18,0,morning glory,balloon flower
4049,75,18,0,morning glory,balloon flower
4050,75,65,0,morning glory,osteospermum
4051,75,24,0,morning glory,grape hyacinth
4052,75,0,0,morning glory,pink primrose
4053,75,8,0,morning glory,monkshood
4054,75,24,0,morning glory,grape hyacinth
4055,75,24,0,morning glory,grape hyacinth
4056,75,92,0,morning glory,ball moss
4057,75,18,0,morning glory,balloon flower
4058,75,24,0,morning glory,grape hyacinth
4059,75,18,0,morning glory,balloon flower
4060,75,51,0,morning glory,wild pansy
4061,75,75,1,morning glory,morning glory
4062,75,18,0,morning glory,balloon flower
4063,75,18,0,morning glory,balloon flower
4064,75,21,0,morning glory,pincushion flower
4065,75,21,0,morning glory,pincushion flower
4066,75,24,0,morning glory,grape hyacinth
4067,75,63,0,morning glory,silverbush
4068,75,33,0,morning glory,mexican aster
4069,75,24,0,morning glory,grape hyacinth
4070,75,75,1,morning glory,morning glory
4071,75,24,0,morning glory,grape hyacinth
4072,75,18,0,morning glory,balloon flower
4073,75,24,0,morning glory,grape hyacinth
4074,75,21,0,morning glory,pincushion flower
4075,75,18,0,morning glory,balloon flower
4076,75,18,0,morning glory,balloon flower
4077,75,24,0,morning glory,grape hyacinth
4078,75,97,0,morning glory,mexican petunia
4079,75,6,0,morning glory,moon orchid
4080,75,0,0,morning glory,pink primrose
4081,75,24,0,morning glory,grape hyacinth
4082,75,24,0,morning glory,grape hyacinth
4083,75,97,0,morning glory,mexican petunia
4084,75,2,0,morning glory,canterbury bells
4085,75,92,0,morning glory,ball moss
4086,75,44,0,morning glory,bolero deep blue
4087,75,44,0,morning glory,bolero deep blue
4088,75,6,0,morning glory,moon orchid
4089,75,6,0,morning glory,moon orchid
4090,75,51,0,morning glory,wild pansy
4091,75,6,0,morning glory,moon orchid
4092,75,18,0,morning glory,balloon flower
4093,75,51,0,morning glory,wild pansy
4094,75,18,0,morning glory,balloon flower
4095,75,63,0,morning glory,silverbush
4096,75,2,0,morning glory,canterbury bells
4097,75,44,0,morning glory,bolero deep blue
4098,75,51,0,morning glory,wild pansy
4099,75,24,0,morning glory,grape hyacinth
4100,75,85,0,morning glory,tree mallow
4101,76,9,0,passion flower,globe thistle
4102,76,24,0,passion flower,grape hyacinth
4103,76,12,0,passion flower,king protea
4104,76,9,0,passion flower,globe thistle
4105,76,9,0,passion flower,globe thistle
4106,76,83,0,passion flower,columbine
4107,76,12,0,passion flower,king protea
4108,76,76,1,passion flower,passion flower
4109,76,9,0,passion flower,globe thistle
4110,76,74,0,passion flower,thorn apple
4111,76,20,0,passion flower,fire lily
4112,76,37,0,passion flower,great masterwort
4113,76,9,0,passion flower,globe thistle
4114,76,37,0,passion flower,great masterwort
4115,76,56,0,passion flower,gaura
4116,76,59,0,passion flower,pink-yellow dahlia?
4117,76,67,0,passion flower,bearded iris
4118,76,91,0,passion flower,bee balm
4119,76,9,0,passion flower,globe thistle
4120,76,28,0,passion flower,artichoke
4121,76,21,0,passion flower,pincushion flower
4122,76,9,0,passion flower,globe thistle
4123,76,37,0,passion flower,great masterwort
4124,76,9,0,passion flower,globe thistle
4125,76,76,1,passion flower,passion flower
4126,76,9,0,passion flower,globe thistle
4127,76,34,0,passion flower,alpine sea holly
4128,76,32,0,passion flower,love in the mist
4129,76,28,0,passion flower,artichoke
4130,76,32,0,passion flower,love in the mist
4131,76,34,0,passion flower,alpine sea holly
4132,76,9,0,passion flower,globe thistle
4133,76,83,0,passion flower,columbine
4134,76,17,0,passion flower,peruvian lily
4135,76,34,0,passion flower,alpine sea holly
4136,76,34,0,passion flower,alpine sea holly
4137,76,28,0,passion flower,artichoke
4138,76,37,0,passion flower,great masterwort
4139,76,24,0,passion flower,grape hyacinth
4140,76,91,0,passion flower,bee balm
4141,76,76,1,passion flower,passion flower
4142,76,21,0,passion flower,pincushion flower
4143,76,36,0,passion flower,cape flower
4144,76,83,0,passion flower,columbine
4145,76,34,0,passion flower,alpine sea holly
4146,76,56,0,passion flower,gaura
4147,76,24,0,passion flower,grape hyacinth
4148,76,9,0,passion flower,globe thistle
4149,76,9,0,passion flower,globe thistle
4150,76,83,0,passion flower,columbine
4151,76,48,0,passion flower,oxeye daisy
4152,76,56,0,passion flower,gaura
4153,76,12,0,passion flower,king protea
4154,76,9,0,passion flower,globe thistle
4155,76,78,0,passion flower,toad lily
4156,76,36,0,passion flower,cape flower
4157,76,34,0,passion flower,alpine sea holly
4158,76,74,0,passion flower,thorn apple
4159,76,34,0,passion flower,alpine sea holly
4160,76,74,0,passion flower,thorn apple
4161,76,34,0,passion flower,alpine sea holly
4162,76,56,0,passion flower,gaura
4163,76,37,0,passion flower,great masterwort
4164,76,34,0,passion flower,alpine sea holly
4165,76,34,0,passion flower,alpine sea holly
4166,76,34,0,passion flower,alpine sea holly
4167,76,56,0,passion flower,gaura
4168,76,97,0,passion flower,mexican petunia
4169,76,7,0,passion flower,bird of paradise
4170,76,21,0,passion flower,pincushion flower
4171,76,56,0,passion flower,gaura
4172,76,34,0,passion flower,alpine sea holly
4173,76,78,0,passion flower,toad lily
4174,76,78,0,passion flower,toad lily
4175,76,56,0,passion flower,gaura
4176,76,66,0,passion flower,spring crocus
4177,76,34,0,passion flower,alpine sea holly
4178,76,34,0,passion flower,alpine sea holly
4179,76,21,0,passion flower,pincushion flower
4180,76,9,0,passion flower,globe thistle
4181,76,21,0,passion flower,pincushion flower
4182,76,56,0,passion flower,gaura
4183,76,83,0,passion flower,columbine
4184,76,34,0,passion flower,alpine sea holly
4185,76,9,0,passion flower,globe thistle
4186,76,34,0,passion flower,alpine sea holly
4187,76,83,0,passion flower,columbine
4188,76,51,0,passion flower,wild pansy
4189,76,28,0,passion flower,artichoke
4190,76,66,0,passion flower,spring crocus
4191,76,78,0,passion flower,toad lily
4192,76,34,0,passion flower,alpine sea holly
4193,76,83,0,passion flower,columbine
4194,76,47,0,passion flower,buttercup
4195,76,34,0,passion flower,alpine sea holly
4196,76,83,0,passion flower,columbine
4197,76,56,0,passion flower,gaura
4198,76,56,0,passion flower,gaura
4199,76,8,0,passion flower,monkshood
4200,76,68,0,passion flower,windflower
4201,76,83,0,passion flower,columbine
4202,76,21,0,passion flower,pincushion flower
4203,76,37,0,passion flower,great masterwort
4204,76,91,0,passion flower,bee balm
4205,76,9,0,passion flower,globe thistle
4206,76,9,0,passion flower,globe thistle
4207,76,22,0,passion flower,fritillary
4208,76,24,0,passion flower,grape hyacinth
4209,76,51,0,passion flower,wild pansy
4210,76,32,0,passion flower,love in the mist
4211,76,83,0,passion flower,columbine
4212,76,56,0,passion flower,gaura
4213,76,9,0,passion flower,globe thistle
4214,76,18,0,passion flower,balloon flower
4215,76,34,0,passion flower,alpine sea holly
4216,76,24,0,passion flower,grape hyacinth
4217,76,21,0,passion flower,pincushion flower
4218,76,83,0,passion flower,columbine
4219,76,24,0,passion flower,grape hyacinth
4220,76,56,0,passion flower,gaura
4221,76,9,0,passion flower,globe thistle
4222,76,2,0,passion flower,canterbury bells
4223,76,9,0,passion flower,globe thistle
4224,76,9,0,passion flower,globe thistle
4225,76,34,0,passion flower,alpine sea holly
4226,76,32,0,passion flower,love in the mist
4227,76,34,0,passion flower,alpine sea holly
4228,76,12,0,passion flower,king protea
4229,76,34,0,passion flower,alpine sea holly
4230,76,68,0,passion flower,windflower
4231,76,24,0,passion flower,grape hyacinth
4232,76,51,0,passion flower,wild pansy
4233,76,24,0,passion flower,grape hyacinth
4234,76,9,0,passion flower,globe thistle
4235,76,34,0,passion flower,alpine sea holly
4236,76,34,0,passion flower,alpine sea holly
4237,76,66,0,passion flower,spring crocus
4238,76,66,0,passion flower,spring crocus
4239,76,83,0,passion flower,columbine
4240,76,78,0,passion flower,toad lily
4241,76,24,0,passion flower,grape hyacinth
4242,76,37,0,passion flower,great masterwort
4243,76,66,0,passion flower,spring crocus
4244,76,9,0,passion flower,globe thistle
4245,76,22,0,passion flower,fritillary
4246,76,9,0,passion flower,globe thistle
4247,76,51,0,passion flower,wild pansy
4248,76,83,0,passion flower,columbine
4249,76,78,0,passion flower,toad lily
4250,76,32,0,passion flower,love in the mist
4251,76,9,0,passion flower,globe thistle
4252,76,34,0,passion flower,alpine sea holly
4253,76,28,0,passion flower,artichoke
4254,76,9,0,passion flower,globe thistle
4255,76,36,0,passion flower,cape flower
4256,76,9,0,passion flower,globe thistle
4257,76,83,0,passion flower,columbine
4258,76,24,0,passion flower,grape hyacinth
4259,76,83,0,passion flower,columbine
4260,76,93,0,passion flower,foxglove
4261,76,66,0,passion flower,spring crocus
4262,76,9,0,passion flower,globe thistle
4263,76,12,0,passion flower,king protea
4264,76,36,0,passion flower,cape flower
4265,76,9,0,passion flower,globe thistle
4266,76,83,0,passion flower,columbine
4267,76,9,0,passion flower,globe thistle
4268,76,12,0,passion flower,king protea
4269,76,24,0,passion flower,grape hyacinth
4270,76,83,0,passion flower,columbine
4271,76,34,0,passion flower,alpine sea holly
4272,76,83,0,passion flower,columbine
4273,76,21,0,passion flower,pincushion flower
4274,76,8,0,passion flower,monkshood
4275,76,83,0,passion flower,columbine
4276,76,9,0,passion flower,globe thistle
4277,76,28,0,passion flower,artichoke
4278,76,68,0,passion flower,windflower
4279,76,14,0,passion flower,yellow iris
4280,76,56,0,passion flower,gaura
4281,76,83,0,passion flower,columbine
4282,76,9,0,passion flower,globe thistle
4283,76,74,0,passion flower,thorn apple
4284,76,83,0,passion flower,columbine
4285,76,91,0,passion flower,bee balm
4286,76,9,0,passion flower,globe thistle
4287,76,9,0,passion flower,globe thistle
4288,76,36,0,passion flower,cape flower
4289,76,78,0,passion flower,toad lily
4290,76,83,0,passion flower,columbine
4291,76,34,0,passion flower,alpine sea holly
4292,76,24,0,passion flower,grape hyacinth
4293,76,9,0,passion flower,globe thistle
4294,76,78,0,passion flower,toad lily
4295,76,24,0,passion flower,grape hyacinth
4296,76,9,0,passion flower,globe thistle
4297,76,28,0,passion flower,artichoke
4298,76,32,0,passion flower,love in the mist
4299,76,78,0,passion flower,toad lily
4300,76,34,0,passion flower,alpine sea holly
4301,76,9,0,passion flower,globe thistle
4302,76,9,0,passion flower,globe thistle
4303,76,83,0,passion flower,columbine
4304,76,66,0,passion flower,spring crocus
4305,76,12,0,passion flower,king protea
4306,76,83,0,passion flower,columbine
4307,76,83,0,passion flower,columbine
4308,76,56,0,passion flower,gaura
4309,76,44,0,passion flower,bolero deep blue
4310,76,59,0,passion flower,pink-yellow dahlia?
4311,76,78,0,passion flower,toad lily
4312,76,36,0,passion flower,cape flower
4313,76,21,0,passion flower,pincushion flower
4314,76,21,0,passion flower,pincushion flower
4315,76,59,0,passion flower,pink-yellow dahlia?
4316,76,78,0,passion flower,toad lily
4317,76,81,0,passion flower,clematis
4318,76,60,0,passion flower,cautleya spicata
4319,76,66,0,passion flower,spring crocus
4320,76,9,0,passion flower,globe thistle
4321,76,44,0,passion flower,bolero deep blue
4322,76,78,0,passion flower,toad lily
4323,76,9,0,passion flower,globe thistle
4324,76,37,0,passion flower,great masterwort
4325,76,24,0,passion flower,grape hyacinth
4326,76,34,0,passion flower,alpine sea holly
4327,76,92,0,passion flower,ball moss
4328,76,66,0,passion flower,spring crocus
4329,76,32,0,passion flower,love in the mist
4330,76,1,0,passion flower,hard-leaved pocket orchid
4331,76,9,0,passion flower,globe thistle
4332,77,63,0,lotus,silverbush
4333,77,78,0,lotus,toad lily
4334,77,73,0,lotus,rose
4335,77,68,0,lotus,windflower
4336,77,77,1,lotus,lotus
4337,77,77,1,lotus,lotus
4338,77,68,0,lotus,windflower
4339,77,54,0,lotus,pelargonium
4340,77,24,0,lotus,grape hyacinth
4341,77,77,1,lotus,lotus
4342,77,68,0,lotus,windflower
4343,77,77,1,lotus,lotus
4344,77,77,1,lotus,lotus
4345,77,54,0,lotus,pelargonium
4346,77,63,0,lotus,silverbush
4347,77,85,0,lotus,tree mallow
4348,77,85,0,lotus,tree mallow
4349,77,0,0,lotus,pink primrose
4350,77,77,1,lotus,lotus
4351,77,77,1,lotus,lotus
4352,77,38,0,lotus,siam tulip
4353,77,74,0,lotus,thorn apple
4354,77,68,0,lotus,windflower
4355,77,38,0,lotus,siam tulip
4356,77,77,1,lotus,lotus
4357,77,63,0,lotus,silverbush
4358,77,77,1,lotus,lotus
4359,77,92,0,lotus,ball moss
4360,77,0,0,lotus,pink primrose
4361,77,68,0,lotus,windflower
4362,77,65,0,lotus,osteospermum
4363,77,38,0,lotus,siam tulip
4364,77,33,0,lotus,mexican aster
4365,77,67,0,lotus,bearded iris
4366,77,73,0,lotus,rose
4367,77,68,0,lotus,windflower
4368,77,63,0,lotus,silverbush
4369,77,77,1,lotus,lotus
4370,77,33,0,lotus,mexican aster
4371,77,63,0,lotus,silverbush
4372,77,77,1,lotus,lotus
4373,77,0,0,lotus,pink primrose
4374,77,67,0,lotus,bearded iris
4375,77,77,1,lotus,lotus
4376,77,68,0,lotus,windflower
4377,77,77,1,lotus,lotus
4378,77,63,0,lotus,silverbush
4379,77,85,0,lotus,tree mallow
4380,77,7,0,lotus,bird of paradise
4381,77,77,1,lotus,lotus
4382,77,96,0,lotus,mallow
4383,77,1,0,lotus,hard-leaved pocket orchid
4384,77,68,0,lotus,windflower
4385,77,71,0,lotus,azalea
4386,77,50,0,lotus,petunia
4387,77,77,1,lotus,lotus
4388,77,77,1,lotus,lotus
4389,77,77,1,lotus,lotus
4390,77,21,0,lotus,pincushion flower
4391,77,0,0,lotus,pink primrose
4392,77,77,1,lotus,lotus
4393,77,77,1,lotus,lotus
4394,77,68,0,lotus,windflower
4395,77,96,0,lotus,mallow
4396,77,6,0,lotus,moon orchid
4397,77,77,1,lotus,lotus
4398,77,77,1,lotus,lotus
4399,77,77,1,lotus,lotus
4400,77,68,0,lotus,windflower
4401,77,50,0,lotus,petunia
4402,77,16,0,lotus,purple coneflower
4403,77,77,1,lotus,lotus
4404,77,73,0,lotus,rose
4405,77,29,0,lotus,sweet william
4406,77,77,1,lotus,lotus
4407,77,67,0,lotus,bearded iris
4408,77,96,0,lotus,mallow
4409,77,77,1,lotus,lotus
4410,77,77,1,lotus,lotus
4411,77,38,0,lotus,siam tulip
4412,77,24,0,lotus,grape hyacinth
4413,77,0,0,lotus,pink primrose
4414,77,56,0,lotus,gaura
4415,77,68,0,lotus,windflower
4416,77,78,0,lotus,toad lily
4417,77,77,1,lotus,lotus
4418,77,68,0,lotus,windflower
4419,77,38,0,lotus,siam tulip
4420,77,68,0,lotus,windflower
4421,77,16,0,lotus,purple coneflower
4422,77,63,0,lotus,silverbush
4423,77,16,0,lotus,purple coneflower
4424,77,78,0,lotus,toad lily
4425,77,77,1,lotus,lotus
4426,77,17,0,lotus,peruvian lily
4427,77,68,0,lotus,windflower
4428,77,77,1,lotus,lotus
4429,77,63,0,lotus,silverbush
4430,77,38,0,lotus,siam tulip
4431,77,59,0,lotus,pink-yellow dahlia?
4432,77,21,0,lotus,pincushion flower
4433,77,77,1,lotus,lotus
4434,77,63,0,lotus,silverbush
4435,77,77,1,lotus,lotus
4436,77,63,0,lotus,silverbush
4437,77,77,1,lotus,lotus
4438,77,63,0,lotus,silverbush
4439,77,97,0,lotus,mexican petunia
4440,77,96,0,lotus,mallow
4441,77,77,1,lotus,lotus
4442,77,77,1,lotus,lotus
4443,77,6,0,lotus,moon orchid
4444,77,65,0,lotus,osteospermum
4445,77,68,0,lotus,windflower
4446,77,0,0,lotus,pink primrose
4447,77,77,1,lotus,lotus
4448,77,77,1,lotus,lotus
4449,78,13,0,toad lily,spear thistle
4450,78,56,0,toad lily,gaura
4451,78,78,1,toad lily,toad lily
4452,78,56,0,toad lily,gaura
4453,78,65,0,toad lily,osteospermum
4454,78,78,1,toad lily,toad lily
4455,78,78,1,toad lily,toad lily
4456,78,36,0,toad lily,cape flower
4457,78,32,0,toad lily,love in the mist
4458,78,38,0,toad lily,siam tulip
4459,78,78,1,toad lily,toad lily
4460,78,56,0,toad lily,gaura
4461,78,78,1,toad lily,toad lily
4462,78,78,1,toad lily,toad lily
4463,78,78,1,toad lily,toad lily
4464,78,56,0,toad lily,gaura
4465,78,83,0,toad lily,columbine
4466,78,9,0,toad lily,globe thistle
4467,78,83,0,toad lily,columbine
4468,78,83,0,toad lily,columbine
4469,78,78,1,toad lily,toad lily
4470,79,43,0,anthurium,poinsettia
4471,79,7,0,anthurium,bird of paradise
4472,79,98,0,anthurium,bromelia
4473,79,90,0,anthurium,hippeastrum
4474,79,73,0,anthurium,rose
4475,79,98,0,anthurium,bromelia
4476,79,43,0,anthurium,poinsettia
4477,79,55,0,anthurium,bishop of llandaff
4478,79,17,0,anthurium,peruvian lily
4479,79,30,0,anthurium,carnation
4480,79,25,0,anthurium,corn poppy
4481,79,25,0,anthurium,corn poppy
4482,79,43,0,anthurium,poinsettia
4483,79,98,0,anthurium,bromelia
4484,79,23,0,anthurium,red ginger
4485,79,98,0,anthurium,bromelia
4486,79,25,0,anthurium,corn poppy
4487,79,96,0,anthurium,mallow
4488,79,25,0,anthurium,corn poppy
4489,79,43,0,anthurium,poinsettia
4490,79,25,0,anthurium,corn poppy
4491,79,59,0,anthurium,pink-yellow dahlia?
4492,79,16,0,anthurium,purple coneflower
4493,79,80,0,anthurium,frangipani
4494,79,59,0,anthurium,pink-yellow dahlia?
4495,79,77,0,anthurium,lotus
4496,79,59,0,anthurium,pink-yellow dahlia?
4497,79,5,0,anthurium,tiger lily
4498,79,59,0,anthurium,pink-yellow dahlia?
4499,79,98,0,anthurium,bromelia
4500,79,43,0,anthurium,poinsettia
4501,79,73,0,anthurium,rose
4502,79,73,0,anthurium,rose
4503,79,20,0,anthurium,fire lily
4504,79,20,0,anthurium,fire lily
4505,79,98,0,anthurium,bromelia
4506,79,73,0,anthurium,rose
4507,79,43,0,anthurium,poinsettia
4508,79,70,0,anthurium,gazania
4509,79,63,0,anthurium,silverbush
4510,79,20,0,anthurium,fire lily
4511,79,23,0,anthurium,red ginger
4512,79,1,0,anthurium,hard-leaved pocket orchid
4513,79,23,0,anthurium,red ginger
4514,79,59,0,anthurium,pink-yellow dahlia?
4515,79,84,0,anthurium,desert-rose
4516,79,73,0,anthurium,rose
4517,79,73,0,anthurium,rose
4518,79,73,0,anthurium,rose
4519,79,98,0,anthurium,bromelia
4520,79,43,0,anthurium,poinsettia
4521,79,17,0,anthurium,peruvian lily
4522,79,73,0,anthurium,rose
4523,79,43,0,anthurium,poinsettia
4524,79,73,0,anthurium,rose
4525,79,43,0,anthurium,poinsettia
4526,79,27,0,anthurium,stemless gentian
4527,79,43,0,anthurium,poinsettia
4528,79,71,0,anthurium,azalea
4529,79,43,0,anthurium,poinsettia
4530,79,0,0,anthurium,pink primrose
4531,79,101,0,anthurium,blackberry lily
4532,79,73,0,anthurium,rose
4533,79,98,0,anthurium,bromelia
4534,79,59,0,anthurium,pink-yellow dahlia?
4535,79,12,0,anthurium,king protea
4536,79,25,0,anthurium,corn poppy
4537,79,73,0,anthurium,rose
4538,79,98,0,anthurium,bromelia
4539,79,25,0,anthurium,corn poppy
4540,79,57,0,anthurium,geranium
4541,79,98,0,anthurium,bromelia
4542,79,59,0,anthurium,pink-yellow dahlia?
4543,79,25,0,anthurium,corn poppy
4544,79,12,0,anthurium,king protea
4545,79,23,0,anthurium,red ginger
4546,79,43,0,anthurium,poinsettia
4547,79,57,0,anthurium,geranium
4548,79,79,1,anthurium,anthurium
4549,79,20,0,anthurium,fire lily
4550,79,43,0,anthurium,poinsettia
4551,79,79,1,anthurium,anthurium
4552,79,59,0,anthurium,pink-yellow dahlia?
4553,79,25,0,anthurium,corn poppy
4554,79,77,0,anthurium,lotus
4555,80,80,1,frangipani,frangipani
4556,80,80,1,frangipani,frangipani
4557,80,80,1,frangipani,frangipani
4558,80,68,0,frangipani,windflower
4559,80,80,1,frangipani,frangipani
4560,80,2,0,frangipani,canterbury bells
4561,80,80,1,frangipani,frangipani
4562,80,14,0,frangipani,yellow iris
4563,80,63,0,frangipani,silverbush
4564,80,68,0,frangipani,windflower
4565,80,80,1,frangipani,frangipani
4566,80,80,1,frangipani,frangipani
4567,80,80,1,frangipani,frangipani
4568,80,41,0,frangipani,daffodil
4569,80,52,0,frangipani,primula
4570,80,80,1,frangipani,frangipani
4571,80,80,1,frangipani,frangipani
4572,80,80,1,frangipani,frangipani
4573,80,68,0,frangipani,windflower
4574,80,80,1,frangipani,frangipani
4575,80,68,0,frangipani,windflower
4576,80,80,1,frangipani,frangipani
4577,80,80,1,frangipani,frangipani
4578,80,80,1,frangipani,frangipani
4579,80,80,1,frangipani,frangipani
4580,80,80,1,frangipani,frangipani
4581,80,80,1,frangipani,frangipani
4582,80,19,0,frangipani,giant white arum lily
4583,80,41,0,frangipani,daffodil
4584,80,80,1,frangipani,frangipani
4585,80,80,1,frangipani,frangipani
4586,80,80,1,frangipani,frangipani
4587,80,80,1,frangipani,frangipani
4588,80,41,0,frangipani,daffodil
4589,80,80,1,frangipani,frangipani
4590,80,63,0,frangipani,silverbush
4591,80,68,0,frangipani,windflower
4592,80,47,0,frangipani,buttercup
4593,80,74,0,frangipani,thorn apple
4594,80,80,1,frangipani,frangipani
4595,80,80,1,frangipani,frangipani
4596,80,68,0,frangipani,windflower
4597,80,80,1,frangipani,frangipani
4598,80,80,1,frangipani,frangipani
4599,80,96,0,frangipani,mallow
4600,80,80,1,frangipani,frangipani
4601,80,80,1,frangipani,frangipani
4602,80,80,1,frangipani,frangipani
4603,80,80,1,frangipani,frangipani
4604,80,80,1,frangipani,frangipani
4605,80,80,1,frangipani,frangipani
4606,80,12,0,frangipani,king protea
4607,80,80,1,frangipani,frangipani
4608,80,7,0,frangipani,bird of paradise
4609,80,80,1,frangipani,frangipani
4610,80,80,1,frangipani,frangipani
4611,80,41,0,frangipani,daffodil
4612,80,56,0,frangipani,gaura
4613,80,80,1,frangipani,frangipani
4614,80,80,1,frangipani,frangipani
4615,80,68,0,frangipani,windflower
4616,80,80,1,frangipani,frangipani
4617,80,63,0,frangipani,silverbush
4618,80,19,0,frangipani,giant white arum lily
4619,80,68,0,frangipani,windflower
4620,80,80,1,frangipani,frangipani
4621,80,52,0,frangipani,primula
4622,80,19,0,frangipani,giant white arum lily
4623,80,56,0,frangipani,gaura
4624,80,80,1,frangipani,frangipani
4625,80,80,1,frangipani,frangipani
4626,80,52,0,frangipani,primula
4627,80,68,0,frangipani,windflower
4628,80,80,1,frangipani,frangipani
4629,80,68,0,frangipani,windflower
4630,80,66,0,frangipani,spring crocus
4631,80,68,0,frangipani,windflower
4632,80,80,1,frangipani,frangipani
4633,80,68,0,frangipani,windflower
4634,80,68,0,frangipani,windflower
4635,80,41,0,frangipani,daffodil
4636,80,11,0,frangipani,colt's foot
4637,80,19,0,frangipani,giant white arum lily
4638,80,80,1,frangipani,frangipani
4639,80,68,0,frangipani,windflower
4640,80,34,0,frangipani,alpine sea holly
4641,80,80,1,frangipani,frangipani
4642,80,68,0,frangipani,windflower
4643,80,68,0,frangipani,windflower
4644,80,80,1,frangipani,frangipani
4645,80,68,0,frangipani,windflower
4646,80,56,0,frangipani,gaura
4647,80,63,0,frangipani,silverbush
4648,80,14,0,frangipani,yellow iris
4649,80,80,1,frangipani,frangipani
4650,80,80,1,frangipani,frangipani
4651,80,96,0,frangipani,mallow
4652,80,14,0,frangipani,yellow iris
4653,80,80,1,frangipani,frangipani
4654,80,80,1,frangipani,frangipani
4655,80,52,0,frangipani,primula
4656,80,68,0,frangipani,windflower
4657,80,80,1,frangipani,frangipani
4658,80,63,0,frangipani,silverbush
4659,80,52,0,frangipani,primula
4660,80,68,0,frangipani,windflower
4661,80,63,0,frangipani,silverbush
4662,80,68,0,frangipani,windflower
4663,80,11,0,frangipani,colt's foot
4664,80,14,0,frangipani,yellow iris
4665,80,80,1,frangipani,frangipani
4666,80,68,0,frangipani,windflower
4667,80,34,0,frangipani,alpine sea holly
4668,80,24,0,frangipani,grape hyacinth
4669,80,63,0,frangipani,silverbush
4670,80,50,0,frangipani,petunia
4671,80,53,0,frangipani,sunflower
4672,80,80,1,frangipani,frangipani
4673,80,80,1,frangipani,frangipani
4674,80,80,1,frangipani,frangipani
4675,80,70,0,frangipani,gazania
4676,80,80,1,frangipani,frangipani
4677,80,14,0,frangipani,yellow iris
4678,80,68,0,frangipani,windflower
4679,80,80,1,frangipani,frangipani
4680,80,80,1,frangipani,frangipani
4681,80,80,1,frangipani,frangipani
4682,80,80,1,frangipani,frangipani
4683,80,68,0,frangipani,windflower
4684,80,14,0,frangipani,yellow iris
4685,80,6,0,frangipani,moon orchid
4686,80,69,0,frangipani,tree poppy
4687,80,68,0,frangipani,windflower
4688,80,80,1,frangipani,frangipani
4689,80,14,0,frangipani,yellow iris
4690,80,50,0,frangipani,petunia
4691,80,80,1,frangipani,frangipani
4692,80,63,0,frangipani,silverbush
4693,80,80,1,frangipani,frangipani
4694,80,80,1,frangipani,frangipani
4695,80,80,1,frangipani,frangipani
4696,80,68,0,frangipani,windflower
4697,80,80,1,frangipani,frangipani
4698,80,68,0,frangipani,windflower
4699,80,80,1,frangipani,frangipani
4700,80,80,1,frangipani,frangipani
4701,81,21,0,clematis,pincushion flower
4702,81,97,0,clematis,mexican petunia
4703,81,33,0,clematis,mexican aster
4704,81,2,0,clematis,canterbury bells
4705,81,16,0,clematis,purple coneflower
4706,81,68,0,clematis,windflower
4707,81,24,0,clematis,grape hyacinth
4708,81,22,0,clematis,fritillary
4709,81,24,0,clematis,grape hyacinth
4710,81,18,0,clematis,balloon flower
4711,81,44,0,clematis,bolero deep blue
4712,81,28,0,clematis,artichoke
4713,81,44,0,clematis,bolero deep blue
4714,81,44,0,clematis,bolero deep blue
4715,81,24,0,clematis,grape hyacinth
4716,81,81,1,clematis,clematis
4717,81,0,0,clematis,pink primrose
4718,81,3,0,clematis,sweet pea
4719,81,44,0,clematis,bolero deep blue
4720,81,24,0,clematis,grape hyacinth
4721,81,2,0,clematis,canterbury bells
4722,81,21,0,clematis,pincushion flower
4723,81,44,0,clematis,bolero deep blue
4724,81,44,0,clematis,bolero deep blue
4725,81,44,0,clematis,bolero deep blue
4726,81,24,0,clematis,grape hyacinth
4727,81,44,0,clematis,bolero deep blue
4728,81,44,0,clematis,bolero deep blue
4729,81,36,0,clematis,cape flower
4730,81,24,0,clematis,grape hyacinth
4731,81,21,0,clematis,pincushion flower
4732,81,83,0,clematis,columbine
4733,81,51,0,clematis,wild pansy
4734,81,2,0,clematis,canterbury bells
4735,81,0,0,clematis,pink primrose
4736,81,81,1,clematis,clematis
4737,81,54,0,clematis,pelargonium
4738,81,36,0,clematis,cape flower
4739,81,18,0,clematis,balloon flower
4740,81,6,0,clematis,moon orchid
4741,81,28,0,clematis,artichoke
4742,81,44,0,clematis,bolero deep blue
4743,81,75,0,clematis,morning glory
4744,81,21,0,clematis,pincushion flower
4745,81,93,0,clematis,foxglove
4746,81,2,0,clematis,canterbury bells
4747,81,65,0,clematis,osteospermum
4748,81,44,0,clematis,bolero deep blue
4749,81,2,0,clematis,canterbury bells
4750,81,0,0,clematis,pink primrose
4751,81,97,0,clematis,mexican petunia
4752,81,2,0,clematis,canterbury bells
4753,81,0,0,clematis,pink primrose
4754,81,33,0,clematis,mexican aster
4755,81,44,0,clematis,bolero deep blue
4756,81,51,0,clematis,wild pansy
4757,81,68,0,clematis,windflower
4758,81,28,0,clematis,artichoke
4759,81,0,0,clematis,pink primrose
4760,81,68,0,clematis,windflower
4761,81,66,0,clematis,spring crocus
4762,81,36,0,clematis,cape flower
4763,81,44,0,clematis,bolero deep blue
4764,81,51,0,clematis,wild pansy
4765,81,18,0,clematis,balloon flower
4766,81,21,0,clematis,pincushion flower
4767,81,0,0,clematis,pink primrose
4768,81,24,0,clematis,grape hyacinth
4769,81,2,0,clematis,canterbury bells
4770,81,21,0,clematis,pincushion flower
4771,81,24,0,clematis,grape hyacinth
4772,81,18,0,clematis,balloon flower
4773,81,91,0,clematis,bee balm
4774,81,18,0,clematis,balloon flower
4775,81,44,0,clematis,bolero deep blue
4776,81,24,0,clematis,grape hyacinth
4777,81,18,0,clematis,balloon flower
4778,81,21,0,clematis,pincushion flower
4779,81,75,0,clematis,morning glory
4780,81,6,0,clematis,moon orchid
4781,81,44,0,clematis,bolero deep blue
4782,81,12,0,clematis,king protea
4783,81,8,0,clematis,monkshood
4784,81,21,0,clematis,pincushion flower
4785,81,16,0,clematis,purple coneflower
4786,81,65,0,clematis,osteospermum
4787,81,24,0,clematis,grape hyacinth
4788,81,21,0,clematis,pincushion flower
4789,81,24,0,clematis,grape hyacinth
4790,81,0,0,clematis,pink primrose
4791,81,29,0,clematis,sweet william
4792,81,21,0,clematis,pincushion flower
4793,82,97,0,hibiscus,mexican petunia
4794,82,43,0,hibiscus,poinsettia
4795,82,98,0,hibiscus,bromelia
4796,82,58,0,hibiscus,orange dahlia
4797,82,54,0,hibiscus,pelargonium
4798,82,43,0,hibiscus,poinsettia
4799,82,58,0,hibiscus,orange dahlia
4800,82,43,0,hibiscus,poinsettia
4801,82,98,0,hibiscus,bromelia
4802,82,71,0,hibiscus,azalea
4803,82,17,0,hibiscus,peruvian lily
4804,82,47,0,hibiscus,buttercup
4805,82,98,0,hibiscus,bromelia
4806,82,46,0,hibiscus,marigold
4807,82,47,0,hibiscus,buttercup
4808,82,92,0,hibiscus,ball moss
4809,82,25,0,hibiscus,corn poppy
4810,82,57,0,hibiscus,geranium
4811,82,11,0,hibiscus,colt's foot
4812,82,46,0,hibiscus,marigold
4813,82,43,0,hibiscus,poinsettia
4814,82,58,0,hibiscus,orange dahlia
4815,82,74,0,hibiscus,thorn apple
4816,82,37,0,hibiscus,great masterwort
4817,82,25,0,hibiscus,corn poppy
4818,82,55,0,hibiscus,bishop of llandaff
4819,82,40,0,hibiscus,barbeton daisy
4820,82,43,0,hibiscus,poinsettia
4821,82,21,0,hibiscus,pincushion flower
4822,82,101,0,hibiscus,blackberry lily
4823,82,81,0,hibiscus,clematis
4824,82,46,0,hibiscus,marigold
4825,82,71,0,hibiscus,azalea
4826,82,46,0,hibiscus,marigold
4827,82,2,0,hibiscus,canterbury bells
4828,82,68,0,hibiscus,windflower
4829,82,15,0,hibiscus,globe-flower
4830,82,98,0,hibiscus,bromelia
4831,82,101,0,hibiscus,blackberry lily
4832,82,101,0,hibiscus,blackberry lily
4833,82,57,0,hibiscus,geranium
4834,82,55,0,hibiscus,bishop of llandaff
4835,82,5,0,hibiscus,tiger lily
4836,82,75,0,hibiscus,morning glory
4837,82,58,0,hibiscus,orange dahlia
4838,82,17,0,hibiscus,peruvian lily
4839,82,98,0,hibiscus,bromelia
4840,82,47,0,hibiscus,buttercup
4841,82,80,0,hibiscus,frangipani
4842,82,43,0,hibiscus,poinsettia
4843,82,11,0,hibiscus,colt's foot
4844,82,43,0,hibiscus,poinsettia
4845,82,25,0,hibiscus,corn poppy
4846,82,11,0,hibiscus,colt's foot
4847,82,50,0,hibiscus,petunia
4848,82,73,0,hibiscus,rose
4849,82,59,0,hibiscus,pink-yellow dahlia?
4850,82,4,0,hibiscus,english marigold
4851,82,25,0,hibiscus,corn poppy
4852,82,43,0,hibiscus,poinsettia
4853,82,43,0,hibiscus,poinsettia
4854,82,55,0,hibiscus,bishop of llandaff
4855,82,12,0,hibiscus,king protea
4856,82,25,0,hibiscus,corn poppy
4857,82,73,0,hibiscus,rose
4858,82,43,0,hibiscus,poinsettia
4859,82,73,0,hibiscus,rose
4860,82,43,0,hibiscus,poinsettia
4861,82,75,0,hibiscus,morning glory
4862,82,25,0,hibiscus,corn poppy
4863,82,63,0,hibiscus,silverbush
4864,82,0,0,hibiscus,pink primrose
4865,82,21,0,hibiscus,pincushion flower
4866,82,29,0,hibiscus,sweet william
4867,82,1,0,hibiscus,hard-leaved pocket orchid
4868,82,55,0,hibiscus,bishop of llandaff
4869,82,43,0,hibiscus,poinsettia
4870,82,88,0,hibiscus,watercress
4871,82,57,0,hibiscus,geranium
4872,82,46,0,hibiscus,marigold
4873,82,6,0,hibiscus,moon orchid
4874,82,71,0,hibiscus,azalea
4875,82,71,0,hibiscus,azalea
4876,82,5,0,hibiscus,tiger lily
4877,82,82,1,hibiscus,hibiscus
4878,82,95,0,hibiscus,camellia
4879,82,98,0,hibiscus,bromelia
4880,82,96,0,hibiscus,mallow
4881,82,57,0,hibiscus,geranium
4882,82,43,0,hibiscus,poinsettia
4883,82,98,0,hibiscus,bromelia
4884,82,55,0,hibiscus,bishop of llandaff
4885,82,59,0,hibiscus,pink-yellow dahlia?
4886,82,43,0,hibiscus,poinsettia
4887,82,29,0,hibiscus,sweet william
4888,82,59,0,hibiscus,pink-yellow dahlia?
4889,82,54,0,hibiscus,pelargonium
4890,82,101,0,hibiscus,blackberry lily
4891,82,6,0,hibiscus,moon orchid
4892,82,98,0,hibiscus,bromelia
4893,82,43,0,hibiscus,poinsettia
4894,82,80,0,hibiscus,frangipani
4895,82,57,0,hibiscus,geranium
4896,82,101,0,hibiscus,blackberry lily
4897,82,1,0,hibiscus,hard-leaved pocket orchid
4898,82,59,0,hibiscus,pink-yellow dahlia?
4899,82,21,0,hibiscus,pincushion flower
4900,82,77,0,hibiscus,lotus
4901,82,71,0,hibiscus,azalea
4902,82,55,0,hibiscus,bishop of llandaff
4903,82,98,0,hibiscus,bromelia
4904,83,77,0,columbine,lotus
4905,83,60,0,columbine,cautleya spicata
4906,83,34,0,columbine,alpine sea holly
4907,83,68,0,columbine,windflower
4908,83,17,0,columbine,peruvian lily
4909,83,6,0,columbine,moon orchid
4910,83,43,0,columbine,poinsettia
4911,83,36,0,columbine,cape flower
4912,83,66,0,columbine,spring crocus
4913,83,80,0,columbine,frangipani
4914,83,66,0,columbine,spring crocus
4915,83,29,0,columbine,sweet william
4916,83,41,0,columbine,daffodil
4917,83,77,0,columbine,lotus
4918,83,37,0,columbine,great masterwort
4919,83,6,0,columbine,moon orchid
4920,83,77,0,columbine,lotus
4921,83,21,0,columbine,pincushion flower
4922,83,34,0,columbine,alpine sea holly
4923,83,96,0,columbine,mallow
4924,83,29,0,columbine,sweet william
4925,83,51,0,columbine,wild pansy
4926,83,96,0,columbine,mallow
4927,83,83,1,columbine,columbine
4928,83,96,0,columbine,mallow
4929,83,69,0,columbine,tree poppy
4930,83,74,0,columbine,thorn apple
4931,83,17,0,columbine,peruvian lily
4932,83,17,0,columbine,peruvian lily
4933,83,70,0,columbine,gazania
4934,83,56,0,columbine,gaura
4935,83,96,0,columbine,mallow
4936,83,2,0,columbine,canterbury bells
4937,83,29,0,columbine,sweet william
4938,83,7,0,columbine,bird of paradise
4939,83,17,0,columbine,peruvian lily
4940,83,29,0,columbine,sweet william
4941,83,95,0,columbine,camellia
4942,83,21,0,columbine,pincushion flower
4943,83,26,0,columbine,prince of wales feathers
4944,83,29,0,columbine,sweet william
4945,83,28,0,columbine,artichoke
4946,83,47,0,columbine,buttercup
4947,83,7,0,columbine,bird of paradise
4948,83,12,0,columbine,king protea
4949,83,17,0,columbine,peruvian lily
4950,83,96,0,columbine,mallow
4951,83,47,0,columbine,buttercup
4952,83,70,0,columbine,gazania
4953,83,77,0,columbine,lotus
4954,83,34,0,columbine,alpine sea holly
4955,83,7,0,columbine,bird of paradise
4956,83,24,0,columbine,grape hyacinth
4957,83,21,0,columbine,pincushion flower
4958,83,6,0,columbine,moon orchid
4959,83,21,0,columbine,pincushion flower
4960,83,86,0,columbine,magnolia
4961,83,56,0,columbine,gaura
4962,83,101,0,columbine,blackberry lily
4963,83,29,0,columbine,sweet william
4964,83,60,0,columbine,cautleya spicata
4965,83,96,0,columbine,mallow
4966,83,41,0,columbine,daffodil
4967,83,68,0,columbine,windflower
4968,83,17,0,columbine,peruvian lily
4969,83,83,1,columbine,columbine
4970,84,73,0,desert-rose,rose
4971,84,17,0,desert-rose,peruvian lily
4972,84,43,0,desert-rose,poinsettia
4973,84,29,0,desert-rose,sweet william
4974,84,77,0,desert-rose,lotus
4975,84,73,0,desert-rose,rose
4976,84,81,0,desert-rose,clematis
4977,84,71,0,desert-rose,azalea
4978,84,13,0,desert-rose,spear thistle
4979,84,43,0,desert-rose,poinsettia
4980,84,77,0,desert-rose,lotus
4981,84,29,0,desert-rose,sweet william
4982,84,13,0,desert-rose,spear thistle
4983,84,17,0,desert-rose,peruvian lily
4984,84,29,0,desert-rose,sweet william
4985,84,21,0,desert-rose,pincushion flower
4986,84,29,0,desert-rose,sweet william
4987,84,13,0,desert-rose,spear thistle
4988,84,65,0,desert-rose,osteospermum
4989,84,29,0,desert-rose,sweet william
4990,84,96,0,desert-rose,mallow
4991,84,84,1,desert-rose,desert-rose
4992,84,20,0,desert-rose,fire lily
4993,84,73,0,desert-rose,rose
4994,84,16,0,desert-rose,purple coneflower
4995,84,29,0,desert-rose,sweet william
4996,84,73,0,desert-rose,rose
4997,84,92,0,desert-rose,ball moss
4998,84,12,0,desert-rose,king protea
4999,84,98,0,desert-rose,bromelia
5000,84,43,0,desert-rose,poinsettia
5001,84,29,0,desert-rose,sweet william
5002,84,71,0,desert-rose,azalea
5003,84,77,0,desert-rose,lotus
5004,84,43,0,desert-rose,poinsettia
5005,84,43,0,desert-rose,poinsettia
5006,84,29,0,desert-rose,sweet william
5007,84,29,0,desert-rose,sweet william
5008,84,29,0,desert-rose,sweet william
5009,84,43,0,desert-rose,poinsettia
5010,84,29,0,desert-rose,sweet william
5011,84,17,0,desert-rose,peruvian lily
5012,84,29,0,desert-rose,sweet william
5013,85,17,0,tree mallow,peruvian lily
5014,85,71,0,tree mallow,azalea
5015,85,29,0,tree mallow,sweet william
5016,85,59,0,tree mallow,pink-yellow dahlia?
5017,85,71,0,tree mallow,azalea
5018,85,77,0,tree mallow,lotus
5019,85,29,0,tree mallow,sweet william
5020,85,71,0,tree mallow,azalea
5021,85,36,0,tree mallow,cape flower
5022,85,16,0,tree mallow,purple coneflower
5023,85,29,0,tree mallow,sweet william
5024,85,71,0,tree mallow,azalea
5025,85,71,0,tree mallow,azalea
5026,85,0,0,tree mallow,pink primrose
5027,85,0,0,tree mallow,pink primrose
5028,85,65,0,tree mallow,osteospermum
5029,85,0,0,tree mallow,pink primrose
5030,85,71,0,tree mallow,azalea
5031,85,71,0,tree mallow,azalea
5032,85,38,0,tree mallow,siam tulip
5033,85,98,0,tree mallow,bromelia
5034,85,97,0,tree mallow,mexican petunia
5035,85,71,0,tree mallow,azalea
5036,85,2,0,tree mallow,canterbury bells
5037,85,71,0,tree mallow,azalea
5038,85,44,0,tree mallow,bolero deep blue
5039,85,71,0,tree mallow,azalea
5040,85,71,0,tree mallow,azalea
5041,85,71,0,tree mallow,azalea
5042,85,85,1,tree mallow,tree mallow
5043,85,92,0,tree mallow,ball moss
5044,85,29,0,tree mallow,sweet william
5045,85,71,0,tree mallow,azalea
5046,85,71,0,tree mallow,azalea
5047,85,77,0,tree mallow,lotus
5048,85,65,0,tree mallow,osteospermum
5049,85,71,0,tree mallow,azalea
5050,85,71,0,tree mallow,azalea
5051,86,29,0,magnolia,sweet william
5052,86,96,0,magnolia,mallow
5053,86,12,0,magnolia,king protea
5054,86,21,0,magnolia,pincushion flower
5055,86,36,0,magnolia,cape flower
5056,86,1,0,magnolia,hard-leaved pocket orchid
5057,86,12,0,magnolia,king protea
5058,86,29,0,magnolia,sweet william
5059,86,96,0,magnolia,mallow
5060,86,12,0,magnolia,king protea
5061,86,96,0,magnolia,mallow
5062,86,12,0,magnolia,king protea
5063,86,54,0,magnolia,pelargonium
5064,86,12,0,magnolia,king protea
5065,86,24,0,magnolia,grape hyacinth
5066,86,68,0,magnolia,windflower
5067,86,63,0,magnolia,silverbush
5068,86,80,0,magnolia,frangipani
5069,86,63,0,magnolia,silverbush
5070,86,3,0,magnolia,sweet pea
5071,86,34,0,magnolia,alpine sea holly
5072,86,86,1,magnolia,magnolia
5073,86,6,0,magnolia,moon orchid
5074,86,41,0,magnolia,daffodil
5075,86,21,0,magnolia,pincushion flower
5076,86,6,0,magnolia,moon orchid
5077,86,28,0,magnolia,artichoke
5078,86,12,0,magnolia,king protea
5079,86,17,0,magnolia,peruvian lily
5080,86,12,0,magnolia,king protea
5081,86,12,0,magnolia,king protea
5082,86,12,0,magnolia,king protea
5083,86,6,0,magnolia,moon orchid
5084,86,17,0,magnolia,peruvian lily
5085,86,29,0,magnolia,sweet william
5086,86,68,0,magnolia,windflower
5087,86,12,0,magnolia,king protea
5088,86,66,0,magnolia,spring crocus
5089,86,68,0,magnolia,windflower
5090,86,41,0,magnolia,daffodil
5091,86,29,0,magnolia,sweet william
5092,86,17,0,magnolia,peruvian lily
5093,86,12,0,magnolia,king protea
5094,87,92,0,cyclamen,ball moss
5095,87,66,0,cyclamen,spring crocus
5096,87,0,0,cyclamen,pink primrose
5097,87,97,0,cyclamen,mexican petunia
5098,87,97,0,cyclamen,mexican petunia
5099,87,21,0,cyclamen,pincushion flower
5100,87,44,0,cyclamen,bolero deep blue
5101,87,92,0,cyclamen,ball moss
5102,87,6,0,cyclamen,moon orchid
5103,87,43,0,cyclamen,poinsettia
5104,87,56,0,cyclamen,gaura
5105,87,21,0,cyclamen,pincushion flower
5106,87,29,0,cyclamen,sweet william
5107,87,71,0,cyclamen,azalea
5108,87,54,0,cyclamen,pelargonium
5109,87,92,0,cyclamen,ball moss
5110,87,43,0,cyclamen,poinsettia
5111,87,25,0,cyclamen,corn poppy
5112,87,43,0,cyclamen,poinsettia
5113,87,21,0,cyclamen,pincushion flower
5114,87,13,0,cyclamen,spear thistle
5115,87,92,0,cyclamen,ball moss
5116,87,6,0,cyclamen,moon orchid
5117,87,92,0,cyclamen,ball moss
5118,87,92,0,cyclamen,ball moss
5119,87,21,0,cyclamen,pincushion flower
5120,87,13,0,cyclamen,spear thistle
5121,87,92,0,cyclamen,ball moss
5122,87,29,0,cyclamen,sweet william
5123,87,71,0,cyclamen,azalea
5124,87,73,0,cyclamen,rose
5125,87,13,0,cyclamen,spear thistle
5126,87,21,0,cyclamen,pincushion flower
5127,87,92,0,cyclamen,ball moss
5128,87,92,0,cyclamen,ball moss
5129,87,65,0,cyclamen,osteospermum
5130,87,56,0,cyclamen,gaura
5131,87,0,0,cyclamen,pink primrose
5132,87,92,0,cyclamen,ball moss
5133,87,43,0,cyclamen,poinsettia
5134,87,29,0,cyclamen,sweet william
5135,87,74,0,cyclamen,thorn apple
5136,87,29,0,cyclamen,sweet william
5137,87,43,0,cyclamen,poinsettia
5138,87,21,0,cyclamen,pincushion flower
5139,87,73,0,cyclamen,rose
5140,87,6,0,cyclamen,moon orchid
5141,87,92,0,cyclamen,ball moss
5142,87,63,0,cyclamen,silverbush
5143,87,2,0,cyclamen,canterbury bells
5144,87,6,0,cyclamen,moon orchid
5145,87,29,0,cyclamen,sweet william
5146,87,29,0,cyclamen,sweet william
5147,87,90,0,cyclamen,hippeastrum
5148,87,43,0,cyclamen,poinsettia
5149,87,21,0,cyclamen,pincushion flower
5150,87,6,0,cyclamen,moon orchid
5151,87,29,0,cyclamen,sweet william
5152,87,92,0,cyclamen,ball moss
5153,87,29,0,cyclamen,sweet william
5154,87,83,0,cyclamen,columbine
5155,87,6,0,cyclamen,moon orchid
5156,87,54,0,cyclamen,pelargonium
5157,87,66,0,cyclamen,spring crocus
5158,87,33,0,cyclamen,mexican aster
5159,87,6,0,cyclamen,moon orchid
5160,87,13,0,cyclamen,spear thistle
5161,87,29,0,cyclamen,sweet william
5162,87,65,0,cyclamen,osteospermum
5163,87,92,0,cyclamen,ball moss
5164,87,0,0,cyclamen,pink primrose
5165,87,2,0,cyclamen,canterbury bells
5166,87,92,0,cyclamen,ball moss
5167,87,25,0,cyclamen,corn poppy
5168,87,6,0,cyclamen,moon orchid
5169,87,17,0,cyclamen,peruvian lily
5170,87,90,0,cyclamen,hippeastrum
5171,87,21,0,cyclamen,pincushion flower
5172,87,23,0,cyclamen,red ginger
5173,87,63,0,cyclamen,silverbush
5174,87,6,0,cyclamen,moon orchid
5175,87,92,0,cyclamen,ball moss
5176,87,66,0,cyclamen,spring crocus
5177,87,28,0,cyclamen,artichoke
5178,87,92,0,cyclamen,ball moss
5179,87,43,0,cyclamen,poinsettia
5180,87,71,0,cyclamen,azalea
5181,87,66,0,cyclamen,spring crocus
5182,87,21,0,cyclamen,pincushion flower
5183,87,92,0,cyclamen,ball moss
5184,87,21,0,cyclamen,pincushion flower
5185,87,93,0,cyclamen,foxglove
5186,87,92,0,cyclamen,ball moss
5187,87,2,0,cyclamen,canterbury bells
5188,87,43,0,cyclamen,poinsettia
5189,87,97,0,cyclamen,mexican petunia
5190,87,19,0,cyclamen,giant white arum lily
5191,87,65,0,cyclamen,osteospermum
5192,87,21,0,cyclamen,pincushion flower
5193,87,71,0,cyclamen,azalea
5194,87,66,0,cyclamen,spring crocus
5195,87,74,0,cyclamen,thorn apple
5196,87,43,0,cyclamen,poinsettia
5197,87,71,0,cyclamen,azalea
5198,87,21,0,cyclamen,pincushion flower
5199,87,29,0,cyclamen,sweet william
5200,87,29,0,cyclamen,sweet william
5201,87,90,0,cyclamen,hippeastrum
5202,87,2,0,cyclamen,canterbury bells
5203,87,71,0,cyclamen,azalea
5204,87,74,0,cyclamen,thorn apple
5205,87,21,0,cyclamen,pincushion flower
5206,87,18,0,cyclamen,balloon flower
5207,87,22,0,cyclamen,fritillary
5208,87,29,0,cyclamen,sweet william
5209,87,54,0,cyclamen,pelargonium
5210,87,21,0,cyclamen,pincushion flower
5211,87,43,0,cyclamen,poinsettia
5212,87,43,0,cyclamen,poinsettia
5213,87,65,0,cyclamen,osteospermum
5214,87,3,0,cyclamen,sweet pea
5215,87,92,0,cyclamen,ball moss
5216,87,63,0,cyclamen,silverbush
5217,87,56,0,cyclamen,gaura
5218,87,71,0,cyclamen,azalea
5219,87,17,0,cyclamen,peruvian lily
5220,87,65,0,cyclamen,osteospermum
5221,87,29,0,cyclamen,sweet william
5222,87,43,0,cyclamen,poinsettia
5223,87,65,0,cyclamen,osteospermum
5224,87,54,0,cyclamen,pelargonium
5225,87,21,0,cyclamen,pincushion flower
5226,87,6,0,cyclamen,moon orchid
5227,87,21,0,cyclamen,pincushion flower
5228,88,4,0,watercress,english marigold
5229,88,25,0,watercress,corn poppy
5230,88,4,0,watercress,english marigold
5231,88,4,0,watercress,english marigold
5232,88,25,0,watercress,corn poppy
5233,88,68,0,watercress,windflower
5234,88,101,0,watercress,blackberry lily
5235,88,88,1,watercress,watercress
5236,88,25,0,watercress,corn poppy
5237,88,88,1,watercress,watercress
5238,88,25,0,watercress,corn poppy
5239,88,4,0,watercress,english marigold
5240,88,73,0,watercress,rose
5241,88,25,0,watercress,corn poppy
5242,88,25,0,watercress,corn poppy
5243,88,88,1,watercress,watercress
5244,88,88,1,watercress,watercress
5245,88,47,0,watercress,buttercup
5246,88,59,0,watercress,pink-yellow dahlia?
5247,88,14,0,watercress,yellow iris
5248,88,45,0,watercress,wallflower
5249,88,25,0,watercress,corn poppy
5250,88,88,1,watercress,watercress
5251,88,45,0,watercress,wallflower
5252,88,4,0,watercress,english marigold
5253,88,25,0,watercress,corn poppy
5254,88,88,1,watercress,watercress
5255,88,4,0,watercress,english marigold
5256,88,96,0,watercress,mallow
5257,88,101,0,watercress,blackberry lily
5258,88,45,0,watercress,wallflower
5259,88,101,0,watercress,blackberry lily
5260,88,98,0,watercress,bromelia
5261,88,45,0,watercress,wallflower
5262,88,4,0,watercress,english marigold
5263,88,46,0,watercress,marigold
5264,88,4,0,watercress,english marigold
5265,88,25,0,watercress,corn poppy
5266,88,4,0,watercress,english marigold
5267,88,45,0,watercress,wallflower
5268,88,47,0,watercress,buttercup
5269,88,88,1,watercress,watercress
5270,88,7,0,watercress,bird of paradise
5271,88,4,0,watercress,english marigold
5272,88,14,0,watercress,yellow iris
5273,88,25,0,watercress,corn poppy
5274,88,45,0,watercress,wallflower
5275,88,4,0,watercress,english marigold
5276,88,25,0,watercress,corn poppy
5277,88,47,0,watercress,buttercup
5278,88,96,0,watercress,mallow
5279,88,4,0,watercress,english marigold
5280,88,46,0,watercress,marigold
5281,88,88,1,watercress,watercress
5282,88,62,0,watercress,black-eyed susan
5283,88,14,0,watercress,yellow iris
5284,88,88,1,watercress,watercress
5285,88,45,0,watercress,wallflower
5286,88,25,0,watercress,corn poppy
5287,88,101,0,watercress,blackberry lily
5288,88,4,0,watercress,english marigold
5289,88,47,0,watercress,buttercup
5290,88,25,0,watercress,corn poppy
5291,88,25,0,watercress,corn poppy
5292,88,4,0,watercress,english marigold
5293,88,101,0,watercress,blackberry lily
5294,88,45,0,watercress,wallflower
5295,88,25,0,watercress,corn poppy
5296,88,67,0,watercress,bearded iris
5297,88,25,0,watercress,corn poppy
5298,88,88,1,watercress,watercress
5299,88,25,0,watercress,corn poppy
5300,88,80,0,watercress,frangipani
5301,88,25,0,watercress,corn poppy
5302,88,53,0,watercress,sunflower
5303,88,4,0,watercress,english marigold
5304,88,88,1,watercress,watercress
5305,88,25,0,watercress,corn poppy
5306,88,88,1,watercress,watercress
5307,88,88,1,watercress,watercress
5308,88,80,0,watercress,frangipani
5309,88,45,0,watercress,wallflower
5310,88,25,0,watercress,corn poppy
5311,88,4,0,watercress,english marigold
5312,88,96,0,watercress,mallow
5313,88,25,0,watercress,corn poppy
5314,88,4,0,watercress,english marigold
5315,88,88,1,watercress,watercress
5316,88,4,0,watercress,english marigold
5317,88,45,0,watercress,wallflower
5318,88,25,0,watercress,corn poppy
5319,88,45,0,watercress,wallflower
5320,88,45,0,watercress,wallflower
5321,88,88,1,watercress,watercress
5322,88,88,1,watercress,watercress
5323,88,98,0,watercress,bromelia
5324,88,45,0,watercress,wallflower
5325,88,47,0,watercress,buttercup
5326,88,43,0,watercress,poinsettia
5327,88,45,0,watercress,wallflower
5328,88,4,0,watercress,english marigold
5329,88,4,0,watercress,english marigold
5330,88,88,1,watercress,watercress
5331,88,88,1,watercress,watercress
5332,88,45,0,watercress,wallflower
5333,88,45,0,watercress,wallflower
5334,88,45,0,watercress,wallflower
5335,88,4,0,watercress,english marigold
5336,88,41,0,watercress,daffodil
5337,88,46,0,watercress,marigold
5338,88,98,0,watercress,bromelia
5339,88,88,1,watercress,watercress
5340,88,101,0,watercress,blackberry lily
5341,88,88,1,watercress,watercress
5342,88,46,0,watercress,marigold
5343,88,42,0,watercress,sword lily
5344,88,88,1,watercress,watercress
5345,88,88,1,watercress,watercress
5346,88,45,0,watercress,wallflower
5347,88,4,0,watercress,english marigold
5348,88,25,0,watercress,corn poppy
5349,88,42,0,watercress,sword lily
5350,88,98,0,watercress,bromelia
5351,88,101,0,watercress,blackberry lily
5352,88,45,0,watercress,wallflower
5353,88,47,0,watercress,buttercup
5354,88,14,0,watercress,yellow iris
5355,88,4,0,watercress,english marigold
5356,88,45,0,watercress,wallflower
5357,88,88,1,watercress,watercress
5358,88,88,1,watercress,watercress
5359,88,4,0,watercress,english marigold
5360,88,88,1,watercress,watercress
5361,88,4,0,watercress,english marigold
5362,88,88,1,watercress,watercress
5363,88,88,1,watercress,watercress
5364,88,45,0,watercress,wallflower
5365,88,80,0,watercress,frangipani
5366,88,45,0,watercress,wallflower
5367,88,96,0,watercress,mallow
5368,88,4,0,watercress,english marigold
5369,88,43,0,watercress,poinsettia
5370,88,45,0,watercress,wallflower
5371,88,45,0,watercress,wallflower
5372,88,88,1,watercress,watercress
5373,88,88,1,watercress,watercress
5374,88,96,0,watercress,mallow
5375,88,45,0,watercress,wallflower
5376,88,25,0,watercress,corn poppy
5377,88,80,0,watercress,frangipani
5378,88,25,0,watercress,corn poppy
5379,88,4,0,watercress,english marigold
5380,88,4,0,watercress,english marigold
5381,88,88,1,watercress,watercress
5382,88,46,0,watercress,marigold
5383,88,46,0,watercress,marigold
5384,88,23,0,watercress,red ginger
5385,88,4,0,watercress,english marigold
5386,88,25,0,watercress,corn poppy
5387,88,88,1,watercress,watercress
5388,88,101,0,watercress,blackberry lily
5389,88,25,0,watercress,corn poppy
5390,88,88,1,watercress,watercress
5391,88,25,0,watercress,corn poppy
5392,89,101,0,canna lily,blackberry lily
5393,89,4,0,canna lily,english marigold
5394,89,43,0,canna lily,poinsettia
5395,89,40,0,canna lily,barbeton daisy
5396,89,80,0,canna lily,frangipani
5397,89,88,0,canna lily,watercress
5398,89,4,0,canna lily,english marigold
5399,89,73,0,canna lily,rose
5400,89,45,0,canna lily,wallflower
5401,89,25,0,canna lily,corn poppy
5402,89,4,0,canna lily,english marigold
5403,89,70,0,canna lily,gazania
5404,89,11,0,canna lily,colt's foot
5405,89,25,0,canna lily,corn poppy
5406,89,45,0,canna lily,wallflower
5407,89,9,0,canna lily,globe thistle
5408,89,46,0,canna lily,marigold
5409,89,101,0,canna lily,blackberry lily
5410,89,22,0,canna lily,fritillary
5411,89,47,0,canna lily,buttercup
5412,89,73,0,canna lily,rose
5413,89,5,0,canna lily,tiger lily
5414,89,47,0,canna lily,buttercup
5415,89,45,0,canna lily,wallflower
5416,89,62,0,canna lily,black-eyed susan
5417,89,7,0,canna lily,bird of paradise
5418,89,70,0,canna lily,gazania
5419,89,45,0,canna lily,wallflower
5420,89,89,1,canna lily,canna lily
5421,89,47,0,canna lily,buttercup
5422,89,101,0,canna lily,blackberry lily
5423,89,14,0,canna lily,yellow iris
5424,89,45,0,canna lily,wallflower
5425,89,7,0,canna lily,bird of paradise
5426,89,46,0,canna lily,marigold
5427,89,45,0,canna lily,wallflower
5428,89,4,0,canna lily,english marigold
5429,89,53,0,canna lily,sunflower
5430,89,24,0,canna lily,grape hyacinth
5431,89,4,0,canna lily,english marigold
5432,89,4,0,canna lily,english marigold
5433,89,4,0,canna lily,english marigold
5434,89,45,0,canna lily,wallflower
5435,89,25,0,canna lily,corn poppy
5436,89,88,0,canna lily,watercress
5437,89,70,0,canna lily,gazania
5438,89,46,0,canna lily,marigold
5439,89,101,0,canna lily,blackberry lily
5440,89,46,0,canna lily,marigold
5441,89,47,0,canna lily,buttercup
5442,89,5,0,canna lily,tiger lily
5443,89,73,0,canna lily,rose
5444,89,25,0,canna lily,corn poppy
5445,89,89,1,canna lily,canna lily
5446,89,80,0,canna lily,frangipani
5447,89,70,0,canna lily,gazania
5448,89,47,0,canna lily,buttercup
5449,89,45,0,canna lily,wallflower
5450,89,46,0,canna lily,marigold
5451,89,98,0,canna lily,bromelia
5452,89,4,0,canna lily,english marigold
5453,89,7,0,canna lily,bird of paradise
5454,90,0,0,hippeastrum,pink primrose
5455,90,90,1,hippeastrum,hippeastrum
5456,90,17,0,hippeastrum,peruvian lily
5457,90,43,0,hippeastrum,poinsettia
5458,90,90,1,hippeastrum,hippeastrum
5459,90,56,0,hippeastrum,gaura
5460,90,90,1,hippeastrum,hippeastrum
5461,90,90,1,hippeastrum,hippeastrum
5462,90,5,0,hippeastrum,tiger lily
5463,90,20,0,hippeastrum,fire lily
5464,90,43,0,hippeastrum,poinsettia
5465,90,96,0,hippeastrum,mallow
5466,90,90,1,hippeastrum,hippeastrum
5467,90,12,0,hippeastrum,king protea
5468,90,12,0,hippeastrum,king protea
5469,90,59,0,hippeastrum,pink-yellow dahlia?
5470,90,90,1,hippeastrum,hippeastrum
5471,90,90,1,hippeastrum,hippeastrum
5472,90,69,0,hippeastrum,tree poppy
5473,90,90,1,hippeastrum,hippeastrum
5474,90,90,1,hippeastrum,hippeastrum
5475,90,20,0,hippeastrum,fire lily
5476,90,56,0,hippeastrum,gaura
5477,90,98,0,hippeastrum,bromelia
5478,90,90,1,hippeastrum,hippeastrum
5479,90,90,1,hippeastrum,hippeastrum
5480,90,90,1,hippeastrum,hippeastrum
5481,90,90,1,hippeastrum,hippeastrum
5482,90,90,1,hippeastrum,hippeastrum
5483,90,90,1,hippeastrum,hippeastrum
5484,90,90,1,hippeastrum,hippeastrum
5485,90,90,1,hippeastrum,hippeastrum
5486,90,90,1,hippeastrum,hippeastrum
5487,90,90,1,hippeastrum,hippeastrum
5488,90,73,0,hippeastrum,rose
5489,90,17,0,hippeastrum,peruvian lily
5490,90,6,0,hippeastrum,moon orchid
5491,90,90,1,hippeastrum,hippeastrum
5492,90,29,0,hippeastrum,sweet william
5493,90,90,1,hippeastrum,hippeastrum
5494,90,90,1,hippeastrum,hippeastrum
5495,90,0,0,hippeastrum,pink primrose
5496,90,12,0,hippeastrum,king protea
5497,90,90,1,hippeastrum,hippeastrum
5498,90,12,0,hippeastrum,king protea
5499,90,6,0,hippeastrum,moon orchid
5500,90,90,1,hippeastrum,hippeastrum
5501,90,90,1,hippeastrum,hippeastrum
5502,90,6,0,hippeastrum,moon orchid
5503,90,25,0,hippeastrum,corn poppy
5504,90,90,1,hippeastrum,hippeastrum
5505,90,59,0,hippeastrum,pink-yellow dahlia?
5506,90,90,1,hippeastrum,hippeastrum
5507,90,90,1,hippeastrum,hippeastrum
5508,90,90,1,hippeastrum,hippeastrum
5509,90,12,0,hippeastrum,king protea
5510,91,96,0,bee balm,mallow
5511,91,78,0,bee balm,toad lily
5512,91,9,0,bee balm,globe thistle
5513,91,91,1,bee balm,bee balm
5514,91,5,0,bee balm,tiger lily
5515,91,9,0,bee balm,globe thistle
5516,91,92,0,bee balm,ball moss
5517,91,91,1,bee balm,bee balm
5518,91,25,0,bee balm,corn poppy
5519,91,9,0,bee balm,globe thistle
5520,91,91,1,bee balm,bee balm
5521,91,9,0,bee balm,globe thistle
5522,91,5,0,bee balm,tiger lily
5523,91,91,1,bee balm,bee balm
5524,91,20,0,bee balm,fire lily
5525,91,99,0,bee balm,blanket flower
5526,91,98,0,bee balm,bromelia
5527,91,96,0,bee balm,mallow
5528,91,91,1,bee balm,bee balm
5529,91,91,1,bee balm,bee balm
5530,91,92,0,bee balm,ball moss
5531,91,90,0,bee balm,hippeastrum
5532,91,29,0,bee balm,sweet william
5533,91,92,0,bee balm,ball moss
5534,91,43,0,bee balm,poinsettia
5535,91,91,1,bee balm,bee balm
5536,91,34,0,bee balm,alpine sea holly
5537,91,91,1,bee balm,bee balm
5538,91,99,0,bee balm,blanket flower
5539,91,5,0,bee balm,tiger lily
5540,91,23,0,bee balm,red ginger
5541,91,83,0,bee balm,columbine
5542,91,98,0,bee balm,bromelia
5543,91,57,0,bee balm,geranium
5544,91,98,0,bee balm,bromelia
5545,91,23,0,bee balm,red ginger
5546,91,5,0,bee balm,tiger lily
5547,91,55,0,bee balm,bishop of llandaff
5548,91,21,0,bee balm,pincushion flower
5549,91,54,0,bee balm,pelargonium
5550,91,34,0,bee balm,alpine sea holly
5551,91,20,0,bee balm,fire lily
5552,91,26,0,bee balm,prince of wales feathers
5553,91,96,0,bee balm,mallow
5554,91,98,0,bee balm,bromelia
5555,91,92,0,bee balm,ball moss
5556,92,2,0,ball moss,canterbury bells
5557,92,2,0,ball moss,canterbury bells
5558,92,97,0,ball moss,mexican petunia
5559,92,83,0,ball moss,columbine
5560,92,92,1,ball moss,ball moss
5561,92,92,1,ball moss,ball moss
5562,92,92,1,ball moss,ball moss
5563,92,6,0,ball moss,moon orchid
5564,92,73,0,ball moss,rose
5565,92,66,0,ball moss,spring crocus
5566,92,92,1,ball moss,ball moss
5567,92,66,0,ball moss,spring crocus
5568,92,81,0,ball moss,clematis
5569,92,44,0,ball moss,bolero deep blue
5570,92,92,1,ball moss,ball moss
5571,92,83,0,ball moss,columbine
5572,92,1,0,ball moss,hard-leaved pocket orchid
5573,92,13,0,ball moss,spear thistle
5574,92,23,0,ball moss,red ginger
5575,92,20,0,ball moss,fire lily
5576,92,38,0,ball moss,siam tulip
5577,92,24,0,ball moss,grape hyacinth
5578,92,22,0,ball moss,fritillary
5579,92,34,0,ball moss,alpine sea holly
5580,92,92,1,ball moss,ball moss
5581,92,21,0,ball moss,pincushion flower
5582,93,34,0,foxglove,alpine sea holly
5583,93,36,0,foxglove,cape flower
5584,93,12,0,foxglove,king protea
5585,93,29,0,foxglove,sweet william
5586,93,29,0,foxglove,sweet william
5587,93,65,0,foxglove,osteospermum
5588,93,5,0,foxglove,tiger lily
5589,93,16,0,foxglove,purple coneflower
5590,93,29,0,foxglove,sweet william
5591,93,29,0,foxglove,sweet william
5592,93,38,0,foxglove,siam tulip
5593,93,2,0,foxglove,canterbury bells
5594,93,29,0,foxglove,sweet william
5595,93,80,0,foxglove,frangipani
5596,93,28,0,foxglove,artichoke
5597,93,17,0,foxglove,peruvian lily
5598,93,66,0,foxglove,spring crocus
5599,93,29,0,foxglove,sweet william
5600,93,21,0,foxglove,pincushion flower
5601,93,56,0,foxglove,gaura
5602,93,29,0,foxglove,sweet william
5603,93,92,0,foxglove,ball moss
5604,93,37,0,foxglove,great masterwort
5605,93,92,0,foxglove,ball moss
5606,93,65,0,foxglove,osteospermum
5607,93,65,0,foxglove,osteospermum
5608,93,65,0,foxglove,osteospermum
5609,93,29,0,foxglove,sweet william
5610,93,29,0,foxglove,sweet william
5611,93,65,0,foxglove,osteospermum
5612,93,29,0,foxglove,sweet william
5613,93,44,0,foxglove,bolero deep blue
5614,93,24,0,foxglove,grape hyacinth
5615,93,97,0,foxglove,mexican petunia
5616,93,29,0,foxglove,sweet william
5617,93,93,1,foxglove,foxglove
5618,93,56,0,foxglove,gaura
5619,93,36,0,foxglove,cape flower
5620,93,78,0,foxglove,toad lily
5621,93,75,0,foxglove,morning glory
5622,93,68,0,foxglove,windflower
5623,93,21,0,foxglove,pincushion flower
5624,93,44,0,foxglove,bolero deep blue
5625,93,29,0,foxglove,sweet william
5626,93,44,0,foxglove,bolero deep blue
5627,93,29,0,foxglove,sweet william
5628,93,74,0,foxglove,thorn apple
5629,93,93,1,foxglove,foxglove
5630,93,34,0,foxglove,alpine sea holly
5631,93,65,0,foxglove,osteospermum
5632,93,80,0,foxglove,frangipani
5633,93,29,0,foxglove,sweet william
5634,93,65,0,foxglove,osteospermum
5635,93,2,0,foxglove,canterbury bells
5636,93,36,0,foxglove,cape flower
5637,93,29,0,foxglove,sweet william
5638,93,12,0,foxglove,king protea
5639,93,65,0,foxglove,osteospermum
5640,93,29,0,foxglove,sweet william
5641,93,44,0,foxglove,bolero deep blue
5642,93,16,0,foxglove,purple coneflower
5643,93,92,0,foxglove,ball moss
5644,93,29,0,foxglove,sweet william
5645,93,21,0,foxglove,pincushion flower
5646,93,56,0,foxglove,gaura
5647,93,21,0,foxglove,pincushion flower
5648,93,24,0,foxglove,grape hyacinth
5649,93,29,0,foxglove,sweet william
5650,93,21,0,foxglove,pincushion flower
5651,93,65,0,foxglove,osteospermum
5652,93,34,0,foxglove,alpine sea holly
5653,93,16,0,foxglove,purple coneflower
5654,93,21,0,foxglove,pincushion flower
5655,93,39,0,foxglove,lenten rose
5656,93,29,0,foxglove,sweet william
5657,93,29,0,foxglove,sweet william
5658,93,92,0,foxglove,ball moss
5659,93,56,0,foxglove,gaura
5660,93,37,0,foxglove,great masterwort
5661,93,93,1,foxglove,foxglove
5662,93,78,0,foxglove,toad lily
5663,93,29,0,foxglove,sweet william
5664,93,21,0,foxglove,pincushion flower
5665,93,29,0,foxglove,sweet william
5666,93,65,0,foxglove,osteospermum
5667,93,36,0,foxglove,cape flower
5668,93,93,1,foxglove,foxglove
5669,93,36,0,foxglove,cape flower
5670,93,34,0,foxglove,alpine sea holly
5671,93,8,0,foxglove,monkshood
5672,93,37,0,foxglove,great masterwort
5673,93,38,0,foxglove,siam tulip
5674,93,34,0,foxglove,alpine sea holly
5675,93,65,0,foxglove,osteospermum
5676,93,34,0,foxglove,alpine sea holly
5677,93,20,0,foxglove,fire lily
5678,93,90,0,foxglove,hippeastrum
5679,93,29,0,foxglove,sweet william
5680,93,29,0,foxglove,sweet william
5681,93,2,0,foxglove,canterbury bells
5682,93,78,0,foxglove,toad lily
5683,93,50,0,foxglove,petunia
5684,93,29,0,foxglove,sweet william
5685,93,29,0,foxglove,sweet william
5686,93,29,0,foxglove,sweet william
5687,93,29,0,foxglove,sweet william
5688,93,21,0,foxglove,pincushion flower
5689,93,36,0,foxglove,cape flower
5690,93,36,0,foxglove,cape flower
5691,93,66,0,foxglove,spring crocus
5692,93,80,0,foxglove,frangipani
5693,93,92,0,foxglove,ball moss
5694,93,68,0,foxglove,windflower
5695,93,24,0,foxglove,grape hyacinth
5696,93,16,0,foxglove,purple coneflower
5697,93,92,0,foxglove,ball moss
5698,93,65,0,foxglove,osteospermum
5699,93,65,0,foxglove,osteospermum
5700,93,29,0,foxglove,sweet william
5701,93,29,0,foxglove,sweet william
5702,93,37,0,foxglove,great masterwort
5703,93,73,0,foxglove,rose
5704,93,29,0,foxglove,sweet william
5705,93,63,0,foxglove,silverbush
5706,93,92,0,foxglove,ball moss
5707,93,68,0,foxglove,windflower
5708,93,29,0,foxglove,sweet william
5709,93,92,0,foxglove,ball moss
5710,93,29,0,foxglove,sweet william
5711,93,28,0,foxglove,artichoke
5712,93,31,0,foxglove,garden phlox
5713,93,65,0,foxglove,osteospermum
5714,93,29,0,foxglove,sweet william
5715,93,29,0,foxglove,sweet william
5716,93,92,0,foxglove,ball moss
5717,93,19,0,foxglove,giant white arum lily
5718,93,29,0,foxglove,sweet william
5719,93,96,0,foxglove,mallow
5720,93,21,0,foxglove,pincushion flower
5721,93,63,0,foxglove,silverbush
5722,93,81,0,foxglove,clematis
5723,93,36,0,foxglove,cape flower
5724,94,29,0,bougainvillea,sweet william
5725,94,65,0,bougainvillea,osteospermum
5726,94,94,1,bougainvillea,bougainvillea
5727,94,71,0,bougainvillea,azalea
5728,94,92,0,bougainvillea,ball moss
5729,94,2,0,bougainvillea,canterbury bells
5730,94,53,0,bougainvillea,sunflower
5731,94,65,0,bougainvillea,osteospermum
5732,94,51,0,bougainvillea,wild pansy
5733,94,11,0,bougainvillea,colt's foot
5734,94,92,0,bougainvillea,ball moss
5735,94,68,0,bougainvillea,windflower
5736,94,73,0,bougainvillea,rose
5737,94,65,0,bougainvillea,osteospermum
5738,94,29,0,bougainvillea,sweet william
5739,94,0,0,bougainvillea,pink primrose
5740,94,29,0,bougainvillea,sweet william
5741,94,43,0,bougainvillea,poinsettia
5742,94,71,0,bougainvillea,azalea
5743,94,2,0,bougainvillea,canterbury bells
5744,94,29,0,bougainvillea,sweet william
5745,94,101,0,bougainvillea,blackberry lily
5746,94,4,0,bougainvillea,english marigold
5747,94,59,0,bougainvillea,pink-yellow dahlia?
5748,94,23,0,bougainvillea,red ginger
5749,94,43,0,bougainvillea,poinsettia
5750,94,29,0,bougainvillea,sweet william
5751,94,65,0,bougainvillea,osteospermum
5752,94,92,0,bougainvillea,ball moss
5753,94,21,0,bougainvillea,pincushion flower
5754,94,93,0,bougainvillea,foxglove
5755,94,65,0,bougainvillea,osteospermum
5756,94,71,0,bougainvillea,azalea
5757,94,45,0,bougainvillea,wallflower
5758,94,45,0,bougainvillea,wallflower
5759,94,38,0,bougainvillea,siam tulip
5760,94,65,0,bougainvillea,osteospermum
5761,94,98,0,bougainvillea,bromelia
5762,94,4,0,bougainvillea,english marigold
5763,94,65,0,bougainvillea,osteospermum
5764,94,81,0,bougainvillea,clematis
5765,94,98,0,bougainvillea,bromelia
5766,94,65,0,bougainvillea,osteospermum
5767,94,33,0,bougainvillea,mexican aster
5768,94,51,0,bougainvillea,wild pansy
5769,94,97,0,bougainvillea,mexican petunia
5770,94,2,0,bougainvillea,canterbury bells
5771,94,29,0,bougainvillea,sweet william
5772,94,29,0,bougainvillea,sweet william
5773,94,17,0,bougainvillea,peruvian lily
5774,94,44,0,bougainvillea,bolero deep blue
5775,94,2,0,bougainvillea,canterbury bells
5776,94,51,0,bougainvillea,wild pansy
5777,94,31,0,bougainvillea,garden phlox
5778,94,14,0,bougainvillea,yellow iris
5779,94,18,0,bougainvillea,balloon flower
5780,94,29,0,bougainvillea,sweet william
5781,94,5,0,bougainvillea,tiger lily
5782,94,65,0,bougainvillea,osteospermum
5783,94,0,0,bougainvillea,pink primrose
5784,94,77,0,bougainvillea,lotus
5785,94,101,0,bougainvillea,blackberry lily
5786,94,91,0,bougainvillea,bee balm
5787,94,20,0,bougainvillea,fire lily
5788,94,73,0,bougainvillea,rose
5789,94,51,0,bougainvillea,wild pansy
5790,94,2,0,bougainvillea,canterbury bells
5791,94,81,0,bougainvillea,clematis
5792,94,91,0,bougainvillea,bee balm
5793,94,71,0,bougainvillea,azalea
5794,94,68,0,bougainvillea,windflower
5795,94,43,0,bougainvillea,poinsettia
5796,94,65,0,bougainvillea,osteospermum
5797,94,94,1,bougainvillea,bougainvillea
5798,94,33,0,bougainvillea,mexican aster
5799,94,94,1,bougainvillea,bougainvillea
5800,94,21,0,bougainvillea,pincushion flower
5801,94,43,0,bougainvillea,poinsettia
5802,94,98,0,bougainvillea,bromelia
5803,94,94,1,bougainvillea,bougainvillea
5804,94,8,0,bougainvillea,monkshood
5805,94,54,0,bougainvillea,pelargonium
5806,94,94,1,bougainvillea,bougainvillea
5807,94,94,1,bougainvillea,bougainvillea
5808,94,94,1,bougainvillea,bougainvillea
5809,94,6,0,bougainvillea,moon orchid
5810,94,23,0,bougainvillea,red ginger
5811,94,2,0,bougainvillea,canterbury bells
5812,94,96,0,bougainvillea,mallow
5813,94,2,0,bougainvillea,canterbury bells
5814,94,24,0,bougainvillea,grape hyacinth
5815,94,29,0,bougainvillea,sweet william
5816,94,93,0,bougainvillea,foxglove
5817,94,2,0,bougainvillea,canterbury bells
5818,94,59,0,bougainvillea,pink-yellow dahlia?
5819,94,2,0,bougainvillea,canterbury bells
5820,94,71,0,bougainvillea,azalea
5821,94,71,0,bougainvillea,azalea
5822,94,11,0,bougainvillea,colt's foot
5823,94,4,0,bougainvillea,english marigold
5824,94,94,1,bougainvillea,bougainvillea
5825,94,2,0,bougainvillea,canterbury bells
5826,94,92,0,bougainvillea,ball moss
5827,94,2,0,bougainvillea,canterbury bells
5828,94,98,0,bougainvillea,bromelia
5829,94,94,1,bougainvillea,bougainvillea
5830,94,94,1,bougainvillea,bougainvillea
5831,94,57,0,bougainvillea,geranium
5832,95,29,0,camellia,sweet william
5833,95,23,0,camellia,red ginger
5834,95,1,0,camellia,hard-leaved pocket orchid
5835,95,43,0,camellia,poinsettia
5836,95,43,0,camellia,poinsettia
5837,95,43,0,camellia,poinsettia
5838,95,43,0,camellia,poinsettia
5839,95,1,0,camellia,hard-leaved pocket orchid
5840,95,63,0,camellia,silverbush
5841,95,90,0,camellia,hippeastrum
5842,95,73,0,camellia,rose
5843,95,50,0,camellia,petunia
5844,95,98,0,camellia,bromelia
5845,95,43,0,camellia,poinsettia
5846,95,23,0,camellia,red ginger
5847,95,74,0,camellia,thorn apple
5848,95,91,0,camellia,bee balm
5849,95,77,0,camellia,lotus
5850,95,43,0,camellia,poinsettia
5851,95,73,0,camellia,rose
5852,95,29,0,camellia,sweet william
5853,95,21,0,camellia,pincushion flower
5854,95,98,0,camellia,bromelia
5855,95,71,0,camellia,azalea
5856,95,68,0,camellia,windflower
5857,95,74,0,camellia,thorn apple
5858,95,43,0,camellia,poinsettia
5859,95,21,0,camellia,pincushion flower
5860,95,43,0,camellia,poinsettia
5861,95,74,0,camellia,thorn apple
5862,95,85,0,camellia,tree mallow
5863,95,43,0,camellia,poinsettia
5864,95,17,0,camellia,peruvian lily
5865,95,29,0,camellia,sweet william
5866,95,43,0,camellia,poinsettia
5867,95,29,0,camellia,sweet william
5868,95,73,0,camellia,rose
5869,95,43,0,camellia,poinsettia
5870,95,71,0,camellia,azalea
5871,95,1,0,camellia,hard-leaved pocket orchid
5872,95,73,0,camellia,rose
5873,95,92,0,camellia,ball moss
5874,95,21,0,camellia,pincushion flower
5875,95,43,0,camellia,poinsettia
5876,95,43,0,camellia,poinsettia
5877,95,6,0,camellia,moon orchid
5878,95,95,1,camellia,camellia
5879,95,17,0,camellia,peruvian lily
5880,95,17,0,camellia,peruvian lily
5881,95,17,0,camellia,peruvian lily
5882,95,2,0,camellia,canterbury bells
5883,95,92,0,camellia,ball moss
5884,95,74,0,camellia,thorn apple
5885,95,73,0,camellia,rose
5886,95,63,0,camellia,silverbush
5887,95,79,0,camellia,anthurium
5888,95,1,0,camellia,hard-leaved pocket orchid
5889,95,6,0,camellia,moon orchid
5890,95,43,0,camellia,poinsettia
5891,95,73,0,camellia,rose
5892,95,14,0,camellia,yellow iris
5893,95,93,0,camellia,foxglove
5894,95,73,0,camellia,rose
5895,95,17,0,camellia,peruvian lily
5896,95,5,0,camellia,tiger lily
5897,95,96,0,camellia,mallow
5898,95,63,0,camellia,silverbush
5899,95,96,0,camellia,mallow
5900,95,96,0,camellia,mallow
5901,95,96,0,camellia,mallow
5902,95,6,0,camellia,moon orchid
5903,96,96,1,mallow,mallow
5904,96,25,0,mallow,corn poppy
5905,96,73,0,mallow,rose
5906,96,73,0,mallow,rose
5907,96,80,0,mallow,frangipani
5908,96,77,0,mallow,lotus
5909,96,29,0,mallow,sweet william
5910,96,101,0,mallow,blackberry lily
5911,96,46,0,mallow,marigold
5912,96,17,0,mallow,peruvian lily
5913,96,96,1,mallow,mallow
5914,96,23,0,mallow,red ginger
5915,96,45,0,mallow,wallflower
5916,96,96,1,mallow,mallow
5917,96,96,1,mallow,mallow
5918,96,20,0,mallow,fire lily
5919,96,78,0,mallow,toad lily
5920,96,96,1,mallow,mallow
5921,96,83,0,mallow,columbine
5922,96,6,0,mallow,moon orchid
5923,96,29,0,mallow,sweet william
5924,96,96,1,mallow,mallow
5925,96,91,0,mallow,bee balm
5926,96,73,0,mallow,rose
5927,96,96,1,mallow,mallow
5928,96,5,0,mallow,tiger lily
5929,96,83,0,mallow,columbine
5930,96,24,0,mallow,grape hyacinth
5931,96,17,0,mallow,peruvian lily
5932,96,73,0,mallow,rose
5933,96,43,0,mallow,poinsettia
5934,96,96,1,mallow,mallow
5935,96,0,0,mallow,pink primrose
5936,96,98,0,mallow,bromelia
5937,96,21,0,mallow,pincushion flower
5938,96,17,0,mallow,peruvian lily
5939,96,57,0,mallow,geranium
5940,96,96,1,mallow,mallow
5941,96,39,0,mallow,lenten rose
5942,96,12,0,mallow,king protea
5943,96,29,0,mallow,sweet william
5944,96,47,0,mallow,buttercup
5945,96,17,0,mallow,peruvian lily
5946,96,25,0,mallow,corn poppy
5947,96,5,0,mallow,tiger lily
5948,96,14,0,mallow,yellow iris
5949,97,21,0,mexican petunia,pincushion flower
5950,97,97,1,mexican petunia,mexican petunia
5951,97,92,0,mexican petunia,ball moss
5952,97,32,0,mexican petunia,love in the mist
5953,97,97,1,mexican petunia,mexican petunia
5954,97,54,0,mexican petunia,pelargonium
5955,97,18,0,mexican petunia,balloon flower
5956,97,97,1,mexican petunia,mexican petunia
5957,97,24,0,mexican petunia,grape hyacinth
5958,97,97,1,mexican petunia,mexican petunia
5959,97,21,0,mexican petunia,pincushion flower
5960,97,24,0,mexican petunia,grape hyacinth
5961,97,21,0,mexican petunia,pincushion flower
5962,97,24,0,mexican petunia,grape hyacinth
5963,97,97,1,mexican petunia,mexican petunia
5964,97,92,0,mexican petunia,ball moss
5965,97,85,0,mexican petunia,tree mallow
5966,97,24,0,mexican petunia,grape hyacinth
5967,97,92,0,mexican petunia,ball moss
5968,97,21,0,mexican petunia,pincushion flower
5969,97,24,0,mexican petunia,grape hyacinth
5970,97,24,0,mexican petunia,grape hyacinth
5971,97,24,0,mexican petunia,grape hyacinth
5972,97,21,0,mexican petunia,pincushion flower
5973,97,66,0,mexican petunia,spring crocus
5974,97,9,0,mexican petunia,globe thistle
5975,97,24,0,mexican petunia,grape hyacinth
5976,97,18,0,mexican petunia,balloon flower
5977,97,24,0,mexican petunia,grape hyacinth
5978,97,24,0,mexican petunia,grape hyacinth
5979,97,77,0,mexican petunia,lotus
5980,97,97,1,mexican petunia,mexican petunia
5981,97,97,1,mexican petunia,mexican petunia
5982,97,54,0,mexican petunia,pelargonium
5983,97,50,0,mexican petunia,petunia
5984,97,97,1,mexican petunia,mexican petunia
5985,97,21,0,mexican petunia,pincushion flower
5986,97,24,0,mexican petunia,grape hyacinth
5987,97,65,0,mexican petunia,osteospermum
5988,97,21,0,mexican petunia,pincushion flower
5989,97,18,0,mexican petunia,balloon flower
5990,97,24,0,mexican petunia,grape hyacinth
5991,97,21,0,mexican petunia,pincushion flower
5992,97,24,0,mexican petunia,grape hyacinth
5993,97,54,0,mexican petunia,pelargonium
5994,97,21,0,mexican petunia,pincushion flower
5995,97,28,0,mexican petunia,artichoke
5996,97,1,0,mexican petunia,hard-leaved pocket orchid
5997,97,92,0,mexican petunia,ball moss
5998,97,21,0,mexican petunia,pincushion flower
5999,97,18,0,mexican petunia,balloon flower
6000,97,33,0,mexican petunia,mexican aster
6001,97,97,1,mexican petunia,mexican petunia
6002,97,24,0,mexican petunia,grape hyacinth
6003,97,21,0,mexican petunia,pincushion flower
6004,97,54,0,mexican petunia,pelargonium
6005,97,97,1,mexican petunia,mexican petunia
6006,97,97,1,mexican petunia,mexican petunia
6007,97,24,0,mexican petunia,grape hyacinth
6008,97,97,1,mexican petunia,mexican petunia
6009,97,24,0,mexican petunia,grape hyacinth
6010,97,77,0,mexican petunia,lotus
6011,98,29,0,bromelia,sweet william
6012,98,25,0,bromelia,corn poppy
6013,98,98,1,bromelia,bromelia
6014,98,29,0,bromelia,sweet william
6015,98,96,0,bromelia,mallow
6016,98,29,0,bromelia,sweet william
6017,98,101,0,bromelia,blackberry lily
6018,98,73,0,bromelia,rose
6019,98,98,1,bromelia,bromelia
6020,98,101,0,bromelia,blackberry lily
6021,98,25,0,bromelia,corn poppy
6022,98,43,0,bromelia,poinsettia
6023,98,55,0,bromelia,bishop of llandaff
6024,98,43,0,bromelia,poinsettia
6025,98,5,0,bromelia,tiger lily
6026,98,5,0,bromelia,tiger lily
6027,98,43,0,bromelia,poinsettia
6028,98,25,0,bromelia,corn poppy
6029,98,80,0,bromelia,frangipani
6030,98,70,0,bromelia,gazania
6031,98,43,0,bromelia,poinsettia
6032,98,5,0,bromelia,tiger lily
6033,98,5,0,bromelia,tiger lily
6034,98,98,1,bromelia,bromelia
6035,98,12,0,bromelia,king protea
6036,98,70,0,bromelia,gazania
6037,98,98,1,bromelia,bromelia
6038,98,98,1,bromelia,bromelia
6039,98,17,0,bromelia,peruvian lily
6040,98,43,0,bromelia,poinsettia
6041,98,43,0,bromelia,poinsettia
6042,98,45,0,bromelia,wallflower
6043,98,14,0,bromelia,yellow iris
6044,98,47,0,bromelia,buttercup
6045,98,43,0,bromelia,poinsettia
6046,98,59,0,bromelia,pink-yellow dahlia?
6047,98,59,0,bromelia,pink-yellow dahlia?
6048,98,45,0,bromelia,wallflower
6049,98,29,0,bromelia,sweet william
6050,98,17,0,bromelia,peruvian lily
6051,98,58,0,bromelia,orange dahlia
6052,98,14,0,bromelia,yellow iris
6053,98,98,1,bromelia,bromelia
6054,99,90,0,blanket flower,hippeastrum
6055,99,42,0,blanket flower,sword lily
6056,99,98,0,blanket flower,bromelia
6057,99,89,0,blanket flower,canna lily
6058,99,43,0,blanket flower,poinsettia
6059,99,45,0,blanket flower,wallflower
6060,99,45,0,blanket flower,wallflower
6061,99,70,0,blanket flower,gazania
6062,99,70,0,blanket flower,gazania
6063,99,98,0,blanket flower,bromelia
6064,99,70,0,blanket flower,gazania
6065,99,23,0,blanket flower,red ginger
6066,99,98,0,blanket flower,bromelia
6067,99,23,0,blanket flower,red ginger
6068,99,5,0,blanket flower,tiger lily
6069,99,5,0,blanket flower,tiger lily
6070,99,96,0,blanket flower,mallow
6071,99,58,0,blanket flower,orange dahlia
6072,99,70,0,blanket flower,gazania
6073,99,70,0,blanket flower,gazania
6074,99,43,0,blanket flower,poinsettia
6075,99,101,0,blanket flower,blackberry lily
6076,99,70,0,blanket flower,gazania
6077,99,23,0,blanket flower,red ginger
6078,99,101,0,blanket flower,blackberry lily
6079,99,88,0,blanket flower,watercress
6080,99,45,0,blanket flower,wallflower
6081,99,70,0,blanket flower,gazania
6082,99,43,0,blanket flower,poinsettia
6083,100,73,0,trumpet creeper,rose
6084,100,73,0,trumpet creeper,rose
6085,100,73,0,trumpet creeper,rose
6086,100,101,0,trumpet creeper,blackberry lily
6087,100,25,0,trumpet creeper,corn poppy
6088,100,98,0,trumpet creeper,bromelia
6089,100,101,0,trumpet creeper,blackberry lily
6090,100,98,0,trumpet creeper,bromelia
6091,100,55,0,trumpet creeper,bishop of llandaff
6092,100,82,0,trumpet creeper,hibiscus
6093,100,43,0,trumpet creeper,poinsettia
6094,100,24,0,trumpet creeper,grape hyacinth
6095,100,24,0,trumpet creeper,grape hyacinth
6096,100,57,0,trumpet creeper,geranium
6097,100,57,0,trumpet creeper,geranium
6098,100,98,0,trumpet creeper,bromelia
6099,100,25,0,trumpet creeper,corn poppy
6100,100,43,0,trumpet creeper,poinsettia
6101,100,25,0,trumpet creeper,corn poppy
6102,100,57,0,trumpet creeper,geranium
6103,100,17,0,trumpet creeper,peruvian lily
6104,100,90,0,trumpet creeper,hippeastrum
6105,100,5,0,trumpet creeper,tiger lily
6106,100,25,0,trumpet creeper,corn poppy
6107,100,96,0,trumpet creeper,mallow
6108,100,98,0,trumpet creeper,bromelia
6109,100,17,0,trumpet creeper,peruvian lily
6110,100,20,0,trumpet creeper,fire lily
6111,100,17,0,trumpet creeper,peruvian lily
6112,100,25,0,trumpet creeper,corn poppy
6113,100,98,0,trumpet creeper,bromelia
6114,100,57,0,trumpet creeper,geranium
6115,100,43,0,trumpet creeper,poinsettia
6116,100,57,0,trumpet creeper,geranium
6117,100,98,0,trumpet creeper,bromelia
6118,100,43,0,trumpet creeper,poinsettia
6119,100,20,0,trumpet creeper,fire lily
6120,100,5,0,trumpet creeper,tiger lily
6121,101,101,1,blackberry lily,blackberry lily
6122,101,91,0,blackberry lily,bee balm
6123,101,98,0,blackberry lily,bromelia
6124,101,98,0,blackberry lily,bromelia
6125,101,98,0,blackberry lily,bromelia
6126,101,101,1,blackberry lily,blackberry lily
6127,101,101,1,blackberry lily,blackberry lily
6128,101,98,0,blackberry lily,bromelia
6129,101,70,0,blackberry lily,gazania
6130,101,98,0,blackberry lily,bromelia
6131,101,20,0,blackberry lily,fire lily
6132,101,70,0,blackberry lily,gazania
6133,101,98,0,blackberry lily,bromelia
6134,101,98,0,blackberry lily,bromelia
6135,101,23,0,blackberry lily,red ginger
6136,101,101,1,blackberry lily,blackberry lily
6137,101,101,1,blackberry lily,blackberry lily
6138,101,73,0,blackberry lily,rose
6139,101,96,0,blackberry lily,mallow
6140,101,25,0,blackberry lily,corn poppy
6141,101,98,0,blackberry lily,bromelia
6142,101,101,1,blackberry lily,blackberry lily
6143,101,73,0,blackberry lily,rose
6144,101,101,1,blackberry lily,blackberry lily
6145,101,20,0,blackberry lily,fire lily
6146,101,96,0,blackberry lily,mallow
6147,101,101,1,blackberry lily,blackberry lily
6148,101,70,0,blackberry lily,gazania
