index,true_id,pred_id,correct,true_name,pred_name
0,0,33,0,pink primrose,mexican aster
1,0,74,0,pink primrose,thorn apple
2,0,16,0,pink primrose,purple coneflower
3,0,69,0,pink primrose,tree poppy
4,0,61,0,pink primrose,japanese anemone
5,0,0,1,pink primrose,pink primrose
6,0,69,0,pink primrose,tree poppy
7,0,33,0,pink primrose,mexican aster
8,0,52,0,pink primrose,primula
9,0,34,0,pink primrose,alpine sea holly
10,0,52,0,pink primrose,primula
11,0,61,0,pink primrose,japanese anemone
12,0,61,0,pink primrose,japanese anemone
13,0,0,1,pink primrose,pink primrose
14,0,33,0,pink primrose,mexican aster
15,0,61,0,pink primrose,japanese anemone
16,0,95,0,pink primrose,camellia
17,0,95,0,pink primrose,camellia
18,0,74,0,pink primrose,thorn apple
19,0,95,0,pink primrose,camellia
20,1,1,1,hard-leaved pocket orchid,hard-leaved pocket orchid
21,1,1,1,hard-leaved pocket orchid,hard-leaved pocket orchid
22,1,1,1,hard-leaved pocket orchid,hard-leaved pocket orchid
23,1,1,1,hard-leaved pocket orchid,hard-leaved pocket orchid
24,1,17,0,hard-leaved pocket orchid,peruvian lily
25,1,1,1,hard-leaved pocket orchid,hard-leaved pocket orchid
26,1,1,1,hard-leaved pocket orchid,hard-leaved pocket orchid
27,1,1,1,hard-leaved pocket orchid,hard-leaved pocket orchid
28,1,1,1,hard-leaved pocket orchid,hard-leaved pocket orchid
29,1,16,0,hard-leaved pocket orchid,purple coneflower
30,1,1,1,hard-leaved pocket orchid,hard-leaved pocket orchid
31,1,1,1,hard-leaved pocket orchid,hard-leaved pocket orchid
32,1,1,1,hard-leaved pocket orchid,hard-leaved pocket orchid
33,1,52,0,hard-leaved pocket orchid,primula
34,1,1,1,hard-leaved pocket orchid,hard-leaved pocket orchid
35,1,90,0,hard-leaved pocket orchid,hippeastrum
36,1,95,0,hard-leaved pocket orchid,camellia
37,1,1,1,hard-leaved pocket orchid,hard-leaved pocket orchid
38,1,61,0,hard-leaved pocket orchid,japanese anemone
39,1,72,0,hard-leaved pocket orchid,water lily
40,1,1,1,hard-leaved pocket orchid,hard-leaved pocket orchid
41,1,61,0,hard-leaved pocket orchid,japanese anemone
42,1,27,0,hard-leaved pocket orchid,stemless gentian
43,1,14,0,hard-leaved pocket orchid,yellow iris
44,1,1,1,hard-leaved pocket orchid,hard-leaved pocket orchid
45,1,1,1,hard-leaved pocket orchid,hard-leaved pocket orchid
46,1,36,0,hard-leaved pocket orchid,cape flower
47,1,1,1,hard-leaved pocket orchid,hard-leaved pocket orchid
48,1,1,1,hard-leaved pocket orchid,hard-leaved pocket orchid
49,1,1,1,hard-leaved pocket orchid,hard-leaved pocket orchid
50,1,1,1,hard-leaved pocket orchid,hard-leaved pocket orchid
51,1,1,1,hard-leaved pocket orchid,hard-leaved pocket orchid
52,1,74,0,hard-leaved pocket orchid,thorn apple
53,1,89,0,hard-leaved pocket orchid,canna lily
54,1,1,1,hard-leaved pocket orchid,hard-leaved pocket orchid
55,1,1,1,hard-leaved pocket orchid,hard-leaved pocket orchid
56,1,1,1,hard-leaved pocket orchid,hard-leaved pocket orchid
57,1,1,1,hard-leaved pocket orchid,hard-leaved pocket orchid
58,1,1,1,hard-leaved pocket orchid,hard-leaved pocket orchid
59,1,1,1,hard-leaved pocket orchid,hard-leaved pocket orchid
60,2,76,0,canterbury bells,passion flower
61,2,2,1,canterbury bells,canterbury bells
62,2,13,0,canterbury bells,spear thistle
63,2,8,0,canterbury bells,monkshood
64,2,19,0,canterbury bells,giant white arum lily
65,2,65,0,canterbury bells,osteospermum
66,2,34,0,canterbury bells,alpine sea holly
67,2,34,0,canterbury bells,alpine sea holly
68,2,37,0,canterbury bells,great masterwort
69,2,34,0,canterbury bells,alpine sea holly
70,2,93,0,canterbury bells,foxglove
71,2,34,0,canterbury bells,alpine sea holly
72,2,27,0,canterbury bells,stemless gentian
73,2,52,0,canterbury bells,primula
74,2,34,0,canterbury bells,alpine sea holly
75,2,24,0,canterbury bells,grape hyacinth
76,2,97,0,canterbury bells,mexican petunia
77,2,29,0,canterbury bells,sweet william
78,2,34,0,canterbury bells,alpine sea holly
79,2,34,0,canterbury bells,alpine sea holly
80,3,30,0,sweet pea,carnation
81,3,82,0,sweet pea,hibiscus
82,3,27,0,sweet pea,stemless gentian
83,3,3,1,sweet pea,sweet pea
84,3,3,1,sweet pea,sweet pea
85,3,3,1,sweet pea,sweet pea
86,3,6,0,sweet pea,moon orchid
87,3,35,0,sweet pea,ruby-lipped cattleya
88,3,93,0,sweet pea,foxglove
89,3,87,0,sweet pea,cyclamen
90,3,90,0,sweet pea,hippeastrum
91,3,34,0,sweet pea,alpine sea holly
92,3,37,0,sweet pea,great masterwort
93,3,90,0,sweet pea,hippeastrum
94,3,93,0,sweet pea,foxglove
95,3,29,0,sweet pea,sweet william
96,3,6,0,sweet pea,moon orchid
97,3,93,0,sweet pea,foxglove
98,3,19,0,sweet pea,giant white arum lily
99,3,97,0,sweet pea,mexican petunia
100,3,57,0,sweet pea,geranium
101,3,17,0,sweet pea,peruvian lily
102,3,8,0,sweet pea,monkshood
103,3,34,0,sweet pea,alpine sea holly
104,3,8,0,sweet pea,monkshood
105,3,17,0,sweet pea,peruvian lily
106,3,75,0,sweet pea,morning glory
107,3,71,0,sweet pea,azalea
108,3,86,0,sweet pea,magnolia
109,3,8,0,sweet pea,monkshood
110,3,86,0,sweet pea,magnolia
111,3,34,0,sweet pea,alpine sea holly
112,3,93,0,sweet pea,foxglove
113,3,36,0,sweet pea,cape flower
114,3,25,0,sweet pea,corn poppy
115,3,29,0,sweet pea,sweet william
116,4,11,0,english marigold,colt's foot
117,4,11,0,english marigold,colt's foot
118,4,46,0,english marigold,marigold
119,4,11,0,english marigold,colt's foot
120,4,11,0,english marigold,colt's foot
121,4,70,0,english marigold,gazania
122,4,53,0,english marigold,sunflower
123,4,11,0,english marigold,colt's foot
124,4,47,0,english marigold,buttercup
125,4,46,0,english marigold,marigold
126,4,11,0,english marigold,colt's foot
127,4,45,0,english marigold,wallflower
128,4,70,0,english marigold,gazania
129,4,46,0,english marigold,marigold
130,4,70,0,english marigold,gazania
131,4,70,0,english marigold,gazania
132,4,53,0,english marigold,sunflower
133,4,70,0,english marigold,gazania
134,4,11,0,english marigold,colt's foot
135,4,11,0,english marigold,colt's foot
136,4,70,0,english marigold,gazania
137,4,11,0,english marigold,colt's foot
138,4,70,0,english marigold,gazania
139,4,70,0,english marigold,gazania
140,4,70,0,english marigold,gazania
141,4,70,0,english marigold,gazania
142,4,46,0,english marigold,marigold
143,4,70,0,english marigold,gazania
144,4,70,0,english marigold,gazania
145,4,70,0,english marigold,gazania
146,4,70,0,english marigold,gazania
147,4,11,0,english marigold,colt's foot
148,4,70,0,english marigold,gazania
149,4,11,0,english marigold,colt's foot
150,4,11,0,english marigold,colt's foot
151,4,47,0,english marigold,buttercup
152,4,46,0,english marigold,marigold
153,4,11,0,english marigold,colt's foot
154,4,70,0,english marigold,gazania
155,4,70,0,english marigold,gazania
156,4,70,0,english marigold,gazania
157,4,45,0,english marigold,wallflower
158,4,11,0,english marigold,colt's foot
159,4,70,0,english marigold,gazania
160,4,11,0,english marigold,colt's foot
161,5,20,0,tiger lily,fire lily
162,5,23,0,tiger lily,red ginger
163,5,45,0,tiger lily,wallflower
164,5,20,0,tiger lily,fire lily
165,5,20,0,tiger lily,fire lily
166,5,20,0,tiger lily,fire lily
167,5,20,0,tiger lily,fire lily
168,5,23,0,tiger lily,red ginger
169,5,20,0,tiger lily,fire lily
170,5,99,0,tiger lily,blanket flower
171,5,59,0,tiger lily,pink-yellow dahlia?
172,5,17,0,tiger lily,peruvian lily
173,5,11,0,tiger lily,colt's foot
174,5,59,0,tiger lily,pink-yellow dahlia?
175,5,59,0,tiger lily,pink-yellow dahlia?
176,5,7,0,tiger lily,bird of paradise
177,5,20,0,tiger lily,fire lily
178,5,20,0,tiger lily,fire lily
179,5,20,0,tiger lily,fire lily
180,5,20,0,tiger lily,fire lily
181,5,53,0,tiger lily,sunflower
182,5,23,0,tiger lily,red ginger
183,5,20,0,tiger lily,fire lily
184,5,13,0,tiger lily,spear thistle
185,5,20,0,tiger lily,fire lily
186,6,6,1,moon orchid,moon orchid
187,6,6,1,moon orchid,moon orchid
188,6,86,0,moon orchid,magnolia
189,6,6,1,moon orchid,moon orchid
190,6,34,0,moon orchid,alpine sea holly
191,6,6,1,moon orchid,moon orchid
192,6,77,0,moon orchid,lotus
193,6,6,1,moon orchid,moon orchid
194,6,0,0,moon orchid,pink primrose
195,6,76,0,moon orchid,passion flower
196,6,37,0,moon orchid,great masterwort
197,6,6,1,moon orchid,moon orchid
198,6,61,0,moon orchid,japanese anemone
199,6,6,1,moon orchid,moon orchid
200,6,6,1,moon orchid,moon orchid
201,6,6,1,moon orchid,moon orchid
202,6,6,1,moon orchid,moon orchid
203,6,6,1,moon orchid,moon orchid
204,6,6,1,moon orchid,moon orchid
205,6,86,0,moon orchid,magnolia
206,7,51,0,bird of paradise,wild pansy
207,7,7,1,bird of paradise,bird of paradise
208,7,7,1,bird of paradise,bird of paradise
209,7,76,0,bird of paradise,passion flower
210,7,7,1,bird of paradise,bird of paradise
211,7,7,1,bird of paradise,bird of paradise
212,7,7,1,bird of paradise,bird of paradise
213,7,70,0,bird of paradise,gazania
214,7,7,1,bird of paradise,bird of paradise
215,7,45,0,bird of paradise,wallflower
216,7,7,1,bird of paradise,bird of paradise
217,7,7,1,bird of paradise,bird of paradise
218,7,7,1,bird of paradise,bird of paradise
219,7,41,0,bird of paradise,daffodil
220,7,7,1,bird of paradise,bird of paradise
221,7,20,0,bird of paradise,fire lily
222,7,7,1,bird of paradise,bird of paradise
223,7,7,1,bird of paradise,bird of paradise
224,7,64,0,bird of paradise,californian poppy
225,7,7,1,bird of paradise,bird of paradise
226,7,7,1,bird of paradise,bird of paradise
227,7,7,1,bird of paradise,bird of paradise
228,7,51,0,bird of paradise,wild pansy
229,7,7,1,bird of paradise,bird of paradise
230,7,52,0,bird of paradise,primula
231,7,7,1,bird of paradise,bird of paradise
232,7,7,1,bird of paradise,bird of paradise
233,7,14,0,bird of paradise,yellow iris
234,7,64,0,bird of paradise,californian poppy
235,7,7,1,bird of paradise,bird of paradise
236,7,46,0,bird of paradise,marigold
237,7,7,1,bird of paradise,bird of paradise
238,7,59,0,bird of paradise,pink-yellow dahlia?
239,7,59,0,bird of paradise,pink-yellow dahlia?
240,7,7,1,bird of paradise,bird of paradise
241,7,14,0,bird of paradise,yellow iris
242,7,7,1,bird of paradise,bird of paradise
243,7,7,1,bird of paradise,bird of paradise
244,7,59,0,bird of paradise,pink-yellow dahlia?
245,7,59,0,bird of paradise,pink-yellow dahlia?
246,7,7,1,bird of paradise,bird of paradise
247,7,7,1,bird of paradise,bird of paradise
248,7,46,0,bird of paradise,marigold
249,7,59,0,bird of paradise,pink-yellow dahlia?
250,7,26,0,bird of paradise,prince of wales feathers
251,7,7,1,bird of paradise,bird of paradise
252,7,7,1,bird of paradise,bird of paradise
253,7,46,0,bird of paradise,marigold
254,7,7,1,bird of paradise,bird of paradise
255,7,7,1,bird of paradise,bird of paradise
256,7,7,1,bird of paradise,bird of paradise
257,7,7,1,bird of paradise,bird of paradise
258,7,14,0,bird of paradise,yellow iris
259,7,7,1,bird of paradise,bird of paradise
260,7,46,0,bird of paradise,marigold
261,7,96,0,bird of paradise,mallow
262,7,14,0,bird of paradise,yellow iris
263,7,7,1,bird of paradise,bird of paradise
264,7,7,1,bird of paradise,bird of paradise
265,7,7,1,bird of paradise,bird of paradise
266,7,7,1,bird of paradise,bird of paradise
267,7,7,1,bird of paradise,bird of paradise
268,7,59,0,bird of paradise,pink-yellow dahlia?
269,7,7,1,bird of paradise,bird of paradise
270,7,7,1,bird of paradise,bird of paradise
271,8,34,0,monkshood,alpine sea holly
272,8,74,0,monkshood,thorn apple
273,8,34,0,monkshood,alpine sea holly
274,8,34,0,monkshood,alpine sea holly
275,8,34,0,monkshood,alpine sea holly
276,8,13,0,monkshood,spear thistle
277,8,34,0,monkshood,alpine sea holly
278,8,27,0,monkshood,stemless gentian
279,8,32,0,monkshood,love in the mist
280,8,27,0,monkshood,stemless gentian
281,8,34,0,monkshood,alpine sea holly
282,8,34,0,monkshood,alpine sea holly
283,8,34,0,monkshood,alpine sea holly
284,8,8,1,monkshood,monkshood
285,8,27,0,monkshood,stemless gentian
286,8,34,0,monkshood,alpine sea holly
287,8,34,0,monkshood,alpine sea holly
288,8,34,0,monkshood,alpine sea holly
289,8,34,0,monkshood,alpine sea holly
290,8,27,0,monkshood,stemless gentian
291,8,9,0,monkshood,globe thistle
292,8,2,0,monkshood,canterbury bells
293,8,8,1,monkshood,monkshood
294,8,34,0,monkshood,alpine sea holly
295,8,34,0,monkshood,alpine sea holly
296,8,34,0,monkshood,alpine sea holly
297,9,9,1,globe thistle,globe thistle
298,9,9,1,globe thistle,globe thistle
299,9,9,1,globe thistle,globe thistle
300,9,8,0,globe thistle,monkshood
301,9,9,1,globe thistle,globe thistle
302,9,9,1,globe thistle,globe thistle
303,9,9,1,globe thistle,globe thistle
304,9,9,1,globe thistle,globe thistle
305,9,34,0,globe thistle,alpine sea holly
306,9,37,0,globe thistle,great masterwort
307,9,9,1,globe thistle,globe thistle
308,9,9,1,globe thistle,globe thistle
309,9,37,0,globe thistle,great masterwort
310,9,9,1,globe thistle,globe thistle
311,9,9,1,globe thistle,globe thistle
312,9,9,1,globe thistle,globe thistle
313,9,9,1,globe thistle,globe thistle
314,9,9,1,globe thistle,globe thistle
315,9,9,1,globe thistle,globe thistle
316,9,34,0,globe thistle,alpine sea holly
317,9,27,0,globe thistle,stemless gentian
318,9,27,0,globe thistle,stemless gentian
319,9,27,0,globe thistle,stemless gentian
320,9,34,0,globe thistle,alpine sea holly
321,9,9,1,globe thistle,globe thistle
322,10,46,0,snapdragon,marigold
323,10,90,0,snapdragon,hippeastrum
324,10,11,0,snapdragon,colt's foot
325,10,96,0,snapdragon,mallow
326,10,56,0,snapdragon,gaura
327,10,46,0,snapdragon,marigold
328,10,14,0,snapdragon,yellow iris
329,10,25,0,snapdragon,corn poppy
330,10,80,0,snapdragon,frangipani
331,10,11,0,snapdragon,colt's foot
332,10,41,0,snapdragon,daffodil
333,10,74,0,snapdragon,thorn apple
334,10,48,0,snapdragon,oxeye daisy
335,10,84,0,snapdragon,desert-rose
336,10,72,0,snapdragon,water lily
337,10,19,0,snapdragon,giant white arum lily
338,10,30,0,snapdragon,carnation
339,10,46,0,snapdragon,marigold
340,10,73,0,snapdragon,rose
341,10,87,0,snapdragon,cyclamen
342,10,47,0,snapdragon,buttercup
343,10,76,0,snapdragon,passion flower
344,10,37,0,snapdragon,great masterwort
345,10,28,0,snapdragon,artichoke
346,10,17,0,snapdragon,peruvian lily
347,10,25,0,snapdragon,corn poppy
348,10,59,0,snapdragon,pink-yellow dahlia?
349,10,100,0,snapdragon,trumpet creeper
350,10,87,0,snapdragon,cyclamen
351,10,36,0,snapdragon,cape flower
352,10,46,0,snapdragon,marigold
353,10,25,0,snapdragon,corn poppy
354,10,93,0,snapdragon,foxglove
355,10,46,0,snapdragon,marigold
356,10,90,0,snapdragon,hippeastrum
357,10,34,0,snapdragon,alpine sea holly
358,10,84,0,snapdragon,desert-rose
359,10,22,0,snapdragon,fritillary
360,10,22,0,snapdragon,fritillary
361,10,96,0,snapdragon,mallow
362,10,98,0,snapdragon,bromelia
363,10,20,0,snapdragon,fire lily
364,10,46,0,snapdragon,marigold
365,10,64,0,snapdragon,californian poppy
366,10,46,0,snapdragon,marigold
367,10,73,0,snapdragon,rose
368,10,91,0,snapdragon,bee balm
369,10,7,0,snapdragon,bird of paradise
370,10,72,0,snapdragon,water lily
371,10,78,0,snapdragon,toad lily
372,10,52,0,snapdragon,primula
373,10,99,0,snapdragon,blanket flower
374,10,93,0,snapdragon,foxglove
375,10,93,0,snapdragon,foxglove
376,10,100,0,snapdragon,trumpet creeper
377,10,87,0,snapdragon,cyclamen
378,10,20,0,snapdragon,fire lily
379,10,91,0,snapdragon,bee balm
380,10,43,0,snapdragon,poinsettia
381,10,78,0,snapdragon,toad lily
382,10,86,0,snapdragon,magnolia
383,10,84,0,snapdragon,desert-rose
384,10,11,0,snapdragon,colt's foot
385,10,25,0,snapdragon,corn poppy
386,10,14,0,snapdragon,yellow iris
387,10,91,0,snapdragon,bee balm
388,10,20,0,snapdragon,fire lily
389,11,11,1,colt's foot,colt's foot
390,11,11,1,colt's foot,colt's foot
391,11,46,0,colt's foot,marigold
392,11,46,0,colt's foot,marigold
393,11,46,0,colt's foot,marigold
394,11,46,0,colt's foot,marigold
395,11,11,1,colt's foot,colt's foot
396,11,11,1,colt's foot,colt's foot
397,11,27,0,colt's foot,stemless gentian
398,11,11,1,colt's foot,colt's foot
399,11,11,1,colt's foot,colt's foot
400,11,11,1,colt's foot,colt's foot
401,11,11,1,colt's foot,colt's foot
402,11,11,1,colt's foot,colt's foot
403,11,11,1,colt's foot,colt's foot
404,11,11,1,colt's foot,colt's foot
405,11,11,1,colt's foot,colt's foot
406,11,27,0,colt's foot,stemless gentian
407,11,47,0,colt's foot,buttercup
408,11,27,0,colt's foot,stemless gentian
409,11,47,0,colt's foot,buttercup
410,11,41,0,colt's foot,daffodil
411,11,11,1,colt's foot,colt's foot
412,11,53,0,colt's foot,sunflower
413,11,11,1,colt's foot,colt's foot
414,11,11,1,colt's foot,colt's foot
415,11,47,0,colt's foot,buttercup
416,11,11,1,colt's foot,colt's foot
417,11,11,1,colt's foot,colt's foot
418,11,46,0,colt's foot,marigold
419,11,11,1,colt's foot,colt's foot
420,11,70,0,colt's foot,gazania
421,11,11,1,colt's foot,colt's foot
422,11,47,0,colt's foot,buttercup
423,11,14,0,colt's foot,yellow iris
424,11,11,1,colt's foot,colt's foot
425,11,11,1,colt's foot,colt's foot
426,11,11,1,colt's foot,colt's foot
427,11,47,0,colt's foot,buttercup
428,11,11,1,colt's foot,colt's foot
429,11,11,1,colt's foot,colt's foot
430,11,47,0,colt's foot,buttercup
431,11,11,1,colt's foot,colt's foot
432,11,11,1,colt's foot,colt's foot
433,11,11,1,colt's foot,colt's foot
434,11,14,0,colt's foot,yellow iris
435,11,46,0,colt's foot,marigold
436,11,11,1,colt's foot,colt's foot
437,11,47,0,colt's foot,buttercup
438,11,47,0,colt's foot,buttercup
439,11,46,0,colt's foot,marigold
440,11,46,0,colt's foot,marigold
441,11,11,1,colt's foot,colt's foot
442,11,11,1,colt's foot,colt's foot
443,11,11,1,colt's foot,colt's foot
444,11,11,1,colt's foot,colt's foot
445,11,46,0,colt's foot,marigold
446,11,11,1,colt's foot,colt's foot
447,11,11,1,colt's foot,colt's foot
448,11,11,1,colt's foot,colt's foot
449,11,11,1,colt's foot,colt's foot
450,11,53,0,colt's foot,sunflower
451,11,11,1,colt's foot,colt's foot
452,11,11,1,colt's foot,colt's foot
453,11,11,1,colt's foot,colt's foot
454,11,47,0,colt's foot,buttercup
455,11,11,1,colt's foot,colt's foot
456,12,73,0,king protea,rose
457,12,20,0,king protea,fire lily
458,12,12,1,king protea,king protea
459,12,20,0,king protea,fire lily
460,12,12,1,king protea,king protea
461,12,12,1,king protea,king protea
462,12,7,0,king protea,bird of paradise
463,12,96,0,king protea,mallow
464,12,50,0,king protea,petunia
465,12,96,0,king protea,mallow
466,12,96,0,king protea,mallow
467,12,37,0,king protea,great masterwort
468,12,56,0,king protea,gaura
469,12,56,0,king protea,gaura
470,12,19,0,king protea,giant white arum lily
471,12,12,1,king protea,king protea
472,12,13,0,king protea,spear thistle
473,12,13,0,king protea,spear thistle
474,12,19,0,king protea,giant white arum lily
475,12,56,0,king protea,gaura
476,12,20,0,king protea,fire lily
477,12,78,0,king protea,toad lily
478,12,56,0,king protea,gaura
479,12,96,0,king protea,mallow
480,12,96,0,king protea,mallow
481,12,56,0,king protea,gaura
482,12,12,1,king protea,king protea
483,12,96,0,king protea,mallow
484,12,13,0,king protea,spear thistle
485,13,13,1,spear thistle,spear thistle
486,13,13,1,spear thistle,spear thistle
487,13,56,0,spear thistle,gaura
488,13,13,1,spear thistle,spear thistle
489,13,6,0,spear thistle,moon orchid
490,13,13,1,spear thistle,spear thistle
491,13,13,1,spear thistle,spear thistle
492,13,13,1,spear thistle,spear thistle
493,13,67,0,spear thistle,bearded iris
494,13,13,1,spear thistle,spear thistle
495,13,13,1,spear thistle,spear thistle
496,13,13,1,spear thistle,spear thistle
497,13,13,1,spear thistle,spear thistle
498,13,13,1,spear thistle,spear thistle
499,13,13,1,spear thistle,spear thistle
500,13,77,0,spear thistle,lotus
501,13,13,1,spear thistle,spear thistle
502,13,27,0,spear thistle,stemless gentian
503,13,13,1,spear thistle,spear thistle
504,13,13,1,spear thistle,spear thistle
505,13,13,1,spear thistle,spear thistle
506,13,9,0,spear thistle,globe thistle
507,13,61,0,spear thistle,japanese anemone
508,13,27,0,spear thistle,stemless gentian
509,13,13,1,spear thistle,spear thistle
510,13,38,0,spear thistle,siam tulip
511,13,13,1,spear thistle,spear thistle
512,13,13,1,spear thistle,spear thistle
513,14,14,1,yellow iris,yellow iris
514,14,14,1,yellow iris,yellow iris
515,14,14,1,yellow iris,yellow iris
516,14,47,0,yellow iris,buttercup
517,14,11,0,yellow iris,colt's foot
518,14,47,0,yellow iris,buttercup
519,14,46,0,yellow iris,marigold
520,14,46,0,yellow iris,marigold
521,14,64,0,yellow iris,californian poppy
522,14,47,0,yellow iris,buttercup
523,14,41,0,yellow iris,daffodil
524,14,11,0,yellow iris,colt's foot
525,14,11,0,yellow iris,colt's foot
526,14,47,0,yellow iris,buttercup
527,14,49,0,yellow iris,common dandelion
528,14,46,0,yellow iris,marigold
529,14,11,0,yellow iris,colt's foot
530,14,11,0,yellow iris,colt's foot
531,14,53,0,yellow iris,sunflower
532,14,14,1,yellow iris,yellow iris
533,14,53,0,yellow iris,sunflower
534,14,11,0,yellow iris,colt's foot
535,14,46,0,yellow iris,marigold
536,14,11,0,yellow iris,colt's foot
537,14,46,0,yellow iris,marigold
538,14,14,1,yellow iris,yellow iris
539,14,46,0,yellow iris,marigold
540,14,11,0,yellow iris,colt's foot
541,14,14,1,yellow iris,yellow iris
542,15,15,1,globe-flower,globe-flower
543,15,47,0,globe-flower,buttercup
544,15,47,0,globe-flower,buttercup
545,15,14,0,globe-flower,yellow iris
546,15,11,0,globe-flower,colt's foot
547,15,7,0,globe-flower,bird of paradise
548,15,11,0,globe-flower,colt's foot
549,15,47,0,globe-flower,buttercup
550,15,11,0,globe-flower,colt's foot
551,15,11,0,globe-flower,colt's foot
552,15,11,0,globe-flower,colt's foot
553,15,76,0,globe-flower,passion flower
554,15,11,0,globe-flower,colt's foot
555,15,15,1,globe-flower,globe-flower
556,15,14,0,globe-flower,yellow iris
557,15,11,0,globe-flower,colt's foot
558,15,47,0,globe-flower,buttercup
559,15,11,0,globe-flower,colt's foot
560,15,53,0,globe-flower,sunflower
561,15,47,0,globe-flower,buttercup
562,15,15,1,globe-flower,globe-flower
563,20,7,0,fire lily,bird of paradise
564,20,7,0,fire lily,bird of paradise
565,20,20,1,fire lily,fire lily
566,20,34,0,fire lily,alpine sea holly
567,20,7,0,fire lily,bird of paradise
568,20,20,1,fire lily,fire lily
569,20,20,1,fire lily,fire lily
570,20,20,1,fire lily,fire lily
571,20,20,1,fire lily,fire lily
572,20,7,0,fire lily,bird of paradise
573,20,57,0,fire lily,geranium
574,20,78,0,fire lily,toad lily
575,20,7,0,fire lily,bird of paradise
576,20,20,1,fire lily,fire lily
577,20,59,0,fire lily,pink-yellow dahlia?
578,20,46,0,fire lily,marigold
579,20,20,1,fire lily,fire lily
580,20,7,0,fire lily,bird of paradise
581,20,20,1,fire lily,fire lily
582,20,7,0,fire lily,bird of paradise
583,16,56,0,purple coneflower,gaura
584,16,29,0,purple coneflower,sweet william
585,16,16,1,purple coneflower,purple coneflower
586,16,16,1,purple coneflower,purple coneflower
587,16,61,0,purple coneflower,japanese anemone
588,16,16,1,purple coneflower,purple coneflower
589,16,16,1,purple coneflower,purple coneflower
590,16,16,1,purple coneflower,purple coneflower
591,16,16,1,purple coneflower,purple coneflower
592,16,36,0,purple coneflower,cape flower
593,16,93,0,purple coneflower,foxglove
594,16,16,1,purple coneflower,purple coneflower
595,16,31,0,purple coneflower,garden phlox
596,16,93,0,purple coneflower,foxglove
597,16,61,0,purple coneflower,japanese anemone
598,16,35,0,purple coneflower,ruby-lipped cattleya
599,16,16,1,purple coneflower,purple coneflower
600,16,22,0,purple coneflower,fritillary
601,16,81,0,purple coneflower,clematis
602,16,93,0,purple coneflower,foxglove
603,16,16,1,purple coneflower,purple coneflower
604,16,16,1,purple coneflower,purple coneflower
605,16,16,1,purple coneflower,purple coneflower
606,16,93,0,purple coneflower,foxglove
607,16,36,0,purple coneflower,cape flower
608,16,16,1,purple coneflower,purple coneflower
609,16,1,0,purple coneflower,hard-leaved pocket orchid
610,16,36,0,purple coneflower,cape flower
611,16,16,1,purple coneflower,purple coneflower
612,16,16,1,purple coneflower,purple coneflower
613,16,16,1,purple coneflower,purple coneflower
614,16,17,0,purple coneflower,peruvian lily
615,16,16,1,purple coneflower,purple coneflower
616,16,9,0,purple coneflower,globe thistle
617,16,35,0,purple coneflower,ruby-lipped cattleya
618,16,93,0,purple coneflower,foxglove
619,16,36,0,purple coneflower,cape flower
620,16,61,0,purple coneflower,japanese anemone
621,16,76,0,purple coneflower,passion flower
622,16,16,1,purple coneflower,purple coneflower
623,16,17,0,purple coneflower,peruvian lily
624,16,93,0,purple coneflower,foxglove
625,16,18,0,purple coneflower,balloon flower
626,16,91,0,purple coneflower,bee balm
627,16,16,1,purple coneflower,purple coneflower
628,16,16,1,purple coneflower,purple coneflower
629,16,93,0,purple coneflower,foxglove
630,16,16,1,purple coneflower,purple coneflower
631,16,16,1,purple coneflower,purple coneflower
632,16,93,0,purple coneflower,foxglove
633,16,16,1,purple coneflower,purple coneflower
634,16,16,1,purple coneflower,purple coneflower
635,16,16,1,purple coneflower,purple coneflower
636,16,93,0,purple coneflower,foxglove
637,16,93,0,purple coneflower,foxglove
638,16,17,0,purple coneflower,peruvian lily
639,16,84,0,purple coneflower,desert-rose
640,16,67,0,purple coneflower,bearded iris
641,16,76,0,purple coneflower,passion flower
642,16,100,0,purple coneflower,trumpet creeper
643,16,100,0,purple coneflower,trumpet creeper
644,16,16,1,purple coneflower,purple coneflower
645,16,36,0,purple coneflower,cape flower
646,16,56,0,purple coneflower,gaura
647,16,16,1,purple coneflower,purple coneflower
648,17,72,0,peruvian lily,water lily
649,17,93,0,peruvian lily,foxglove
650,17,46,0,peruvian lily,marigold
651,17,11,0,peruvian lily,colt's foot
652,17,46,0,peruvian lily,marigold
653,17,59,0,peruvian lily,pink-yellow dahlia?
654,17,46,0,peruvian lily,marigold
655,17,100,0,peruvian lily,trumpet creeper
656,17,59,0,peruvian lily,pink-yellow dahlia?
657,17,73,0,peruvian lily,rose
658,17,98,0,peruvian lily,bromelia
659,17,17,1,peruvian lily,peruvian lily
660,17,17,1,peruvian lily,peruvian lily
661,17,7,0,peruvian lily,bird of paradise
662,17,70,0,peruvian lily,gazania
663,17,61,0,peruvian lily,japanese anemone
664,17,6,0,peruvian lily,moon orchid
665,17,73,0,peruvian lily,rose
666,17,17,1,peruvian lily,peruvian lily
667,17,7,0,peruvian lily,bird of paradise
668,17,52,0,peruvian lily,primula
669,17,28,0,peruvian lily,artichoke
670,17,67,0,peruvian lily,bearded iris
671,17,6,0,peruvian lily,moon orchid
672,17,80,0,peruvian lily,frangipani
673,17,80,0,peruvian lily,frangipani
674,17,90,0,peruvian lily,hippeastrum
675,17,100,0,peruvian lily,trumpet creeper
676,17,7,0,peruvian lily,bird of paradise
677,17,61,0,peruvian lily,japanese anemone
678,17,1,0,peruvian lily,hard-leaved pocket orchid
679,17,43,0,peruvian lily,poinsettia
680,17,95,0,peruvian lily,camellia
681,17,17,1,peruvian lily,peruvian lily
682,17,0,0,peruvian lily,pink primrose
683,17,7,0,peruvian lily,bird of paradise
684,17,11,0,peruvian lily,colt's foot
685,17,11,0,peruvian lily,colt's foot
686,17,11,0,peruvian lily,colt's foot
687,17,93,0,peruvian lily,foxglove
688,17,34,0,peruvian lily,alpine sea holly
689,17,13,0,peruvian lily,spear thistle
690,17,48,0,peruvian lily,oxeye daisy
691,17,17,1,peruvian lily,peruvian lily
692,17,76,0,peruvian lily,passion flower
693,17,78,0,peruvian lily,toad lily
694,17,90,0,peruvian lily,hippeastrum
695,17,73,0,peruvian lily,rose
696,17,93,0,peruvian lily,foxglove
697,17,93,0,peruvian lily,foxglove
698,17,100,0,peruvian lily,trumpet creeper
699,17,45,0,peruvian lily,wallflower
700,17,96,0,peruvian lily,mallow
701,17,36,0,peruvian lily,cape flower
702,17,84,0,peruvian lily,desert-rose
703,17,93,0,peruvian lily,foxglove
704,17,14,0,peruvian lily,yellow iris
705,17,17,1,peruvian lily,peruvian lily
706,17,11,0,peruvian lily,colt's foot
707,17,78,0,peruvian lily,toad lily
708,17,11,0,peruvian lily,colt's foot
709,17,17,1,peruvian lily,peruvian lily
710,18,24,0,balloon flower,grape hyacinth
711,18,24,0,balloon flower,grape hyacinth
712,18,18,1,balloon flower,balloon flower
713,18,18,1,balloon flower,balloon flower
714,18,74,0,balloon flower,thorn apple
715,18,74,0,balloon flower,thorn apple
716,18,18,1,balloon flower,balloon flower
717,18,34,0,balloon flower,alpine sea holly
718,18,74,0,balloon flower,thorn apple
719,18,61,0,balloon flower,japanese anemone
720,18,19,0,balloon flower,giant white arum lily
721,18,61,0,balloon flower,japanese anemone
722,18,34,0,balloon flower,alpine sea holly
723,18,28,0,balloon flower,artichoke
724,18,24,0,balloon flower,grape hyacinth
725,18,18,1,balloon flower,balloon flower
726,18,2,0,balloon flower,canterbury bells
727,18,61,0,balloon flower,japanese anemone
728,18,6,0,balloon flower,moon orchid
729,18,75,0,balloon flower,morning glory
730,18,13,0,balloon flower,spear thistle
731,18,75,0,balloon flower,morning glory
732,18,35,0,balloon flower,ruby-lipped cattleya
733,18,24,0,balloon flower,grape hyacinth
734,18,51,0,balloon flower,wild pansy
735,18,18,1,balloon flower,balloon flower
736,18,32,0,balloon flower,love in the mist
737,18,27,0,balloon flower,stemless gentian
738,18,18,1,balloon flower,balloon flower
739,19,28,0,giant white arum lily,artichoke
740,19,35,0,giant white arum lily,ruby-lipped cattleya
741,19,78,0,giant white arum lily,toad lily
742,19,6,0,giant white arum lily,moon orchid
743,19,94,0,giant white arum lily,bougainvillea
744,19,80,0,giant white arum lily,frangipani
745,19,61,0,giant white arum lily,japanese anemone
746,19,94,0,giant white arum lily,bougainvillea
747,19,61,0,giant white arum lily,japanese anemone
748,19,1,0,giant white arum lily,hard-leaved pocket orchid
749,19,19,1,giant white arum lily,giant white arum lily
750,19,34,0,giant white arum lily,alpine sea holly
751,19,19,1,giant white arum lily,giant white arum lily
752,19,19,1,giant white arum lily,giant white arum lily
753,19,0,0,giant white arum lily,pink primrose
754,19,37,0,giant white arum lily,great masterwort
755,19,37,0,giant white arum lily,great masterwort
756,19,48,0,giant white arum lily,oxeye daisy
757,19,0,0,giant white arum lily,pink primrose
758,19,6,0,giant white arum lily,moon orchid
759,19,6,0,giant white arum lily,moon orchid
760,19,6,0,giant white arum lily,moon orchid
761,19,19,1,giant white arum lily,giant white arum lily
762,19,86,0,giant white arum lily,magnolia
763,19,19,1,giant white arum lily,giant white arum lily
764,19,61,0,giant white arum lily,japanese anemone
765,19,76,0,giant white arum lily,passion flower
766,19,78,0,giant white arum lily,toad lily
767,19,1,0,giant white arum lily,hard-leaved pocket orchid
768,19,74,0,giant white arum lily,thorn apple
769,19,94,0,giant white arum lily,bougainvillea
770,19,61,0,giant white arum lily,japanese anemone
771,19,52,0,giant white arum lily,primula
772,19,19,1,giant white arum lily,giant white arum lily
773,19,69,0,giant white arum lily,tree poppy
774,19,6,0,giant white arum lily,moon orchid
775,21,74,0,pincushion flower,thorn apple
776,21,78,0,pincushion flower,toad lily
777,21,92,0,pincushion flower,ball moss
778,21,34,0,pincushion flower,alpine sea holly
779,21,97,0,pincushion flower,mexican petunia
780,21,27,0,pincushion flower,stemless gentian
781,21,61,0,pincushion flower,japanese anemone
782,21,22,0,pincushion flower,fritillary
783,21,35,0,pincushion flower,ruby-lipped cattleya
784,21,28,0,pincushion flower,artichoke
785,21,34,0,pincushion flower,alpine sea holly
786,21,22,0,pincushion flower,fritillary
787,21,28,0,pincushion flower,artichoke
788,21,13,0,pincushion flower,spear thistle
789,21,22,0,pincushion flower,fritillary
790,21,86,0,pincushion flower,magnolia
791,21,8,0,pincushion flower,monkshood
792,21,28,0,pincushion flower,artichoke
793,21,93,0,pincushion flower,foxglove
794,21,13,0,pincushion flower,spear thistle
795,21,36,0,pincushion flower,cape flower
796,21,35,0,pincushion flower,ruby-lipped cattleya
797,21,92,0,pincushion flower,ball moss
798,21,34,0,pincushion flower,alpine sea holly
799,21,28,0,pincushion flower,artichoke
800,21,51,0,pincushion flower,wild pansy
801,21,35,0,pincushion flower,ruby-lipped cattleya
802,21,13,0,pincushion flower,spear thistle
803,21,86,0,pincushion flower,magnolia
804,21,35,0,pincushion flower,ruby-lipped cattleya
805,21,95,0,pincushion flower,camellia
806,21,18,0,pincushion flower,balloon flower
807,21,27,0,pincushion flower,stemless gentian
808,21,97,0,pincushion flower,mexican petunia
809,21,44,0,pincushion flower,bolero deep blue
810,21,81,0,pincushion flower,clematis
811,21,34,0,pincushion flower,alpine sea holly
812,21,21,1,pincushion flower,pincushion flower
813,21,97,0,pincushion flower,mexican petunia
814,22,22,1,fritillary,fritillary
815,22,50,0,fritillary,petunia
816,22,19,0,fritillary,giant white arum lily
817,22,61,0,fritillary,japanese anemone
818,22,56,0,fritillary,gaura
819,22,12,0,fritillary,king protea
820,22,22,1,fritillary,fritillary
821,22,76,0,fritillary,passion flower
822,22,22,1,fritillary,fritillary
823,22,13,0,fritillary,spear thistle
824,22,13,0,fritillary,spear thistle
825,22,22,1,fritillary,fritillary
826,22,86,0,fritillary,magnolia
827,22,12,0,fritillary,king protea
828,22,74,0,fritillary,thorn apple
829,22,22,1,fritillary,fritillary
830,22,22,1,fritillary,fritillary
831,22,12,0,fritillary,king protea
832,22,23,0,fritillary,red ginger
833,22,34,0,fritillary,alpine sea holly
834,22,22,1,fritillary,fritillary
835,22,22,1,fritillary,fritillary
836,22,27,0,fritillary,stemless gentian
837,22,99,0,fritillary,blanket flower
838,22,56,0,fritillary,gaura
839,22,36,0,fritillary,cape flower
840,22,23,0,fritillary,red ginger
841,22,13,0,fritillary,spear thistle
842,22,22,1,fritillary,fritillary
843,22,13,0,fritillary,spear thistle
844,22,86,0,fritillary,magnolia
845,22,22,1,fritillary,fritillary
846,22,36,0,fritillary,cape flower
847,22,86,0,fritillary,magnolia
848,22,56,0,fritillary,gaura
849,22,36,0,fritillary,cape flower
850,22,36,0,fritillary,cape flower
851,22,22,1,fritillary,fritillary
852,22,22,1,fritillary,fritillary
853,22,56,0,fritillary,gaura
854,22,56,0,fritillary,gaura
855,22,22,1,fritillary,fritillary
856,22,20,0,fritillary,fire lily
857,22,22,1,fritillary,fritillary
858,22,39,0,fritillary,lenten rose
859,22,12,0,fritillary,king protea
860,22,99,0,fritillary,blanket flower
861,22,56,0,fritillary,gaura
862,22,22,1,fritillary,fritillary
863,22,57,0,fritillary,geranium
864,22,13,0,fritillary,spear thistle
865,22,23,0,fritillary,red ginger
866,22,35,0,fritillary,ruby-lipped cattleya
867,22,92,0,fritillary,ball moss
868,22,37,0,fritillary,great masterwort
869,22,97,0,fritillary,mexican petunia
870,22,34,0,fritillary,alpine sea holly
871,22,36,0,fritillary,cape flower
872,22,93,0,fritillary,foxglove
873,22,22,1,fritillary,fritillary
874,22,19,0,fritillary,giant white arum lily
875,22,37,0,fritillary,great masterwort
876,22,28,0,fritillary,artichoke
877,22,13,0,fritillary,spear thistle
878,22,78,0,fritillary,toad lily
879,22,22,1,fritillary,fritillary
880,22,36,0,fritillary,cape flower
881,22,23,0,fritillary,red ginger
882,22,78,0,fritillary,toad lily
883,22,9,0,fritillary,globe thistle
884,22,56,0,fritillary,gaura
885,23,20,0,red ginger,fire lily
886,23,23,1,red ginger,red ginger
887,23,20,0,red ginger,fire lily
888,23,57,0,red ginger,geranium
889,23,57,0,red ginger,geranium
890,23,23,1,red ginger,red ginger
891,23,23,1,red ginger,red ginger
892,23,23,1,red ginger,red ginger
893,23,99,0,red ginger,blanket flower
894,23,99,0,red ginger,blanket flower
895,23,57,0,red ginger,geranium
896,23,20,0,red ginger,fire lily
897,23,73,0,red ginger,rose
898,23,20,0,red ginger,fire lily
899,23,23,1,red ginger,red ginger
900,23,23,1,red ginger,red ginger
901,23,99,0,red ginger,blanket flower
902,23,23,1,red ginger,red ginger
903,23,25,0,red ginger,corn poppy
904,23,23,1,red ginger,red ginger
905,23,84,0,red ginger,desert-rose
906,23,37,0,red ginger,great masterwort
907,24,34,0,grape hyacinth,alpine sea holly
908,24,34,0,grape hyacinth,alpine sea holly
909,24,34,0,grape hyacinth,alpine sea holly
910,24,34,0,grape hyacinth,alpine sea holly
911,24,34,0,grape hyacinth,alpine sea holly
912,24,51,0,grape hyacinth,wild pansy
913,24,74,0,grape hyacinth,thorn apple
914,24,74,0,grape hyacinth,thorn apple
915,24,34,0,grape hyacinth,alpine sea holly
916,24,34,0,grape hyacinth,alpine sea holly
917,24,86,0,grape hyacinth,magnolia
918,24,9,0,grape hyacinth,globe thistle
919,24,8,0,grape hyacinth,monkshood
920,24,27,0,grape hyacinth,stemless gentian
921,24,24,1,grape hyacinth,grape hyacinth
922,24,27,0,grape hyacinth,stemless gentian
923,24,13,0,grape hyacinth,spear thistle
924,24,27,0,grape hyacinth,stemless gentian
925,24,34,0,grape hyacinth,alpine sea holly
926,24,34,0,grape hyacinth,alpine sea holly
927,24,34,0,grape hyacinth,alpine sea holly
928,25,25,1,corn poppy,corn poppy
929,25,57,0,corn poppy,geranium
930,25,25,1,corn poppy,corn poppy
931,25,25,1,corn poppy,corn poppy
932,25,101,0,corn poppy,blackberry lily
933,25,25,1,corn poppy,corn poppy
934,25,57,0,corn poppy,geranium
935,25,42,0,corn poppy,sword lily
936,25,25,1,corn poppy,corn poppy
937,25,57,0,corn poppy,geranium
938,25,25,1,corn poppy,corn poppy
939,25,45,0,corn poppy,wallflower
940,25,23,0,corn poppy,red ginger
941,25,57,0,corn poppy,geranium
942,25,45,0,corn poppy,wallflower
943,25,25,1,corn poppy,corn poppy
944,25,57,0,corn poppy,geranium
945,25,57,0,corn poppy,geranium
946,25,82,0,corn poppy,hibiscus
947,25,99,0,corn poppy,blanket flower
948,25,99,0,corn poppy,blanket flower
949,26,20,0,prince of wales feathers,fire lily
950,26,25,0,prince of wales feathers,corn poppy
951,26,99,0,prince of wales feathers,blanket flower
952,26,45,0,prince of wales feathers,wallflower
953,26,47,0,prince of wales feathers,buttercup
954,26,25,0,prince of wales feathers,corn poppy
955,26,53,0,prince of wales feathers,sunflower
956,26,99,0,prince of wales feathers,blanket flower
957,26,99,0,prince of wales feathers,blanket flower
958,26,46,0,prince of wales feathers,marigold
959,26,99,0,prince of wales feathers,blanket flower
960,26,25,0,prince of wales feathers,corn poppy
961,26,99,0,prince of wales feathers,blanket flower
962,26,47,0,prince of wales feathers,buttercup
963,26,99,0,prince of wales feathers,blanket flower
964,26,57,0,prince of wales feathers,geranium
965,26,53,0,prince of wales feathers,sunflower
966,26,45,0,prince of wales feathers,wallflower
967,26,7,0,prince of wales feathers,bird of paradise
968,26,20,0,prince of wales feathers,fire lily
969,27,34,0,stemless gentian,alpine sea holly
970,27,7,0,stemless gentian,bird of paradise
971,27,27,1,stemless gentian,stemless gentian
972,27,32,0,stemless gentian,love in the mist
973,27,27,1,stemless gentian,stemless gentian
974,27,34,0,stemless gentian,alpine sea holly
975,27,32,0,stemless gentian,love in the mist
976,27,9,0,stemless gentian,globe thistle
977,27,27,1,stemless gentian,stemless gentian
978,27,34,0,stemless gentian,alpine sea holly
979,27,34,0,stemless gentian,alpine sea holly
980,27,8,0,stemless gentian,monkshood
981,27,34,0,stemless gentian,alpine sea holly
982,27,24,0,stemless gentian,grape hyacinth
983,27,34,0,stemless gentian,alpine sea holly
984,27,27,1,stemless gentian,stemless gentian
985,27,34,0,stemless gentian,alpine sea holly
986,27,34,0,stemless gentian,alpine sea holly
987,27,34,0,stemless gentian,alpine sea holly
988,27,34,0,stemless gentian,alpine sea holly
989,27,34,0,stemless gentian,alpine sea holly
990,27,34,0,stemless gentian,alpine sea holly
991,27,34,0,stemless gentian,alpine sea holly
992,27,34,0,stemless gentian,alpine sea holly
993,27,34,0,stemless gentian,alpine sea holly
994,27,34,0,stemless gentian,alpine sea holly
995,27,27,1,stemless gentian,stemless gentian
996,27,27,1,stemless gentian,stemless gentian
997,27,34,0,stemless gentian,alpine sea holly
998,27,34,0,stemless gentian,alpine sea holly
999,27,76,0,stemless gentian,passion flower
1000,27,9,0,stemless gentian,globe thistle
1001,27,9,0,stemless gentian,globe thistle
1002,27,34,0,stemless gentian,alpine sea holly
1003,27,27,1,stemless gentian,stemless gentian
1004,27,27,1,stemless gentian,stemless gentian
1005,27,27,1,stemless gentian,stemless gentian
1006,27,27,1,stemless gentian,stemless gentian
1007,27,18,0,stemless gentian,balloon flower
1008,27,27,1,stemless gentian,stemless gentian
1009,27,24,0,stemless gentian,grape hyacinth
1010,27,27,1,stemless gentian,stemless gentian
1011,27,51,0,stemless gentian,wild pansy
1012,27,27,1,stemless gentian,stemless gentian
1013,27,34,0,stemless gentian,alpine sea holly
1014,27,34,0,stemless gentian,alpine sea holly
1015,28,13,0,artichoke,spear thistle
1016,28,28,1,artichoke,artichoke
1017,28,28,1,artichoke,artichoke
1018,28,91,0,artichoke,bee balm
1019,28,38,0,artichoke,siam tulip
1020,28,13,0,artichoke,spear thistle
1021,28,28,1,artichoke,artichoke
1022,28,13,0,artichoke,spear thistle
1023,28,28,1,artichoke,artichoke
1024,28,13,0,artichoke,spear thistle
1025,28,24,0,artichoke,grape hyacinth
1026,28,13,0,artichoke,spear thistle
1027,28,13,0,artichoke,spear thistle
1028,28,8,0,artichoke,monkshood
1029,28,97,0,artichoke,mexican petunia
1030,28,13,0,artichoke,spear thistle
1031,28,38,0,artichoke,siam tulip
1032,28,22,0,artichoke,fritillary
1033,28,20,0,artichoke,fire lily
1034,28,9,0,artichoke,globe thistle
1035,28,8,0,artichoke,monkshood
1036,28,28,1,artichoke,artichoke
1037,28,13,0,artichoke,spear thistle
1038,28,35,0,artichoke,ruby-lipped cattleya
1039,28,97,0,artichoke,mexican petunia
1040,28,91,0,artichoke,bee balm
1041,28,22,0,artichoke,fritillary
1042,28,92,0,artichoke,ball moss
1043,28,19,0,artichoke,giant white arum lily
1044,28,35,0,artichoke,ruby-lipped cattleya
1045,28,24,0,artichoke,grape hyacinth
1046,28,8,0,artichoke,monkshood
1047,28,28,1,artichoke,artichoke
1048,28,34,0,artichoke,alpine sea holly
1049,28,35,0,artichoke,ruby-lipped cattleya
1050,28,22,0,artichoke,fritillary
1051,28,22,0,artichoke,fritillary
1052,28,97,0,artichoke,mexican petunia
1053,28,13,0,artichoke,spear thistle
1054,28,13,0,artichoke,spear thistle
1055,28,6,0,artichoke,moon orchid
1056,28,86,0,artichoke,magnolia
1057,28,9,0,artichoke,globe thistle
1058,28,22,0,artichoke,fritillary
1059,28,56,0,artichoke,gaura
1060,28,13,0,artichoke,spear thistle
1061,28,9,0,artichoke,globe thistle
1062,28,93,0,artichoke,foxglove
1063,28,22,0,artichoke,fritillary
1064,28,61,0,artichoke,japanese anemone
1065,28,22,0,artichoke,fritillary
1066,28,28,1,artichoke,artichoke
1067,28,92,0,artichoke,ball moss
1068,28,38,0,artichoke,siam tulip
1069,28,6,0,artichoke,moon orchid
1070,28,78,0,artichoke,toad lily
1071,28,38,0,artichoke,siam tulip
1072,28,92,0,artichoke,ball moss
1073,29,87,0,sweet william,cyclamen
1074,29,97,0,sweet william,mexican petunia
1075,29,93,0,sweet william,foxglove
1076,29,87,0,sweet william,cyclamen
1077,29,31,0,sweet william,garden phlox
1078,29,87,0,sweet william,cyclamen
1079,29,42,0,sweet william,sword lily
1080,29,34,0,sweet william,alpine sea holly
1081,29,86,0,sweet william,magnolia
1082,29,93,0,sweet william,foxglove
1083,29,36,0,sweet william,cape flower
1084,29,43,0,sweet william,poinsettia
1085,29,87,0,sweet william,cyclamen
1086,29,29,1,sweet william,sweet william
1087,29,30,0,sweet william,carnation
1088,29,84,0,sweet william,desert-rose
1089,29,56,0,sweet william,gaura
1090,29,36,0,sweet william,cape flower
1091,29,93,0,sweet william,foxglove
1092,29,30,0,sweet william,carnation
1093,29,43,0,sweet william,poinsettia
1094,29,17,0,sweet william,peruvian lily
1095,29,85,0,sweet william,tree mallow
1096,29,85,0,sweet william,tree mallow
1097,29,93,0,sweet william,foxglove
1098,29,13,0,sweet william,spear thistle
1099,29,100,0,sweet william,trumpet creeper
1100,29,36,0,sweet william,cape flower
1101,29,81,0,sweet william,clematis
1102,29,31,0,sweet william,garden phlox
1103,29,71,0,sweet william,azalea
1104,29,17,0,sweet william,peruvian lily
1105,29,84,0,sweet william,desert-rose
1106,29,78,0,sweet william,toad lily
1107,29,93,0,sweet william,foxglove
1108,29,17,0,sweet william,peruvian lily
1109,29,93,0,sweet william,foxglove
1110,29,36,0,sweet william,cape flower
1111,29,93,0,sweet william,foxglove
1112,29,84,0,sweet william,desert-rose
1113,29,43,0,sweet william,poinsettia
1114,29,87,0,sweet william,cyclamen
1115,29,85,0,sweet william,tree mallow
1116,29,91,0,sweet william,bee balm
1117,29,90,0,sweet william,hippeastrum
1118,29,30,0,sweet william,carnation
1119,29,30,0,sweet william,carnation
1120,29,84,0,sweet william,desert-rose
1121,29,43,0,sweet william,poinsettia
1122,29,43,0,sweet william,poinsettia
1123,29,84,0,sweet william,desert-rose
1124,29,17,0,sweet william,peruvian lily
1125,29,35,0,sweet william,ruby-lipped cattleya
1126,29,93,0,sweet william,foxglove
1127,29,37,0,sweet william,great masterwort
1128,29,37,0,sweet william,great masterwort
1129,29,37,0,sweet william,great masterwort
1130,29,36,0,sweet william,cape flower
1131,29,22,0,sweet william,fritillary
1132,29,29,1,sweet william,sweet william
1133,29,29,1,sweet william,sweet william
1134,29,31,0,sweet william,garden phlox
1135,29,43,0,sweet william,poinsettia
1136,29,29,1,sweet william,sweet william
1137,29,87,0,sweet william,cyclamen
1138,30,31,0,carnation,garden phlox
1139,30,25,0,carnation,corn poppy
1140,30,25,0,carnation,corn poppy
1141,30,86,0,carnation,magnolia
1142,30,13,0,carnation,spear thistle
1143,30,98,0,carnation,bromelia
1144,30,57,0,carnation,geranium
1145,30,36,0,carnation,cape flower
1146,30,90,0,carnation,hippeastrum
1147,30,96,0,carnation,mallow
1148,30,84,0,carnation,desert-rose
1149,30,87,0,carnation,cyclamen
1150,30,43,0,carnation,poinsettia
1151,30,35,0,carnation,ruby-lipped cattleya
1152,30,86,0,carnation,magnolia
1153,30,36,0,carnation,cape flower
1154,30,37,0,carnation,great masterwort
1155,30,90,0,carnation,hippeastrum
1156,30,57,0,carnation,geranium
1157,30,91,0,carnation,bee balm
1158,30,90,0,carnation,hippeastrum
1159,30,84,0,carnation,desert-rose
1160,30,71,0,carnation,azalea
1161,30,37,0,carnation,great masterwort
1162,30,52,0,carnation,primula
1163,30,14,0,carnation,yellow iris
1164,30,90,0,carnation,hippeastrum
1165,30,30,1,carnation,carnation
1166,30,86,0,carnation,magnolia
1167,30,86,0,carnation,magnolia
1168,30,80,0,carnation,frangipani
1169,30,25,0,carnation,corn poppy
1170,31,93,0,garden phlox,foxglove
1171,31,71,0,garden phlox,azalea
1172,31,36,0,garden phlox,cape flower
1173,31,43,0,garden phlox,poinsettia
1174,31,87,0,garden phlox,cyclamen
1175,31,87,0,garden phlox,cyclamen
1176,31,29,0,garden phlox,sweet william
1177,31,13,0,garden phlox,spear thistle
1178,31,29,0,garden phlox,sweet william
1179,31,31,1,garden phlox,garden phlox
1180,31,87,0,garden phlox,cyclamen
1181,31,93,0,garden phlox,foxglove
1182,31,84,0,garden phlox,desert-rose
1183,31,78,0,garden phlox,toad lily
1184,31,61,0,garden phlox,japanese anemone
1185,31,87,0,garden phlox,cyclamen
1186,31,34,0,garden phlox,alpine sea holly
1187,31,24,0,garden phlox,grape hyacinth
1188,31,3,0,garden phlox,sweet pea
1189,31,91,0,garden phlox,bee balm
1190,31,86,0,garden phlox,magnolia
1191,31,22,0,garden phlox,fritillary
1192,31,93,0,garden phlox,foxglove
1193,31,29,0,garden phlox,sweet william
1194,31,71,0,garden phlox,azalea
1195,32,78,0,love in the mist,toad lily
1196,32,9,0,love in the mist,globe thistle
1197,32,24,0,love in the mist,grape hyacinth
1198,32,74,0,love in the mist,thorn apple
1199,32,56,0,love in the mist,gaura
1200,32,32,1,love in the mist,love in the mist
1201,32,34,0,love in the mist,alpine sea holly
1202,32,78,0,love in the mist,toad lily
1203,32,24,0,love in the mist,grape hyacinth
1204,32,32,1,love in the mist,love in the mist
1205,32,24,0,love in the mist,grape hyacinth
1206,32,78,0,love in the mist,toad lily
1207,32,34,0,love in the mist,alpine sea holly
1208,32,74,0,love in the mist,thorn apple
1209,32,32,1,love in the mist,love in the mist
1210,32,34,0,love in the mist,alpine sea holly
1211,32,56,0,love in the mist,gaura
1212,32,74,0,love in the mist,thorn apple
1213,32,76,0,love in the mist,passion flower
1214,32,56,0,love in the mist,gaura
1215,32,76,0,love in the mist,passion flower
1216,32,34,0,love in the mist,alpine sea holly
1217,32,24,0,love in the mist,grape hyacinth
1218,32,32,1,love in the mist,love in the mist
1219,32,9,0,love in the mist,globe thistle
1220,32,56,0,love in the mist,gaura
1221,33,66,0,mexican aster,spring crocus
1222,33,73,0,mexican aster,rose
1223,33,33,1,mexican aster,mexican aster
1224,33,48,0,mexican aster,oxeye daisy
1225,33,77,0,mexican aster,lotus
1226,33,74,0,mexican aster,thorn apple
1227,33,33,1,mexican aster,mexican aster
1228,33,51,0,mexican aster,wild pansy
1229,33,73,0,mexican aster,rose
1230,33,73,0,mexican aster,rose
1231,33,95,0,mexican aster,camellia
1232,33,95,0,mexican aster,camellia
1233,33,36,0,mexican aster,cape flower
1234,33,33,1,mexican aster,mexican aster
1235,33,33,1,mexican aster,mexican aster
1236,33,48,0,mexican aster,oxeye daisy
1237,33,61,0,mexican aster,japanese anemone
1238,33,33,1,mexican aster,mexican aster
1239,33,78,0,mexican aster,toad lily
1240,33,33,1,mexican aster,mexican aster
1241,34,34,1,alpine sea holly,alpine sea holly
1242,34,34,1,alpine sea holly,alpine sea holly
1243,34,34,1,alpine sea holly,alpine sea holly
1244,34,78,0,alpine sea holly,toad lily
1245,34,34,1,alpine sea holly,alpine sea holly
1246,34,34,1,alpine sea holly,alpine sea holly
1247,34,34,1,alpine sea holly,alpine sea holly
1248,34,34,1,alpine sea holly,alpine sea holly
1249,34,34,1,alpine sea holly,alpine sea holly
1250,34,34,1,alpine sea holly,alpine sea holly
1251,34,34,1,alpine sea holly,alpine sea holly
1252,34,34,1,alpine sea holly,alpine sea holly
1253,34,78,0,alpine sea holly,toad lily
1254,34,48,0,alpine sea holly,oxeye daisy
1255,34,34,1,alpine sea holly,alpine sea holly
1256,34,34,1,alpine sea holly,alpine sea holly
1257,34,34,1,alpine sea holly,alpine sea holly
1258,34,78,0,alpine sea holly,toad lily
1259,34,34,1,alpine sea holly,alpine sea holly
1260,34,34,1,alpine sea holly,alpine sea holly
1261,34,34,1,alpine sea holly,alpine sea holly
1262,34,34,1,alpine sea holly,alpine sea holly
1263,34,34,1,alpine sea holly,alpine sea holly
1264,35,51,0,ruby-lipped cattleya,wild pansy
1265,35,35,1,ruby-lipped cattleya,ruby-lipped cattleya
1266,35,19,0,ruby-lipped cattleya,giant white arum lily
1267,35,8,0,ruby-lipped cattleya,monkshood
1268,35,35,1,ruby-lipped cattleya,ruby-lipped cattleya
1269,35,93,0,ruby-lipped cattleya,foxglove
1270,35,35,1,ruby-lipped cattleya,ruby-lipped cattleya
1271,35,84,0,ruby-lipped cattleya,desert-rose
1272,35,35,1,ruby-lipped cattleya,ruby-lipped cattleya
1273,35,33,0,ruby-lipped cattleya,mexican aster
1274,35,35,1,ruby-lipped cattleya,ruby-lipped cattleya
1275,35,35,1,ruby-lipped cattleya,ruby-lipped cattleya
1276,35,35,1,ruby-lipped cattleya,ruby-lipped cattleya
1277,35,35,1,ruby-lipped cattleya,ruby-lipped cattleya
1278,35,34,0,ruby-lipped cattleya,alpine sea holly
1279,35,35,1,ruby-lipped cattleya,ruby-lipped cattleya
1280,35,56,0,ruby-lipped cattleya,gaura
1281,35,23,0,ruby-lipped cattleya,red ginger
1282,35,86,0,ruby-lipped cattleya,magnolia
1283,35,78,0,ruby-lipped cattleya,toad lily
1284,35,51,0,ruby-lipped cattleya,wild pansy
1285,35,35,1,ruby-lipped cattleya,ruby-lipped cattleya
1286,35,35,1,ruby-lipped cattleya,ruby-lipped cattleya
1287,35,78,0,ruby-lipped cattleya,toad lily
1288,35,35,1,ruby-lipped cattleya,ruby-lipped cattleya
1289,35,78,0,ruby-lipped cattleya,toad lily
1290,35,35,1,ruby-lipped cattleya,ruby-lipped cattleya
1291,35,35,1,ruby-lipped cattleya,ruby-lipped cattleya
1292,35,35,1,ruby-lipped cattleya,ruby-lipped cattleya
1293,35,35,1,ruby-lipped cattleya,ruby-lipped cattleya
1294,35,35,1,ruby-lipped cattleya,ruby-lipped cattleya
1295,35,78,0,ruby-lipped cattleya,toad lily
1296,35,35,1,ruby-lipped cattleya,ruby-lipped cattleya
1297,35,78,0,ruby-lipped cattleya,toad lily
1298,35,35,1,ruby-lipped cattleya,ruby-lipped cattleya
1299,35,78,0,ruby-lipped cattleya,toad lily
1300,35,36,0,ruby-lipped cattleya,cape flower
1301,35,2,0,ruby-lipped cattleya,canterbury bells
1302,35,34,0,ruby-lipped cattleya,alpine sea holly
1303,35,75,0,ruby-lipped cattleya,morning glory
1304,35,78,0,ruby-lipped cattleya,toad lily
1305,35,34,0,ruby-lipped cattleya,alpine sea holly
1306,35,35,1,ruby-lipped cattleya,ruby-lipped cattleya
1307,35,31,0,ruby-lipped cattleya,garden phlox
1308,35,2,0,ruby-lipped cattleya,canterbury bells
1309,35,34,0,ruby-lipped cattleya,alpine sea holly
1310,35,34,0,ruby-lipped cattleya,alpine sea holly
1311,35,87,0,ruby-lipped cattleya,cyclamen
1312,35,22,0,ruby-lipped cattleya,fritillary
1313,35,35,1,ruby-lipped cattleya,ruby-lipped cattleya
1314,35,35,1,ruby-lipped cattleya,ruby-lipped cattleya
1315,35,6,0,ruby-lipped cattleya,moon orchid
1316,35,78,0,ruby-lipped cattleya,toad lily
1317,35,97,0,ruby-lipped cattleya,mexican petunia
1318,35,35,1,ruby-lipped cattleya,ruby-lipped cattleya
1319,36,22,0,cape flower,fritillary
1320,36,36,1,cape flower,cape flower
1321,36,34,0,cape flower,alpine sea holly
1322,36,36,1,cape flower,cape flower
1323,36,91,0,cape flower,bee balm
1324,36,34,0,cape flower,alpine sea holly
1325,36,36,1,cape flower,cape flower
1326,36,36,1,cape flower,cape flower
1327,36,22,0,cape flower,fritillary
1328,36,36,1,cape flower,cape flower
1329,36,36,1,cape flower,cape flower
1330,36,36,1,cape flower,cape flower
1331,36,56,0,cape flower,gaura
1332,36,22,0,cape flower,fritillary
1333,36,36,1,cape flower,cape flower
1334,36,36,1,cape flower,cape flower
1335,36,36,1,cape flower,cape flower
1336,36,36,1,cape flower,cape flower
1337,36,93,0,cape flower,foxglove
1338,36,34,0,cape flower,alpine sea holly
1339,36,36,1,cape flower,cape flower
1340,36,78,0,cape flower,toad lily
1341,36,36,1,cape flower,cape flower
1342,36,93,0,cape flower,foxglove
1343,36,36,1,cape flower,cape flower
1344,36,34,0,cape flower,alpine sea holly
1345,36,61,0,cape flower,japanese anemone
1346,36,93,0,cape flower,foxglove
1347,36,36,1,cape flower,cape flower
1348,36,34,0,cape flower,alpine sea holly
1349,36,36,1,cape flower,cape flower
1350,36,93,0,cape flower,foxglove
1351,36,2,0,cape flower,canterbury bells
1352,36,36,1,cape flower,cape flower
1353,36,36,1,cape flower,cape flower
1354,36,91,0,cape flower,bee balm
1355,36,36,1,cape flower,cape flower
1356,36,36,1,cape flower,cape flower
1357,36,31,0,cape flower,garden phlox
1358,36,36,1,cape flower,cape flower
1359,36,35,0,cape flower,ruby-lipped cattleya
1360,36,36,1,cape flower,cape flower
1361,36,36,1,cape flower,cape flower
1362,36,36,1,cape flower,cape flower
1363,36,36,1,cape flower,cape flower
1364,36,36,1,cape flower,cape flower
1365,36,36,1,cape flower,cape flower
1366,36,36,1,cape flower,cape flower
1367,36,78,0,cape flower,toad lily
1368,36,36,1,cape flower,cape flower
1369,36,36,1,cape flower,cape flower
1370,36,36,1,cape flower,cape flower
1371,36,78,0,cape flower,toad lily
1372,36,78,0,cape flower,toad lily
1373,36,22,0,cape flower,fritillary
1374,36,36,1,cape flower,cape flower
1375,36,34,0,cape flower,alpine sea holly
1376,36,78,0,cape flower,toad lily
1377,36,36,1,cape flower,cape flower
1378,36,36,1,cape flower,cape flower
1379,36,36,1,cape flower,cape flower
1380,36,34,0,cape flower,alpine sea holly
1381,36,34,0,cape flower,alpine sea holly
1382,36,91,0,cape flower,bee balm
1383,36,76,0,cape flower,passion flower
1384,36,36,1,cape flower,cape flower
1385,36,36,1,cape flower,cape flower
1386,36,84,0,cape flower,desert-rose
1387,36,36,1,cape flower,cape flower
1388,36,84,0,cape flower,desert-rose
1389,36,56,0,cape flower,gaura
1390,36,36,1,cape flower,cape flower
1391,36,92,0,cape flower,ball moss
1392,36,36,1,cape flower,cape flower
1393,36,36,1,cape flower,cape flower
1394,36,93,0,cape flower,foxglove
1395,36,78,0,cape flower,toad lily
1396,36,78,0,cape flower,toad lily
1397,36,36,1,cape flower,cape flower
1398,36,22,0,cape flower,fritillary
1399,36,36,1,cape flower,cape flower
1400,36,36,1,cape flower,cape flower
1401,36,36,1,cape flower,cape flower
1402,36,36,1,cape flower,cape flower
1403,36,36,1,cape flower,cape flower
1404,36,93,0,cape flower,foxglove
1405,36,56,0,cape flower,gaura
1406,36,22,0,cape flower,fritillary
1407,37,34,0,great masterwort,alpine sea holly
1408,37,22,0,great masterwort,fritillary
1409,37,86,0,great masterwort,magnolia
1410,37,9,0,great masterwort,globe thistle
1411,37,36,0,great masterwort,cape flower
1412,37,22,0,great masterwort,fritillary
1413,37,34,0,great masterwort,alpine sea holly
1414,37,37,1,great masterwort,great masterwort
1415,37,86,0,great masterwort,magnolia
1416,37,19,0,great masterwort,giant white arum lily
1417,37,93,0,great masterwort,foxglove
1418,37,34,0,great masterwort,alpine sea holly
1419,37,21,0,great masterwort,pincushion flower
1420,37,74,0,great masterwort,thorn apple
1421,37,86,0,great masterwort,magnolia
1422,37,39,0,great masterwort,lenten rose
1423,37,34,0,great masterwort,alpine sea holly
1424,37,37,1,great masterwort,great masterwort
1425,37,99,0,great masterwort,blanket flower
1426,37,34,0,great masterwort,alpine sea holly
1427,37,20,0,great masterwort,fire lily
1428,37,74,0,great masterwort,thorn apple
1429,37,22,0,great masterwort,fritillary
1430,37,86,0,great masterwort,magnolia
1431,37,34,0,great masterwort,alpine sea holly
1432,37,86,0,great masterwort,magnolia
1433,37,86,0,great masterwort,magnolia
1434,37,96,0,great masterwort,mallow
1435,37,86,0,great masterwort,magnolia
1436,37,34,0,great masterwort,alpine sea holly
1437,37,34,0,great masterwort,alpine sea holly
1438,37,78,0,great masterwort,toad lily
1439,37,34,0,great masterwort,alpine sea holly
1440,37,86,0,great masterwort,magnolia
1441,37,86,0,great masterwort,magnolia
1442,37,86,0,great masterwort,magnolia
1443,38,78,0,siam tulip,toad lily
1444,38,38,1,siam tulip,siam tulip
1445,38,6,0,siam tulip,moon orchid
1446,38,38,1,siam tulip,siam tulip
1447,38,19,0,siam tulip,giant white arum lily
1448,38,92,0,siam tulip,ball moss
1449,38,38,1,siam tulip,siam tulip
1450,38,33,0,siam tulip,mexican aster
1451,38,19,0,siam tulip,giant white arum lily
1452,38,54,0,siam tulip,pelargonium
1453,38,91,0,siam tulip,bee balm
1454,38,91,0,siam tulip,bee balm
1455,38,19,0,siam tulip,giant white arum lily
1456,38,92,0,siam tulip,ball moss
1457,38,91,0,siam tulip,bee balm
1458,38,86,0,siam tulip,magnolia
1459,38,30,0,siam tulip,carnation
1460,38,28,0,siam tulip,artichoke
1461,38,28,0,siam tulip,artichoke
1462,38,91,0,siam tulip,bee balm
1463,38,91,0,siam tulip,bee balm
1464,39,11,0,lenten rose,colt's foot
1465,39,20,0,lenten rose,fire lily
1466,39,7,0,lenten rose,bird of paradise
1467,39,17,0,lenten rose,peruvian lily
1468,39,93,0,lenten rose,foxglove
1469,39,73,0,lenten rose,rose
1470,39,36,0,lenten rose,cape flower
1471,39,13,0,lenten rose,spear thistle
1472,39,69,0,lenten rose,tree poppy
1473,39,80,0,lenten rose,frangipani
1474,39,93,0,lenten rose,foxglove
1475,39,39,1,lenten rose,lenten rose
1476,39,52,0,lenten rose,primula
1477,39,33,0,lenten rose,mexican aster
1478,39,34,0,lenten rose,alpine sea holly
1479,39,95,0,lenten rose,camellia
1480,39,7,0,lenten rose,bird of paradise
1481,39,89,0,lenten rose,canna lily
1482,39,76,0,lenten rose,passion flower
1483,39,17,0,lenten rose,peruvian lily
1484,39,41,0,lenten rose,daffodil
1485,39,61,0,lenten rose,japanese anemone
1486,39,76,0,lenten rose,passion flower
1487,39,80,0,lenten rose,frangipani
1488,39,34,0,lenten rose,alpine sea holly
1489,39,76,0,lenten rose,passion flower
1490,39,39,1,lenten rose,lenten rose
1491,39,52,0,lenten rose,primula
1492,39,34,0,lenten rose,alpine sea holly
1493,39,76,0,lenten rose,passion flower
1494,39,76,0,lenten rose,passion flower
1495,39,76,0,lenten rose,passion flower
1496,39,13,0,lenten rose,spear thistle
1497,39,76,0,lenten rose,passion flower
1498,39,86,0,lenten rose,magnolia
1499,39,13,0,lenten rose,spear thistle
1500,39,76,0,lenten rose,passion flower
1501,39,48,0,lenten rose,oxeye daisy
1502,39,67,0,lenten rose,bearded iris
1503,39,93,0,lenten rose,foxglove
1504,39,39,1,lenten rose,lenten rose
1505,39,76,0,lenten rose,passion flower
1506,39,23,0,lenten rose,red ginger
1507,39,52,0,lenten rose,primula
1508,39,94,0,lenten rose,bougainvillea
1509,39,91,0,lenten rose,bee balm
1510,39,52,0,lenten rose,primula
1511,40,25,0,barbeton daisy,corn poppy
1512,40,70,0,barbeton daisy,gazania
1513,40,70,0,barbeton daisy,gazania
1514,40,80,0,barbeton daisy,frangipani
1515,40,25,0,barbeton daisy,corn poppy
1516,40,46,0,barbeton daisy,marigold
1517,40,53,0,barbeton daisy,sunflower
1518,40,30,0,barbeton daisy,carnation
1519,40,70,0,barbeton daisy,gazania
1520,40,90,0,barbeton daisy,hippeastrum
1521,40,25,0,barbeton daisy,corn poppy
1522,40,47,0,barbeton daisy,buttercup
1523,40,25,0,barbeton daisy,corn poppy
1524,40,90,0,barbeton daisy,hippeastrum
1525,40,57,0,barbeton daisy,geranium
1526,40,25,0,barbeton daisy,corn poppy
1527,40,42,0,barbeton daisy,sword lily
1528,40,11,0,barbeton daisy,colt's foot
1529,40,53,0,barbeton daisy,sunflower
1530,40,72,0,barbeton daisy,water lily
1531,40,84,0,barbeton daisy,desert-rose
1532,40,83,0,barbeton daisy,columbine
1533,40,30,0,barbeton daisy,carnation
1534,40,45,0,barbeton daisy,wallflower
1535,40,42,0,barbeton daisy,sword lily
1536,40,48,0,barbeton daisy,oxeye daisy
1537,40,11,0,barbeton daisy,colt's foot
1538,40,25,0,barbeton daisy,corn poppy
1539,40,30,0,barbeton daisy,carnation
1540,40,96,0,barbeton daisy,mallow
1541,40,87,0,barbeton daisy,cyclamen
1542,40,88,0,barbeton daisy,watercress
1543,40,25,0,barbeton daisy,corn poppy
1544,40,39,0,barbeton daisy,lenten rose
1545,40,19,0,barbeton daisy,giant white arum lily
1546,40,22,0,barbeton daisy,fritillary
1547,40,86,0,barbeton daisy,magnolia
1548,40,72,0,barbeton daisy,water lily
1549,40,61,0,barbeton daisy,japanese anemone
1550,40,43,0,barbeton daisy,poinsettia
1551,40,41,0,barbeton daisy,daffodil
1552,40,86,0,barbeton daisy,magnolia
1553,40,43,0,barbeton daisy,poinsettia
1554,40,100,0,barbeton daisy,trumpet creeper
1555,40,87,0,barbeton daisy,cyclamen
1556,40,43,0,barbeton daisy,poinsettia
1557,40,30,0,barbeton daisy,carnation
1558,40,90,0,barbeton daisy,hippeastrum
1559,40,57,0,barbeton daisy,geranium
1560,40,11,0,barbeton daisy,colt's foot
1561,40,11,0,barbeton daisy,colt's foot
1562,40,78,0,barbeton daisy,toad lily
1563,40,73,0,barbeton daisy,rose
1564,40,90,0,barbeton daisy,hippeastrum
1565,40,48,0,barbeton daisy,oxeye daisy
1566,40,99,0,barbeton daisy,blanket flower
1567,40,11,0,barbeton daisy,colt's foot
1568,40,11,0,barbeton daisy,colt's foot
1569,40,90,0,barbeton daisy,hippeastrum
1570,40,43,0,barbeton daisy,poinsettia
1571,40,11,0,barbeton daisy,colt's foot
1572,40,11,0,barbeton daisy,colt's foot
1573,40,43,0,barbeton daisy,poinsettia
1574,40,11,0,barbeton daisy,colt's foot
1575,40,70,0,barbeton daisy,gazania
1576,40,57,0,barbeton daisy,geranium
1577,40,11,0,barbeton daisy,colt's foot
1578,40,70,0,barbeton daisy,gazania
1579,40,100,0,barbeton daisy,trumpet creeper
1580,40,100,0,barbeton daisy,trumpet creeper
1581,40,84,0,barbeton daisy,desert-rose
1582,40,25,0,barbeton daisy,corn poppy
1583,40,25,0,barbeton daisy,corn poppy
1584,40,97,0,barbeton daisy,mexican petunia
1585,40,95,0,barbeton daisy,camellia
1586,40,45,0,barbeton daisy,wallflower
1587,40,43,0,barbeton daisy,poinsettia
1588,40,30,0,barbeton daisy,carnation
1589,40,53,0,barbeton daisy,sunflower
1590,40,11,0,barbeton daisy,colt's foot
1591,40,30,0,barbeton daisy,carnation
1592,40,43,0,barbeton daisy,poinsettia
1593,40,31,0,barbeton daisy,garden phlox
1594,40,73,0,barbeton daisy,rose
1595,40,86,0,barbeton daisy,magnolia
1596,40,25,0,barbeton daisy,corn poppy
1597,40,90,0,barbeton daisy,hippeastrum
1598,40,30,0,barbeton daisy,carnation
1599,40,11,0,barbeton daisy,colt's foot
1600,40,11,0,barbeton daisy,colt's foot
1601,40,78,0,barbeton daisy,toad lily
1602,40,95,0,barbeton daisy,camellia
1603,40,17,0,barbeton daisy,peruvian lily
1604,40,73,0,barbeton daisy,rose
1605,40,43,0,barbeton daisy,poinsettia
1606,40,95,0,barbeton daisy,camellia
1607,40,43,0,barbeton daisy,poinsettia
1608,40,73,0,barbeton daisy,rose
1609,40,98,0,barbeton daisy,bromelia
1610,40,72,0,barbeton daisy,water lily
1611,40,20,0,barbeton daisy,fire lily
1612,40,43,0,barbeton daisy,poinsettia
1613,40,57,0,barbeton daisy,geranium
1614,40,11,0,barbeton daisy,colt's foot
1615,40,27,0,barbeton daisy,stemless gentian
1616,40,57,0,barbeton daisy,geranium
1617,40,100,0,barbeton daisy,trumpet creeper
1618,41,11,0,daffodil,colt's foot
1619,41,47,0,daffodil,buttercup
1620,41,41,1,daffodil,daffodil
1621,41,11,0,daffodil,colt's foot
1622,41,47,0,daffodil,buttercup
1623,41,11,0,daffodil,colt's foot
1624,41,47,0,daffodil,buttercup
1625,41,11,0,daffodil,colt's foot
1626,41,11,0,daffodil,colt's foot
1627,41,11,0,daffodil,colt's foot
1628,41,11,0,daffodil,colt's foot
1629,41,14,0,daffodil,yellow iris
1630,41,47,0,daffodil,buttercup
1631,41,47,0,daffodil,buttercup
1632,41,41,1,daffodil,daffodil
1633,41,47,0,daffodil,buttercup
1634,41,11,0,daffodil,colt's foot
1635,41,46,0,daffodil,marigold
1636,41,47,0,daffodil,buttercup
1637,41,11,0,daffodil,colt's foot
1638,41,46,0,daffodil,marigold
1639,41,11,0,daffodil,colt's foot
1640,41,47,0,daffodil,buttercup
1641,41,11,0,daffodil,colt's foot
1642,41,46,0,daffodil,marigold
1643,41,41,1,daffodil,daffodil
1644,41,11,0,daffodil,colt's foot
1645,41,11,0,daffodil,colt's foot
1646,41,46,0,daffodil,marigold
1647,41,46,0,daffodil,marigold
1648,41,47,0,daffodil,buttercup
1649,41,7,0,daffodil,bird of paradise
1650,41,15,0,daffodil,globe-flower
1651,41,46,0,daffodil,marigold
1652,41,11,0,daffodil,colt's foot
1653,41,46,0,daffodil,marigold
1654,41,11,0,daffodil,colt's foot
1655,41,47,0,daffodil,buttercup
1656,41,41,1,daffodil,daffodil
1657,42,13,0,sword lily,spear thistle
1658,42,78,0,sword lily,toad lily
1659,42,89,0,sword lily,canna lily
1660,42,91,0,sword lily,bee balm
1661,42,99,0,sword lily,blanket flower
1662,42,35,0,sword lily,ruby-lipped cattleya
1663,42,17,0,sword lily,peruvian lily
1664,42,43,0,sword lily,poinsettia
1665,42,59,0,sword lily,pink-yellow dahlia?
1666,42,94,0,sword lily,bougainvillea
1667,42,1,0,sword lily,hard-leaved pocket orchid
1668,42,70,0,sword lily,gazania
1669,42,68,0,sword lily,windflower
1670,42,46,0,sword lily,marigold
1671,42,101,0,sword lily,blackberry lily
1672,42,42,1,sword lily,sword lily
1673,42,17,0,sword lily,peruvian lily
1674,42,73,0,sword lily,rose
1675,42,11,0,sword lily,colt's foot
1676,42,86,0,sword lily,magnolia
1677,42,93,0,sword lily,foxglove
1678,42,6,0,sword lily,moon orchid
1679,42,84,0,sword lily,desert-rose
1680,42,80,0,sword lily,frangipani
1681,42,87,0,sword lily,cyclamen
1682,42,24,0,sword lily,grape hyacinth
1683,42,34,0,sword lily,alpine sea holly
1684,42,7,0,sword lily,bird of paradise
1685,42,25,0,sword lily,corn poppy
1686,42,90,0,sword lily,hippeastrum
1687,42,11,0,sword lily,colt's foot
1688,42,42,1,sword lily,sword lily
1689,42,80,0,sword lily,frangipani
1690,42,75,0,sword lily,morning glory
1691,42,84,0,sword lily,desert-rose
1692,42,11,0,sword lily,colt's foot
1693,42,73,0,sword lily,rose
1694,42,84,0,sword lily,desert-rose
1695,42,22,0,sword lily,fritillary
1696,42,84,0,sword lily,desert-rose
1697,42,90,0,sword lily,hippeastrum
1698,42,80,0,sword lily,frangipani
1699,42,59,0,sword lily,pink-yellow dahlia?
1700,42,17,0,sword lily,peruvian lily
1701,42,45,0,sword lily,wallflower
1702,42,46,0,sword lily,marigold
1703,42,25,0,sword lily,corn poppy
1704,42,25,0,sword lily,corn poppy
1705,42,80,0,sword lily,frangipani
1706,42,23,0,sword lily,red ginger
1707,42,34,0,sword lily,alpine sea holly
1708,42,90,0,sword lily,hippeastrum
1709,42,43,0,sword lily,poinsettia
1710,42,92,0,sword lily,ball moss
1711,42,58,0,sword lily,orange dahlia
1712,42,35,0,sword lily,ruby-lipped cattleya
1713,42,73,0,sword lily,rose
1714,42,87,0,sword lily,cyclamen
1715,42,42,1,sword lily,sword lily
1716,42,52,0,sword lily,primula
1717,42,25,0,sword lily,corn poppy
1718,42,8,0,sword lily,monkshood
1719,42,90,0,sword lily,hippeastrum
1720,42,90,0,sword lily,hippeastrum
1721,42,61,0,sword lily,japanese anemone
1722,42,80,0,sword lily,frangipani
1723,42,45,0,sword lily,wallflower
1724,42,42,1,sword lily,sword lily
1725,42,96,0,sword lily,mallow
1726,42,73,0,sword lily,rose
1727,42,42,1,sword lily,sword lily
1728,42,7,0,sword lily,bird of paradise
1729,42,90,0,sword lily,hippeastrum
1730,42,43,0,sword lily,poinsettia
1731,42,7,0,sword lily,bird of paradise
1732,42,84,0,sword lily,desert-rose
1733,42,95,0,sword lily,camellia
1734,42,42,1,sword lily,sword lily
1735,42,25,0,sword lily,corn poppy
1736,42,25,0,sword lily,corn poppy
1737,42,6,0,sword lily,moon orchid
1738,42,11,0,sword lily,colt's foot
1739,42,23,0,sword lily,red ginger
1740,42,96,0,sword lily,mallow
1741,42,82,0,sword lily,hibiscus
1742,42,89,0,sword lily,canna lily
1743,42,85,0,sword lily,tree mallow
1744,42,35,0,sword lily,ruby-lipped cattleya
1745,42,59,0,sword lily,pink-yellow dahlia?
1746,42,96,0,sword lily,mallow
1747,42,46,0,sword lily,marigold
1748,42,43,0,sword lily,poinsettia
1749,42,20,0,sword lily,fire lily
1750,42,36,0,sword lily,cape flower
1751,42,52,0,sword lily,primula
1752,42,51,0,sword lily,wild pansy
1753,42,90,0,sword lily,hippeastrum
1754,42,94,0,sword lily,bougainvillea
1755,42,90,0,sword lily,hippeastrum
1756,42,90,0,sword lily,hippeastrum
1757,42,95,0,sword lily,camellia
1758,42,46,0,sword lily,marigold
1759,42,42,1,sword lily,sword lily
1760,42,45,0,sword lily,wallflower
1761,42,25,0,sword lily,corn poppy
1762,42,46,0,sword lily,marigold
1763,42,100,0,sword lily,trumpet creeper
1764,42,31,0,sword lily,garden phlox
1765,42,43,0,sword lily,poinsettia
1766,42,11,0,sword lily,colt's foot
1767,43,25,0,poinsettia,corn poppy
1768,43,43,1,poinsettia,poinsettia
1769,43,87,0,poinsettia,cyclamen
1770,43,23,0,poinsettia,red ginger
1771,43,17,0,poinsettia,peruvian lily
1772,43,73,0,poinsettia,rose
1773,43,43,1,poinsettia,poinsettia
1774,43,86,0,poinsettia,magnolia
1775,43,90,0,poinsettia,hippeastrum
1776,43,43,1,poinsettia,poinsettia
1777,43,17,0,poinsettia,peruvian lily
1778,43,100,0,poinsettia,trumpet creeper
1779,43,25,0,poinsettia,corn poppy
1780,43,57,0,poinsettia,geranium
1781,43,84,0,poinsettia,desert-rose
1782,43,17,0,poinsettia,peruvian lily
1783,43,73,0,poinsettia,rose
1784,43,43,1,poinsettia,poinsettia
1785,43,57,0,poinsettia,geranium
1786,43,76,0,poinsettia,passion flower
1787,43,42,0,poinsettia,sword lily
1788,43,43,1,poinsettia,poinsettia
1789,43,73,0,poinsettia,rose
1790,43,25,0,poinsettia,corn poppy
1791,43,73,0,poinsettia,rose
1792,43,76,0,poinsettia,passion flower
1793,43,57,0,poinsettia,geranium
1794,43,98,0,poinsettia,bromelia
1795,43,29,0,poinsettia,sweet william
1796,43,43,1,poinsettia,poinsettia
1797,43,25,0,poinsettia,corn poppy
1798,43,43,1,poinsettia,poinsettia
1799,43,37,0,poinsettia,great masterwort
1800,43,43,1,poinsettia,poinsettia
1801,43,43,1,poinsettia,poinsettia
1802,43,78,0,poinsettia,toad lily
1803,43,86,0,poinsettia,magnolia
1804,43,25,0,poinsettia,corn poppy
1805,43,43,1,poinsettia,poinsettia
1806,43,43,1,poinsettia,poinsettia
1807,43,43,1,poinsettia,poinsettia
1808,43,73,0,poinsettia,rose
1809,43,90,0,poinsettia,hippeastrum
1810,43,90,0,poinsettia,hippeastrum
1811,43,59,0,poinsettia,pink-yellow dahlia?
1812,43,17,0,poinsettia,peruvian lily
1813,43,90,0,poinsettia,hippeastrum
1814,43,98,0,poinsettia,bromelia
1815,43,25,0,poinsettia,corn poppy
1816,43,43,1,poinsettia,poinsettia
1817,43,73,0,poinsettia,rose
1818,43,57,0,poinsettia,geranium
1819,43,17,0,poinsettia,peruvian lily
1820,43,11,0,poinsettia,colt's foot
1821,43,25,0,poinsettia,corn poppy
1822,43,82,0,poinsettia,hibiscus
1823,43,43,1,poinsettia,poinsettia
1824,43,86,0,poinsettia,magnolia
1825,43,43,1,poinsettia,poinsettia
1826,43,25,0,poinsettia,corn poppy
1827,43,43,1,poinsettia,poinsettia
1828,43,36,0,poinsettia,cape flower
1829,43,43,1,poinsettia,poinsettia
1830,43,30,0,poinsettia,carnation
1831,43,25,0,poinsettia,corn poppy
1832,43,84,0,poinsettia,desert-rose
1833,43,73,0,poinsettia,rose
1834,43,43,1,poinsettia,poinsettia
1835,43,43,1,poinsettia,poinsettia
1836,43,57,0,poinsettia,geranium
1837,43,84,0,poinsettia,desert-rose
1838,43,73,0,poinsettia,rose
1839,43,57,0,poinsettia,geranium
1840,44,8,0,bolero deep blue,monkshood
1841,44,54,0,bolero deep blue,pelargonium
1842,44,67,0,bolero deep blue,bearded iris
1843,44,8,0,bolero deep blue,monkshood
1844,44,33,0,bolero deep blue,mexican aster
1845,44,75,0,bolero deep blue,morning glory
1846,44,8,0,bolero deep blue,monkshood
1847,44,18,0,bolero deep blue,balloon flower
1848,44,34,0,bolero deep blue,alpine sea holly
1849,44,18,0,bolero deep blue,balloon flower
1850,44,27,0,bolero deep blue,stemless gentian
1851,44,18,0,bolero deep blue,balloon flower
1852,44,51,0,bolero deep blue,wild pansy
1853,44,51,0,bolero deep blue,wild pansy
1854,44,52,0,bolero deep blue,primula
1855,44,36,0,bolero deep blue,cape flower
1856,44,37,0,bolero deep blue,great masterwort
1857,44,93,0,bolero deep blue,foxglove
1858,44,17,0,bolero deep blue,peruvian lily
1859,44,51,0,bolero deep blue,wild pansy
1860,45,53,0,wallflower,sunflower
1861,45,46,0,wallflower,marigold
1862,45,47,0,wallflower,buttercup
1863,45,11,0,wallflower,colt's foot
1864,45,46,0,wallflower,marigold
1865,45,11,0,wallflower,colt's foot
1866,45,47,0,wallflower,buttercup
1867,45,7,0,wallflower,bird of paradise
1868,45,70,0,wallflower,gazania
1869,45,46,0,wallflower,marigold
1870,45,45,1,wallflower,wallflower
1871,45,59,0,wallflower,pink-yellow dahlia?
1872,45,46,0,wallflower,marigold
1873,45,64,0,wallflower,californian poppy
1874,45,46,0,wallflower,marigold
1875,45,64,0,wallflower,californian poppy
1876,45,46,0,wallflower,marigold
1877,45,45,1,wallflower,wallflower
1878,45,45,1,wallflower,wallflower
1879,45,46,0,wallflower,marigold
1880,45,46,0,wallflower,marigold
1881,45,11,0,wallflower,colt's foot
1882,45,46,0,wallflower,marigold
1883,45,11,0,wallflower,colt's foot
1884,45,11,0,wallflower,colt's foot
1885,45,57,0,wallflower,geranium
1886,45,46,0,wallflower,marigold
1887,45,46,0,wallflower,marigold
1888,45,30,0,wallflower,carnation
1889,45,45,1,wallflower,wallflower
1890,45,70,0,wallflower,gazania
1891,45,46,0,wallflower,marigold
1892,45,70,0,wallflower,gazania
1893,45,46,0,wallflower,marigold
1894,45,46,0,wallflower,marigold
1895,45,45,1,wallflower,wallflower
1896,45,45,1,wallflower,wallflower
1897,45,46,0,wallflower,marigold
1898,45,46,0,wallflower,marigold
1899,45,11,0,wallflower,colt's foot
1900,45,46,0,wallflower,marigold
1901,45,57,0,wallflower,geranium
1902,45,46,0,wallflower,marigold
1903,45,45,1,wallflower,wallflower
1904,45,46,0,wallflower,marigold
1905,45,46,0,wallflower,marigold
1906,45,45,1,wallflower,wallflower
1907,45,46,0,wallflower,marigold
1908,45,46,0,wallflower,marigold
1909,45,53,0,wallflower,sunflower
1910,45,45,1,wallflower,wallflower
1911,45,46,0,wallflower,marigold
1912,45,57,0,wallflower,geranium
1913,45,46,0,wallflower,marigold
1914,45,46,0,wallflower,marigold
1915,45,45,1,wallflower,wallflower
1916,45,70,0,wallflower,gazania
1917,45,64,0,wallflower,californian poppy
1918,45,46,0,wallflower,marigold
1919,45,70,0,wallflower,gazania
1920,45,25,0,wallflower,corn poppy
1921,45,57,0,wallflower,geranium
1922,45,45,1,wallflower,wallflower
1923,45,45,1,wallflower,wallflower
1924,45,57,0,wallflower,geranium
1925,45,25,0,wallflower,corn poppy
1926,45,70,0,wallflower,gazania
1927,45,46,0,wallflower,marigold
1928,45,46,0,wallflower,marigold
1929,45,45,1,wallflower,wallflower
1930,45,46,0,wallflower,marigold
1931,45,46,0,wallflower,marigold
1932,45,70,0,wallflower,gazania
1933,45,46,0,wallflower,marigold
1934,45,46,0,wallflower,marigold
1935,45,64,0,wallflower,californian poppy
1936,45,46,0,wallflower,marigold
1937,45,25,0,wallflower,corn poppy
1938,45,25,0,wallflower,corn poppy
1939,45,46,0,wallflower,marigold
1940,45,46,0,wallflower,marigold
1941,45,23,0,wallflower,red ginger
1942,45,25,0,wallflower,corn poppy
1943,45,57,0,wallflower,geranium
1944,45,45,1,wallflower,wallflower
1945,45,70,0,wallflower,gazania
1946,45,45,1,wallflower,wallflower
1947,45,45,1,wallflower,wallflower
1948,45,70,0,wallflower,gazania
1949,45,25,0,wallflower,corn poppy
1950,45,45,1,wallflower,wallflower
1951,45,46,0,wallflower,marigold
1952,45,64,0,wallflower,californian poppy
1953,45,11,0,wallflower,colt's foot
1954,45,46,0,wallflower,marigold
1955,45,59,0,wallflower,pink-yellow dahlia?
1956,45,46,0,wallflower,marigold
1957,45,46,0,wallflower,marigold
1958,45,57,0,wallflower,geranium
1959,45,57,0,wallflower,geranium
1960,45,46,0,wallflower,marigold
1961,45,70,0,wallflower,gazania
1962,45,46,0,wallflower,marigold
1963,45,46,0,wallflower,marigold
1964,45,46,0,wallflower,marigold
1965,45,25,0,wallflower,corn poppy
1966,45,46,0,wallflower,marigold
1967,45,99,0,wallflower,blanket flower
1968,45,70,0,wallflower,gazania
1969,45,11,0,wallflower,colt's foot
1970,45,46,0,wallflower,marigold
1971,45,53,0,wallflower,sunflower
1972,45,45,1,wallflower,wallflower
1973,45,45,1,wallflower,wallflower
1974,45,99,0,wallflower,blanket flower
1975,45,11,0,wallflower,colt's foot
1976,45,45,1,wallflower,wallflower
1977,45,46,0,wallflower,marigold
1978,45,46,0,wallflower,marigold
1979,45,46,0,wallflower,marigold
1980,45,45,1,wallflower,wallflower
1981,45,46,0,wallflower,marigold
1982,45,46,0,wallflower,marigold
1983,45,46,0,wallflower,marigold
1984,45,53,0,wallflower,sunflower
1985,45,46,0,wallflower,marigold
1986,45,70,0,wallflower,gazania
1987,45,46,0,wallflower,marigold
1988,45,46,0,wallflower,marigold
1989,45,70,0,wallflower,gazania
1990,45,46,0,wallflower,marigold
1991,45,59,0,wallflower,pink-yellow dahlia?
1992,45,7,0,wallflower,bird of paradise
1993,45,46,0,wallflower,marigold
1994,45,46,0,wallflower,marigold
1995,45,64,0,wallflower,californian poppy
1996,45,11,0,wallflower,colt's foot
1997,45,70,0,wallflower,gazania
1998,45,7,0,wallflower,bird of paradise
1999,45,70,0,wallflower,gazania
2000,45,25,0,wallflower,corn poppy
2001,45,57,0,wallflower,geranium
2002,45,46,0,wallflower,marigold
2003,45,46,0,wallflower,marigold
2004,45,53,0,wallflower,sunflower
2005,45,47,0,wallflower,buttercup
2006,45,46,0,wallflower,marigold
2007,45,45,1,wallflower,wallflower
2008,45,7,0,wallflower,bird of paradise
2009,45,11,0,wallflower,colt's foot
2010,45,46,0,wallflower,marigold
2011,45,46,0,wallflower,marigold
2012,45,11,0,wallflower,colt's foot
2013,45,64,0,wallflower,californian poppy
2014,45,57,0,wallflower,geranium
2015,45,25,0,wallflower,corn poppy
2016,45,46,0,wallflower,marigold
2017,45,70,0,wallflower,gazania
2018,45,45,1,wallflower,wallflower
2019,45,45,1,wallflower,wallflower
2020,45,58,0,wallflower,orange dahlia
2021,45,45,1,wallflower,wallflower
2022,45,11,0,wallflower,colt's foot
2023,45,11,0,wallflower,colt's foot
2024,45,58,0,wallflower,orange dahlia
2025,45,46,0,wallflower,marigold
2026,45,46,0,wallflower,marigold
2027,45,11,0,wallflower,colt's foot
2028,45,46,0,wallflower,marigold
2029,45,64,0,wallflower,californian poppy
2030,45,46,0,wallflower,marigold
2031,45,46,0,wallflower,marigold
2032,45,45,1,wallflower,wallflower
2033,45,46,0,wallflower,marigold
2034,45,14,0,wallflower,yellow iris
2035,45,20,0,wallflower,fire lily
2036,46,11,0,marigold,colt's foot
2037,46,46,1,marigold,marigold
2038,46,70,0,marigold,gazania
2039,46,46,1,marigold,marigold
2040,46,46,1,marigold,marigold
2041,46,11,0,marigold,colt's foot
2042,46,11,0,marigold,colt's foot
2043,46,11,0,marigold,colt's foot
2044,46,46,1,marigold,marigold
2045,46,11,0,marigold,colt's foot
2046,46,11,0,marigold,colt's foot
2047,46,46,1,marigold,marigold
2048,46,46,1,marigold,marigold
2049,46,47,0,marigold,buttercup
2050,46,11,0,marigold,colt's foot
2051,46,47,0,marigold,buttercup
2052,46,46,1,marigold,marigold
2053,46,11,0,marigold,colt's foot
2054,46,46,1,marigold,marigold
2055,46,11,0,marigold,colt's foot
2056,46,11,0,marigold,colt's foot
2057,46,11,0,marigold,colt's foot
2058,46,47,0,marigold,buttercup
2059,46,47,0,marigold,buttercup
2060,46,11,0,marigold,colt's foot
2061,46,46,1,marigold,marigold
2062,46,47,0,marigold,buttercup
2063,46,46,1,marigold,marigold
2064,46,11,0,marigold,colt's foot
2065,46,47,0,marigold,buttercup
2066,46,47,0,marigold,buttercup
2067,46,47,0,marigold,buttercup
2068,46,14,0,marigold,yellow iris
2069,46,47,0,marigold,buttercup
2070,46,11,0,marigold,colt's foot
2071,46,46,1,marigold,marigold
2072,46,11,0,marigold,colt's foot
2073,46,46,1,marigold,marigold
2074,46,53,0,marigold,sunflower
2075,46,11,0,marigold,colt's foot
2076,46,11,0,marigold,colt's foot
2077,46,11,0,marigold,colt's foot
2078,46,11,0,marigold,colt's foot
2079,46,47,0,marigold,buttercup
2080,46,11,0,marigold,colt's foot
2081,46,47,0,marigold,buttercup
2082,46,11,0,marigold,colt's foot
2083,47,49,0,buttercup,common dandelion
2084,47,47,1,buttercup,buttercup
2085,47,47,1,buttercup,buttercup
2086,47,64,0,buttercup,californian poppy
2087,47,47,1,buttercup,buttercup
2088,47,11,0,buttercup,colt's foot
2089,47,64,0,buttercup,californian poppy
2090,47,46,0,buttercup,marigold
2091,47,47,1,buttercup,buttercup
2092,47,47,1,buttercup,buttercup
2093,47,47,1,buttercup,buttercup
2094,47,11,0,buttercup,colt's foot
2095,47,11,0,buttercup,colt's foot
2096,47,11,0,buttercup,colt's foot
2097,47,49,0,buttercup,common dandelion
2098,47,11,0,buttercup,colt's foot
2099,47,11,0,buttercup,colt's foot
2100,47,11,0,buttercup,colt's foot
2101,47,11,0,buttercup,colt's foot
2102,47,47,1,buttercup,buttercup
2103,47,11,0,buttercup,colt's foot
2104,47,47,1,buttercup,buttercup
2105,47,11,0,buttercup,colt's foot
2106,47,47,1,buttercup,buttercup
2107,47,11,0,buttercup,colt's foot
2108,47,11,0,buttercup,colt's foot
2109,47,11,0,buttercup,colt's foot
2110,47,11,0,buttercup,colt's foot
2111,47,11,0,buttercup,colt's foot
2112,47,47,1,buttercup,buttercup
2113,47,11,0,buttercup,colt's foot
2114,47,11,0,buttercup,colt's foot
2115,47,11,0,buttercup,colt's foot
2116,47,47,1,buttercup,buttercup
2117,47,11,0,buttercup,colt's foot
2118,47,11,0,buttercup,colt's foot
2119,47,11,0,buttercup,colt's foot
2120,47,11,0,buttercup,colt's foot
2121,47,11,0,buttercup,colt's foot
2122,47,11,0,buttercup,colt's foot
2123,47,11,0,buttercup,colt's foot
2124,47,11,0,buttercup,colt's foot
2125,47,11,0,buttercup,colt's foot
2126,47,47,1,buttercup,buttercup
2127,47,47,1,buttercup,buttercup
2128,47,47,1,buttercup,buttercup
2129,47,46,0,buttercup,marigold
2130,47,64,0,buttercup,californian poppy
2131,47,46,0,buttercup,marigold
2132,47,47,1,buttercup,buttercup
2133,47,47,1,buttercup,buttercup
2134,48,72,0,oxeye daisy,water lily
2135,48,72,0,oxeye daisy,water lily
2136,48,72,0,oxeye daisy,water lily
2137,48,48,1,oxeye daisy,oxeye daisy
2138,48,48,1,oxeye daisy,oxeye daisy
2139,48,72,0,oxeye daisy,water lily
2140,48,48,1,oxeye daisy,oxeye daisy
2141,48,52,0,oxeye daisy,primula
2142,48,48,1,oxeye daisy,oxeye daisy
2143,48,48,1,oxeye daisy,oxeye daisy
2144,48,48,1,oxeye daisy,oxeye daisy
2145,48,48,1,oxeye daisy,oxeye daisy
2146,48,48,1,oxeye daisy,oxeye daisy
2147,48,48,1,oxeye daisy,oxeye daisy
2148,48,78,0,oxeye daisy,toad lily
2149,48,48,1,oxeye daisy,oxeye daisy
2150,48,48,1,oxeye daisy,oxeye daisy
2151,48,48,1,oxeye daisy,oxeye daisy
2152,48,72,0,oxeye daisy,water lily
2153,48,48,1,oxeye daisy,oxeye daisy
2154,48,48,1,oxeye daisy,oxeye daisy
2155,48,48,1,oxeye daisy,oxeye daisy
2156,48,48,1,oxeye daisy,oxeye daisy
2157,48,72,0,oxeye daisy,water lily
2158,48,48,1,oxeye daisy,oxeye daisy
2159,48,48,1,oxeye daisy,oxeye daisy
2160,48,80,0,oxeye daisy,frangipani
2161,48,48,1,oxeye daisy,oxeye daisy
2162,48,52,0,oxeye daisy,primula
2163,49,11,0,common dandelion,colt's foot
2164,49,47,0,common dandelion,buttercup
2165,49,11,0,common dandelion,colt's foot
2166,49,64,0,common dandelion,californian poppy
2167,49,11,0,common dandelion,colt's foot
2168,49,11,0,common dandelion,colt's foot
2169,49,11,0,common dandelion,colt's foot
2170,49,11,0,common dandelion,colt's foot
2171,49,47,0,common dandelion,buttercup
2172,49,11,0,common dandelion,colt's foot
2173,49,47,0,common dandelion,buttercup
2174,49,46,0,common dandelion,marigold
2175,49,11,0,common dandelion,colt's foot
2176,49,47,0,common dandelion,buttercup
2177,49,11,0,common dandelion,colt's foot
2178,49,11,0,common dandelion,colt's foot
2179,49,11,0,common dandelion,colt's foot
2180,49,11,0,common dandelion,colt's foot
2181,49,11,0,common dandelion,colt's foot
2182,49,11,0,common dandelion,colt's foot
2183,49,11,0,common dandelion,colt's foot
2184,49,47,0,common dandelion,buttercup
2185,49,11,0,common dandelion,colt's foot
2186,49,11,0,common dandelion,colt's foot
2187,49,11,0,common dandelion,colt's foot
2188,49,11,0,common dandelion,colt's foot
2189,49,11,0,common dandelion,colt's foot
2190,49,11,0,common dandelion,colt's foot
2191,49,11,0,common dandelion,colt's foot
2192,49,11,0,common dandelion,colt's foot
2193,49,11,0,common dandelion,colt's foot
2194,49,11,0,common dandelion,colt's foot
2195,49,47,0,common dandelion,buttercup
2196,49,11,0,common dandelion,colt's foot
2197,49,47,0,common dandelion,buttercup
2198,49,47,0,common dandelion,buttercup
2199,49,46,0,common dandelion,marigold
2200,49,11,0,common dandelion,colt's foot
2201,49,47,0,common dandelion,buttercup
2202,49,47,0,common dandelion,buttercup
2203,49,47,0,common dandelion,buttercup
2204,49,47,0,common dandelion,buttercup
2205,49,64,0,common dandelion,californian poppy
2206,49,14,0,common dandelion,yellow iris
2207,49,11,0,common dandelion,colt's foot
2208,49,47,0,common dandelion,buttercup
2209,49,47,0,common dandelion,buttercup
2210,49,47,0,common dandelion,buttercup
2211,49,46,0,common dandelion,marigold
2212,49,47,0,common dandelion,buttercup
2213,49,47,0,common dandelion,buttercup
2214,49,47,0,common dandelion,buttercup
2215,49,47,0,common dandelion,buttercup
2216,49,47,0,common dandelion,buttercup
2217,49,47,0,common dandelion,buttercup
2218,49,47,0,common dandelion,buttercup
2219,49,49,1,common dandelion,common dandelion
2220,49,47,0,common dandelion,buttercup
2221,49,47,0,common dandelion,buttercup
2222,49,47,0,common dandelion,buttercup
2223,49,47,0,common dandelion,buttercup
2224,49,47,0,common dandelion,buttercup
2225,49,47,0,common dandelion,buttercup
2226,49,46,0,common dandelion,marigold
2227,49,47,0,common dandelion,buttercup
2228,49,11,0,common dandelion,colt's foot
2229,49,11,0,common dandelion,colt's foot
2230,49,47,0,common dandelion,buttercup
2231,49,47,0,common dandelion,buttercup
2232,49,11,0,common dandelion,colt's foot
2233,49,7,0,common dandelion,bird of paradise
2234,49,46,0,common dandelion,marigold
2235,50,19,0,petunia,giant white arum lily
2236,50,56,0,petunia,gaura
2237,50,34,0,petunia,alpine sea holly
2238,50,48,0,petunia,oxeye daisy
2239,50,48,0,petunia,oxeye daisy
2240,50,37,0,petunia,great masterwort
2241,50,34,0,petunia,alpine sea holly
2242,50,76,0,petunia,passion flower
2243,50,78,0,petunia,toad lily
2244,50,33,0,petunia,mexican aster
2245,50,14,0,petunia,yellow iris
2246,50,73,0,petunia,rose
2247,50,78,0,petunia,toad lily
2248,50,84,0,petunia,desert-rose
2249,50,31,0,petunia,garden phlox
2250,50,75,0,petunia,morning glory
2251,50,87,0,petunia,cyclamen
2252,50,57,0,petunia,geranium
2253,50,8,0,petunia,monkshood
2254,50,57,0,petunia,geranium
2255,50,74,0,petunia,thorn apple
2256,50,80,0,petunia,frangipani
2257,50,87,0,petunia,cyclamen
2258,50,57,0,petunia,geranium
2259,50,84,0,petunia,desert-rose
2260,50,6,0,petunia,moon orchid
2261,50,97,0,petunia,mexican petunia
2262,50,76,0,petunia,passion flower
2263,50,19,0,petunia,giant white arum lily
2264,50,57,0,petunia,geranium
2265,50,80,0,petunia,frangipani
2266,50,48,0,petunia,oxeye daisy
2267,50,78,0,petunia,toad lily
2268,50,74,0,petunia,thorn apple
2269,50,61,0,petunia,japanese anemone
2270,50,34,0,petunia,alpine sea holly
2271,50,34,0,petunia,alpine sea holly
2272,50,34,0,petunia,alpine sea holly
2273,50,43,0,petunia,poinsettia
2274,50,93,0,petunia,foxglove
2275,50,48,0,petunia,oxeye daisy
2276,50,78,0,petunia,toad lily
2277,50,56,0,petunia,gaura
2278,50,61,0,petunia,japanese anemone
2279,50,78,0,petunia,toad lily
2280,50,56,0,petunia,gaura
2281,50,61,0,petunia,japanese anemone
2282,50,76,0,petunia,passion flower
2283,50,78,0,petunia,toad lily
2284,50,73,0,petunia,rose
2285,50,93,0,petunia,foxglove
2286,50,86,0,petunia,magnolia
2287,50,25,0,petunia,corn poppy
2288,50,25,0,petunia,corn poppy
2289,50,56,0,petunia,gaura
2290,50,57,0,petunia,geranium
2291,50,72,0,petunia,water lily
2292,50,22,0,petunia,fritillary
2293,50,80,0,petunia,frangipani
2294,50,76,0,petunia,passion flower
2295,50,87,0,petunia,cyclamen
2296,50,36,0,petunia,cape flower
2297,50,25,0,petunia,corn poppy
2298,50,75,0,petunia,morning glory
2299,50,93,0,petunia,foxglove
2300,50,74,0,petunia,thorn apple
2301,50,78,0,petunia,toad lily
2302,50,43,0,petunia,poinsettia
2303,50,37,0,petunia,great masterwort
2304,50,93,0,petunia,foxglove
2305,50,86,0,petunia,magnolia
2306,50,74,0,petunia,thorn apple
2307,50,31,0,petunia,garden phlox
2308,50,31,0,petunia,garden phlox
2309,50,97,0,petunia,mexican petunia
2310,50,57,0,petunia,geranium
2311,50,50,1,petunia,petunia
2312,50,80,0,petunia,frangipani
2313,50,17,0,petunia,peruvian lily
2314,50,30,0,petunia,carnation
2315,50,76,0,petunia,passion flower
2316,50,87,0,petunia,cyclamen
2317,50,74,0,petunia,thorn apple
2318,50,34,0,petunia,alpine sea holly
2319,50,34,0,petunia,alpine sea holly
2320,50,56,0,petunia,gaura
2321,50,73,0,petunia,rose
2322,50,52,0,petunia,primula
2323,50,27,0,petunia,stemless gentian
2324,50,80,0,petunia,frangipani
2325,50,18,0,petunia,balloon flower
2326,50,57,0,petunia,geranium
2327,50,90,0,petunia,hippeastrum
2328,50,7,0,petunia,bird of paradise
2329,50,56,0,petunia,gaura
2330,50,78,0,petunia,toad lily
2331,50,83,0,petunia,columbine
2332,50,48,0,petunia,oxeye daisy
2333,50,19,0,petunia,giant white arum lily
2334,50,74,0,petunia,thorn apple
2335,50,75,0,petunia,morning glory
2336,50,48,0,petunia,oxeye daisy
2337,50,86,0,petunia,magnolia
2338,50,56,0,petunia,gaura
2339,50,91,0,petunia,bee balm
2340,50,84,0,petunia,desert-rose
2341,50,92,0,petunia,ball moss
2342,50,19,0,petunia,giant white arum lily
2343,50,73,0,petunia,rose
2344,50,50,1,petunia,petunia
2345,50,76,0,petunia,passion flower
2346,50,84,0,petunia,desert-rose
2347,50,13,0,petunia,spear thistle
2348,50,37,0,petunia,great masterwort
2349,50,57,0,petunia,geranium
2350,50,19,0,petunia,giant white arum lily
2351,50,8,0,petunia,monkshood
2352,50,57,0,petunia,geranium
2353,50,78,0,petunia,toad lily
2354,50,25,0,petunia,corn poppy
2355,50,30,0,petunia,carnation
2356,50,25,0,petunia,corn poppy
2357,50,43,0,petunia,poinsettia
2358,50,30,0,petunia,carnation
2359,50,56,0,petunia,gaura
2360,50,78,0,petunia,toad lily
2361,50,20,0,petunia,fire lily
2362,50,93,0,petunia,foxglove
2363,50,69,0,petunia,tree poppy
2364,50,78,0,petunia,toad lily
2365,50,72,0,petunia,water lily
2366,50,78,0,petunia,toad lily
2367,50,85,0,petunia,tree mallow
2368,50,93,0,petunia,foxglove
2369,50,48,0,petunia,oxeye daisy
2370,50,37,0,petunia,great masterwort
2371,50,19,0,petunia,giant white arum lily
2372,50,78,0,petunia,toad lily
2373,50,19,0,petunia,giant white arum lily
2374,50,71,0,petunia,azalea
2375,50,25,0,petunia,corn poppy
2376,50,93,0,petunia,foxglove
2377,50,95,0,petunia,camellia
2378,50,78,0,petunia,toad lily
2379,50,86,0,petunia,magnolia
2380,50,19,0,petunia,giant white arum lily
2381,50,39,0,petunia,lenten rose
2382,50,86,0,petunia,magnolia
2383,50,78,0,petunia,toad lily
2384,50,78,0,petunia,toad lily
2385,50,8,0,petunia,monkshood
2386,50,34,0,petunia,alpine sea holly
2387,50,86,0,petunia,magnolia
2388,50,13,0,petunia,spear thistle
2389,50,17,0,petunia,peruvian lily
2390,50,31,0,petunia,garden phlox
2391,50,96,0,petunia,mallow
2392,50,8,0,petunia,monkshood
2393,50,57,0,petunia,geranium
2394,50,78,0,petunia,toad lily
2395,50,56,0,petunia,gaura
2396,50,93,0,petunia,foxglove
2397,50,57,0,petunia,geranium
2398,50,50,1,petunia,petunia
2399,50,56,0,petunia,gaura
2400,50,24,0,petunia,grape hyacinth
2401,50,19,0,petunia,giant white arum lily
2402,50,13,0,petunia,spear thistle
2403,50,57,0,petunia,geranium
2404,50,57,0,petunia,geranium
2405,50,34,0,petunia,alpine sea holly
2406,50,52,0,petunia,primula
2407,50,57,0,petunia,geranium
2408,50,57,0,petunia,geranium
2409,50,7,0,petunia,bird of paradise
2410,50,27,0,petunia,stemless gentian
2411,50,19,0,petunia,giant white arum lily
2412,50,57,0,petunia,geranium
2413,50,61,0,petunia,japanese anemone
2414,50,61,0,petunia,japanese anemone
2415,50,95,0,petunia,camellia
2416,50,97,0,petunia,mexican petunia
2417,50,34,0,petunia,alpine sea holly
2418,50,74,0,petunia,thorn apple
2419,50,52,0,petunia,primula
2420,50,43,0,petunia,poinsettia
2421,50,34,0,petunia,alpine sea holly
2422,50,74,0,petunia,thorn apple
2423,50,56,0,petunia,gaura
2424,50,56,0,petunia,gaura
2425,50,36,0,petunia,cape flower
2426,50,78,0,petunia,toad lily
2427,50,36,0,petunia,cape flower
2428,50,43,0,petunia,poinsettia
2429,50,74,0,petunia,thorn apple
2430,50,84,0,petunia,desert-rose
2431,50,35,0,petunia,ruby-lipped cattleya
2432,50,87,0,petunia,cyclamen
2433,50,93,0,petunia,foxglove
2434,50,57,0,petunia,geranium
2435,50,31,0,petunia,garden phlox
2436,50,57,0,petunia,geranium
2437,50,25,0,petunia,corn poppy
2438,50,76,0,petunia,passion flower
2439,50,48,0,petunia,oxeye daisy
2440,50,76,0,petunia,passion flower
2441,50,57,0,petunia,geranium
2442,50,83,0,petunia,columbine
2443,50,93,0,petunia,foxglove
2444,50,93,0,petunia,foxglove
2445,50,6,0,petunia,moon orchid
2446,50,61,0,petunia,japanese anemone
2447,50,71,0,petunia,azalea
2448,50,84,0,petunia,desert-rose
2449,50,19,0,petunia,giant white arum lily
2450,50,19,0,petunia,giant white arum lily
2451,50,95,0,petunia,camellia
2452,50,5,0,petunia,tiger lily
2453,50,56,0,petunia,gaura
2454,50,56,0,petunia,gaura
2455,50,93,0,petunia,foxglove
2456,50,35,0,petunia,ruby-lipped cattleya
2457,50,94,0,petunia,bougainvillea
2458,50,73,0,petunia,rose
2459,50,94,0,petunia,bougainvillea
2460,50,93,0,petunia,foxglove
2461,50,76,0,petunia,passion flower
2462,50,19,0,petunia,giant white arum lily
2463,50,21,0,petunia,pincushion flower
2464,50,36,0,petunia,cape flower
2465,50,78,0,petunia,toad lily
2466,50,87,0,petunia,cyclamen
2467,50,56,0,petunia,gaura
2468,50,57,0,petunia,geranium
2469,50,29,0,petunia,sweet william
2470,50,80,0,petunia,frangipani
2471,50,78,0,petunia,toad lily
2472,50,97,0,petunia,mexican petunia
2473,51,34,0,wild pansy,alpine sea holly
2474,51,51,1,wild pansy,wild pansy
2475,51,51,1,wild pansy,wild pansy
2476,51,51,1,wild pansy,wild pansy
2477,51,27,0,wild pansy,stemless gentian
2478,51,51,1,wild pansy,wild pansy
2479,51,51,1,wild pansy,wild pansy
2480,51,51,1,wild pansy,wild pansy
2481,51,51,1,wild pansy,wild pansy
2482,51,51,1,wild pansy,wild pansy
2483,51,51,1,wild pansy,wild pansy
2484,51,51,1,wild pansy,wild pansy
2485,51,51,1,wild pansy,wild pansy
2486,51,51,1,wild pansy,wild pansy
2487,51,51,1,wild pansy,wild pansy
2488,51,51,1,wild pansy,wild pansy
2489,51,51,1,wild pansy,wild pansy
2490,51,51,1,wild pansy,wild pansy
2491,51,51,1,wild pansy,wild pansy
2492,51,95,0,wild pansy,camellia
2493,51,51,1,wild pansy,wild pansy
2494,51,19,0,wild pansy,giant white arum lily
2495,51,51,1,wild pansy,wild pansy
2496,51,51,1,wild pansy,wild pansy
2497,51,67,0,wild pansy,bearded iris
2498,51,51,1,wild pansy,wild pansy
2499,51,51,1,wild pansy,wild pansy
2500,51,51,1,wild pansy,wild pansy
2501,51,51,1,wild pansy,wild pansy
2502,51,51,1,wild pansy,wild pansy
2503,51,51,1,wild pansy,wild pansy
2504,51,14,0,wild pansy,yellow iris
2505,51,51,1,wild pansy,wild pansy
2506,51,51,1,wild pansy,wild pansy
2507,51,51,1,wild pansy,wild pansy
2508,51,51,1,wild pansy,wild pansy
2509,51,51,1,wild pansy,wild pansy
2510,51,51,1,wild pansy,wild pansy
2511,51,51,1,wild pansy,wild pansy
2512,51,14,0,wild pansy,yellow iris
2513,51,51,1,wild pansy,wild pansy
2514,51,51,1,wild pansy,wild pansy
2515,51,51,1,wild pansy,wild pansy
2516,51,51,1,wild pansy,wild pansy
2517,51,51,1,wild pansy,wild pansy
2518,51,51,1,wild pansy,wild pansy
2519,51,69,0,wild pansy,tree poppy
2520,51,51,1,wild pansy,wild pansy
2521,51,51,1,wild pansy,wild pansy
2522,51,51,1,wild pansy,wild pansy
2523,51,51,1,wild pansy,wild pansy
2524,51,51,1,wild pansy,wild pansy
2525,51,51,1,wild pansy,wild pansy
2526,51,51,1,wild pansy,wild pansy
2527,51,51,1,wild pansy,wild pansy
2528,51,19,0,wild pansy,giant white arum lily
2529,51,51,1,wild pansy,wild pansy
2530,51,34,0,wild pansy,alpine sea holly
2531,51,51,1,wild pansy,wild pansy
2532,51,13,0,wild pansy,spear thistle
2533,51,51,1,wild pansy,wild pansy
2534,51,9,0,wild pansy,globe thistle
2535,51,41,0,wild pansy,daffodil
2536,51,51,1,wild pansy,wild pansy
2537,51,51,1,wild pansy,wild pansy
2538,52,53,0,primula,sunflower
2539,52,46,0,primula,marigold
2540,52,46,0,primula,marigold
2541,52,45,0,primula,wallflower
2542,52,46,0,primula,marigold
2543,52,70,0,primula,gazania
2544,52,7,0,primula,bird of paradise
2545,52,46,0,primula,marigold
2546,52,46,0,primula,marigold
2547,52,58,0,primula,orange dahlia
2548,52,58,0,primula,orange dahlia
2549,52,45,0,primula,wallflower
2550,52,59,0,primula,pink-yellow dahlia?
2551,52,46,0,primula,marigold
2552,52,90,0,primula,hippeastrum
2553,52,53,0,primula,sunflower
2554,52,46,0,primula,marigold
2555,52,46,0,primula,marigold
2556,52,61,0,primula,japanese anemone
2557,52,73,0,primula,rose
2558,52,20,0,primula,fire lily
2559,52,11,0,primula,colt's foot
2560,52,7,0,primula,bird of paradise
2561,52,11,0,primula,colt's foot
2562,52,48,0,primula,oxeye daisy
2563,52,11,0,primula,colt's foot
2564,52,11,0,primula,colt's foot
2565,52,52,1,primula,primula
2566,52,11,0,primula,colt's foot
2567,52,11,0,primula,colt's foot
2568,52,101,0,primula,blackberry lily
2569,52,70,0,primula,gazania
2570,52,67,0,primula,bearded iris
2571,52,52,1,primula,primula
2572,52,52,1,primula,primula
2573,52,52,1,primula,primula
2574,52,42,0,primula,sword lily
2575,52,70,0,primula,gazania
2576,52,80,0,primula,frangipani
2577,52,43,0,primula,poinsettia
2578,52,11,0,primula,colt's foot
2579,52,11,0,primula,colt's foot
2580,52,78,0,primula,toad lily
2581,52,41,0,primula,daffodil
2582,52,25,0,primula,corn poppy
2583,52,47,0,primula,buttercup
2584,52,7,0,primula,bird of paradise
2585,52,46,0,primula,marigold
2586,52,73,0,primula,rose
2587,52,14,0,primula,yellow iris
2588,52,20,0,primula,fire lily
2589,52,88,0,primula,watercress
2590,52,70,0,primula,gazania
2591,52,14,0,primula,yellow iris
2592,52,11,0,primula,colt's foot
2593,52,7,0,primula,bird of paradise
2594,52,80,0,primula,frangipani
2595,52,11,0,primula,colt's foot
2596,52,52,1,primula,primula
2597,52,46,0,primula,marigold
2598,52,51,0,primula,wild pansy
2599,52,52,1,primula,primula
2600,52,48,0,primula,oxeye daisy
2601,52,34,0,primula,alpine sea holly
2602,52,11,0,primula,colt's foot
2603,52,76,0,primula,passion flower
2604,52,34,0,primula,alpine sea holly
2605,52,78,0,primula,toad lily
2606,52,52,1,primula,primula
2607,52,82,0,primula,hibiscus
2608,52,52,1,primula,primula
2609,52,11,0,primula,colt's foot
2610,52,34,0,primula,alpine sea holly
2611,53,53,1,sunflower,sunflower
2612,53,53,1,sunflower,sunflower
2613,53,53,1,sunflower,sunflower
2614,53,53,1,sunflower,sunflower
2615,53,14,0,sunflower,yellow iris
2616,53,53,1,sunflower,sunflower
2617,53,53,1,sunflower,sunflower
2618,53,53,1,sunflower,sunflower
2619,53,53,1,sunflower,sunflower
2620,53,53,1,sunflower,sunflower
2621,53,53,1,sunflower,sunflower
2622,53,53,1,sunflower,sunflower
2623,53,70,0,sunflower,gazania
2624,53,53,1,sunflower,sunflower
2625,53,53,1,sunflower,sunflower
2626,53,11,0,sunflower,colt's foot
2627,53,53,1,sunflower,sunflower
2628,53,53,1,sunflower,sunflower
2629,53,53,1,sunflower,sunflower
2630,53,11,0,sunflower,colt's foot
2631,53,11,0,sunflower,colt's foot
2632,53,11,0,sunflower,colt's foot
2633,53,53,1,sunflower,sunflower
2634,53,53,1,sunflower,sunflower
2635,53,70,0,sunflower,gazania
2636,53,53,1,sunflower,sunflower
2637,53,53,1,sunflower,sunflower
2638,53,14,0,sunflower,yellow iris
2639,53,53,1,sunflower,sunflower
2640,53,53,1,sunflower,sunflower
2641,53,53,1,sunflower,sunflower
2642,53,53,1,sunflower,sunflower
2643,53,47,0,sunflower,buttercup
2644,53,11,0,sunflower,colt's foot
2645,53,46,0,sunflower,marigold
2646,53,70,0,sunflower,gazania
2647,53,53,1,sunflower,sunflower
2648,53,70,0,sunflower,gazania
2649,53,46,0,sunflower,marigold
2650,53,70,0,sunflower,gazania
2651,53,46,0,sunflower,marigold
2652,54,18,0,pelargonium,balloon flower
2653,54,18,0,pelargonium,balloon flower
2654,54,54,1,pelargonium,pelargonium
2655,54,74,0,pelargonium,thorn apple
2656,54,18,0,pelargonium,balloon flower
2657,54,56,0,pelargonium,gaura
2658,54,19,0,pelargonium,giant white arum lily
2659,54,54,1,pelargonium,pelargonium
2660,54,35,0,pelargonium,ruby-lipped cattleya
2661,54,51,0,pelargonium,wild pansy
2662,54,28,0,pelargonium,artichoke
2663,54,16,0,pelargonium,purple coneflower
2664,54,18,0,pelargonium,balloon flower
2665,54,74,0,pelargonium,thorn apple
2666,54,19,0,pelargonium,giant white arum lily
2667,54,74,0,pelargonium,thorn apple
2668,54,74,0,pelargonium,thorn apple
2669,54,56,0,pelargonium,gaura
2670,54,74,0,pelargonium,thorn apple
2671,54,74,0,pelargonium,thorn apple
2672,54,74,0,pelargonium,thorn apple
2673,54,61,0,pelargonium,japanese anemone
2674,54,74,0,pelargonium,thorn apple
2675,54,74,0,pelargonium,thorn apple
2676,54,74,0,pelargonium,thorn apple
2677,54,16,0,pelargonium,purple coneflower
2678,54,61,0,pelargonium,japanese anemone
2679,54,97,0,pelargonium,mexican petunia
2680,54,51,0,pelargonium,wild pansy
2681,54,74,0,pelargonium,thorn apple
2682,54,66,0,pelargonium,spring crocus
2683,54,22,0,pelargonium,fritillary
2684,54,2,0,pelargonium,canterbury bells
2685,54,74,0,pelargonium,thorn apple
2686,54,16,0,pelargonium,purple coneflower
2687,54,74,0,pelargonium,thorn apple
2688,54,74,0,pelargonium,thorn apple
2689,54,66,0,pelargonium,spring crocus
2690,54,54,1,pelargonium,pelargonium
2691,54,9,0,pelargonium,globe thistle
2692,54,74,0,pelargonium,thorn apple
2693,54,97,0,pelargonium,mexican petunia
2694,54,1,0,pelargonium,hard-leaved pocket orchid
2695,54,97,0,pelargonium,mexican petunia
2696,54,74,0,pelargonium,thorn apple
2697,54,28,0,pelargonium,artichoke
2698,54,74,0,pelargonium,thorn apple
2699,54,35,0,pelargonium,ruby-lipped cattleya
2700,54,75,0,pelargonium,morning glory
2701,54,85,0,pelargonium,tree mallow
2702,54,66,0,pelargonium,spring crocus
2703,55,57,0,bishop of llandaff,geranium
2704,55,57,0,bishop of llandaff,geranium
2705,55,57,0,bishop of llandaff,geranium
2706,55,57,0,bishop of llandaff,geranium
2707,55,57,0,bishop of llandaff,geranium
2708,55,57,0,bishop of llandaff,geranium
2709,55,57,0,bishop of llandaff,geranium
2710,55,57,0,bishop of llandaff,geranium
2711,55,57,0,bishop of llandaff,geranium
2712,55,58,0,bishop of llandaff,orange dahlia
2713,55,57,0,bishop of llandaff,geranium
2714,55,57,0,bishop of llandaff,geranium
2715,55,57,0,bishop of llandaff,geranium
2716,55,57,0,bishop of llandaff,geranium
2717,55,57,0,bishop of llandaff,geranium
2718,55,100,0,bishop of llandaff,trumpet creeper
2719,55,57,0,bishop of llandaff,geranium
2720,55,25,0,bishop of llandaff,corn poppy
2721,55,57,0,bishop of llandaff,geranium
2722,55,57,0,bishop of llandaff,geranium
2723,55,57,0,bishop of llandaff,geranium
2724,55,57,0,bishop of llandaff,geranium
2725,55,25,0,bishop of llandaff,corn poppy
2726,55,58,0,bishop of llandaff,orange dahlia
2727,55,57,0,bishop of llandaff,geranium
2728,55,57,0,bishop of llandaff,geranium
2729,55,57,0,bishop of llandaff,geranium
2730,55,57,0,bishop of llandaff,geranium
2731,55,57,0,bishop of llandaff,geranium
2732,55,57,0,bishop of llandaff,geranium
2733,55,57,0,bishop of llandaff,geranium
2734,55,57,0,bishop of llandaff,geranium
2735,55,57,0,bishop of llandaff,geranium
2736,55,57,0,bishop of llandaff,geranium
2737,55,57,0,bishop of llandaff,geranium
2738,55,57,0,bishop of llandaff,geranium
2739,55,57,0,bishop of llandaff,geranium
2740,55,57,0,bishop of llandaff,geranium
2741,55,57,0,bishop of llandaff,geranium
2742,55,57,0,bishop of llandaff,geranium
2743,55,57,0,bishop of llandaff,geranium
2744,55,57,0,bishop of llandaff,geranium
2745,55,57,0,bishop of llandaff,geranium
2746,55,57,0,bishop of llandaff,geranium
2747,55,57,0,bishop of llandaff,geranium
2748,55,57,0,bishop of llandaff,geranium
2749,55,57,0,bishop of llandaff,geranium
2750,55,57,0,bishop of llandaff,geranium
2751,55,57,0,bishop of llandaff,geranium
2752,55,57,0,bishop of llandaff,geranium
2753,55,57,0,bishop of llandaff,geranium
2754,55,57,0,bishop of llandaff,geranium
2755,55,57,0,bishop of llandaff,geranium
2756,55,25,0,bishop of llandaff,corn poppy
2757,55,57,0,bishop of llandaff,geranium
2758,55,57,0,bishop of llandaff,geranium
2759,55,57,0,bishop of llandaff,geranium
2760,55,57,0,bishop of llandaff,geranium
2761,55,57,0,bishop of llandaff,geranium
2762,55,57,0,bishop of llandaff,geranium
2763,55,57,0,bishop of llandaff,geranium
2764,55,57,0,bishop of llandaff,geranium
2765,55,57,0,bishop of llandaff,geranium
2766,55,57,0,bishop of llandaff,geranium
2767,55,57,0,bishop of llandaff,geranium
2768,55,57,0,bishop of llandaff,geranium
2769,55,57,0,bishop of llandaff,geranium
2770,55,57,0,bishop of llandaff,geranium
2771,55,57,0,bishop of llandaff,geranium
2772,55,57,0,bishop of llandaff,geranium
2773,55,57,0,bishop of llandaff,geranium
2774,55,57,0,bishop of llandaff,geranium
2775,55,57,0,bishop of llandaff,geranium
2776,55,57,0,bishop of llandaff,geranium
2777,55,57,0,bishop of llandaff,geranium
2778,55,57,0,bishop of llandaff,geranium
2779,55,57,0,bishop of llandaff,geranium
2780,55,57,0,bishop of llandaff,geranium
2781,55,57,0,bishop of llandaff,geranium
2782,55,57,0,bishop of llandaff,geranium
2783,55,57,0,bishop of llandaff,geranium
2784,55,57,0,bishop of llandaff,geranium
2785,55,57,0,bishop of llandaff,geranium
2786,55,57,0,bishop of llandaff,geranium
2787,55,57,0,bishop of llandaff,geranium
2788,55,57,0,bishop of llandaff,geranium
2789,55,57,0,bishop of llandaff,geranium
2790,55,57,0,bishop of llandaff,geranium
2791,55,57,0,bishop of llandaff,geranium
2792,56,56,1,gaura,gaura
2793,56,56,1,gaura,gaura
2794,56,50,0,gaura,petunia
2795,56,56,1,gaura,gaura
2796,56,56,1,gaura,gaura
2797,56,56,1,gaura,gaura
2798,56,56,1,gaura,gaura
2799,56,56,1,gaura,gaura
2800,56,56,1,gaura,gaura
2801,56,56,1,gaura,gaura
2802,56,56,1,gaura,gaura
2803,56,56,1,gaura,gaura
2804,56,56,1,gaura,gaura
2805,56,34,0,gaura,alpine sea holly
2806,56,56,1,gaura,gaura
2807,56,56,1,gaura,gaura
2808,56,56,1,gaura,gaura
2809,56,22,0,gaura,fritillary
2810,56,56,1,gaura,gaura
2811,56,56,1,gaura,gaura
2812,56,56,1,gaura,gaura
2813,56,56,1,gaura,gaura
2814,56,56,1,gaura,gaura
2815,56,91,0,gaura,bee balm
2816,56,56,1,gaura,gaura
2817,56,31,0,gaura,garden phlox
2818,56,34,0,gaura,alpine sea holly
2819,56,56,1,gaura,gaura
2820,56,36,0,gaura,cape flower
2821,56,56,1,gaura,gaura
2822,56,56,1,gaura,gaura
2823,56,78,0,gaura,toad lily
2824,56,12,0,gaura,king protea
2825,56,56,1,gaura,gaura
2826,56,61,0,gaura,japanese anemone
2827,56,76,0,gaura,passion flower
2828,56,56,1,gaura,gaura
2829,56,34,0,gaura,alpine sea holly
2830,56,9,0,gaura,globe thistle
2831,56,37,0,gaura,great masterwort
2832,56,56,1,gaura,gaura
2833,56,31,0,gaura,garden phlox
2834,56,76,0,gaura,passion flower
2835,56,6,0,gaura,moon orchid
2836,56,56,1,gaura,gaura
2837,56,22,0,gaura,fritillary
2838,56,22,0,gaura,fritillary
2839,57,57,1,geranium,geranium
2840,57,57,1,geranium,geranium
2841,57,57,1,geranium,geranium
2842,57,57,1,geranium,geranium
2843,57,57,1,geranium,geranium
2844,57,57,1,geranium,geranium
2845,57,57,1,geranium,geranium
2846,57,57,1,geranium,geranium
2847,57,57,1,geranium,geranium
2848,57,57,1,geranium,geranium
2849,57,57,1,geranium,geranium
2850,57,57,1,geranium,geranium
2851,57,57,1,geranium,geranium
2852,57,57,1,geranium,geranium
2853,57,73,0,geranium,rose
2854,57,57,1,geranium,geranium
2855,57,58,0,geranium,orange dahlia
2856,57,57,1,geranium,geranium
2857,57,57,1,geranium,geranium
2858,57,57,1,geranium,geranium
2859,57,57,1,geranium,geranium
2860,57,57,1,geranium,geranium
2861,57,57,1,geranium,geranium
2862,57,57,1,geranium,geranium
2863,57,100,0,geranium,trumpet creeper
2864,57,57,1,geranium,geranium
2865,57,57,1,geranium,geranium
2866,57,23,0,geranium,red ginger
2867,57,57,1,geranium,geranium
2868,57,57,1,geranium,geranium
2869,57,57,1,geranium,geranium
2870,57,57,1,geranium,geranium
2871,57,25,0,geranium,corn poppy
2872,57,57,1,geranium,geranium
2873,57,57,1,geranium,geranium
2874,57,57,1,geranium,geranium
2875,57,57,1,geranium,geranium
2876,57,57,1,geranium,geranium
2877,57,57,1,geranium,geranium
2878,57,57,1,geranium,geranium
2879,57,57,1,geranium,geranium
2880,57,57,1,geranium,geranium
2881,57,57,1,geranium,geranium
2882,57,57,1,geranium,geranium
2883,57,23,0,geranium,red ginger
2884,57,57,1,geranium,geranium
2885,57,57,1,geranium,geranium
2886,57,57,1,geranium,geranium
2887,57,57,1,geranium,geranium
2888,57,57,1,geranium,geranium
2889,57,58,0,geranium,orange dahlia
2890,57,57,1,geranium,geranium
2891,57,57,1,geranium,geranium
2892,57,57,1,geranium,geranium
2893,57,57,1,geranium,geranium
2894,57,57,1,geranium,geranium
2895,57,57,1,geranium,geranium
2896,57,57,1,geranium,geranium
2897,57,57,1,geranium,geranium
2898,57,57,1,geranium,geranium
2899,57,57,1,geranium,geranium
2900,57,100,0,geranium,trumpet creeper
2901,57,57,1,geranium,geranium
2902,57,57,1,geranium,geranium
2903,57,7,0,geranium,bird of paradise
2904,57,57,1,geranium,geranium
2905,57,25,0,geranium,corn poppy
2906,57,57,1,geranium,geranium
2907,57,57,1,geranium,geranium
2908,57,57,1,geranium,geranium
2909,57,20,0,geranium,fire lily
2910,57,57,1,geranium,geranium
2911,57,57,1,geranium,geranium
2912,57,57,1,geranium,geranium
2913,57,20,0,geranium,fire lily
2914,57,57,1,geranium,geranium
2915,57,57,1,geranium,geranium
2916,57,57,1,geranium,geranium
2917,57,57,1,geranium,geranium
2918,57,57,1,geranium,geranium
2919,57,57,1,geranium,geranium
2920,57,57,1,geranium,geranium
2921,57,57,1,geranium,geranium
2922,57,57,1,geranium,geranium
2923,57,57,1,geranium,geranium
2924,57,57,1,geranium,geranium
2925,57,57,1,geranium,geranium
2926,57,57,1,geranium,geranium
2927,57,57,1,geranium,geranium
2928,57,25,0,geranium,corn poppy
2929,57,57,1,geranium,geranium
2930,57,57,1,geranium,geranium
2931,57,99,0,geranium,blanket flower
2932,57,57,1,geranium,geranium
2933,58,70,0,orange dahlia,gazania
2934,58,46,0,orange dahlia,marigold
2935,58,7,0,orange dahlia,bird of paradise
2936,58,46,0,orange dahlia,marigold
2937,58,58,1,orange dahlia,orange dahlia
2938,58,7,0,orange dahlia,bird of paradise
2939,58,58,1,orange dahlia,orange dahlia
2940,58,59,0,orange dahlia,pink-yellow dahlia?
2941,58,58,1,orange dahlia,orange dahlia
2942,58,58,1,orange dahlia,orange dahlia
2943,58,58,1,orange dahlia,orange dahlia
2944,58,58,1,orange dahlia,orange dahlia
2945,58,7,0,orange dahlia,bird of paradise
2946,58,58,1,orange dahlia,orange dahlia
2947,58,64,0,orange dahlia,californian poppy
2948,58,58,1,orange dahlia,orange dahlia
2949,58,58,1,orange dahlia,orange dahlia
2950,58,59,0,orange dahlia,pink-yellow dahlia?
2951,58,46,0,orange dahlia,marigold
2952,58,45,0,orange dahlia,wallflower
2953,58,45,0,orange dahlia,wallflower
2954,58,7,0,orange dahlia,bird of paradise
2955,58,7,0,orange dahlia,bird of paradise
2956,58,7,0,orange dahlia,bird of paradise
2957,58,58,1,orange dahlia,orange dahlia
2958,58,46,0,orange dahlia,marigold
2959,58,70,0,orange dahlia,gazania
2960,58,45,0,orange dahlia,wallflower
2961,58,7,0,orange dahlia,bird of paradise
2962,58,7,0,orange dahlia,bird of paradise
2963,58,64,0,orange dahlia,californian poppy
2964,58,46,0,orange dahlia,marigold
2965,58,7,0,orange dahlia,bird of paradise
2966,58,58,1,orange dahlia,orange dahlia
2967,58,58,1,orange dahlia,orange dahlia
2968,58,7,0,orange dahlia,bird of paradise
2969,58,7,0,orange dahlia,bird of paradise
2970,58,64,0,orange dahlia,californian poppy
2971,58,58,1,orange dahlia,orange dahlia
2972,58,58,1,orange dahlia,orange dahlia
2973,58,58,1,orange dahlia,orange dahlia
2974,58,58,1,orange dahlia,orange dahlia
2975,58,58,1,orange dahlia,orange dahlia
2976,58,58,1,orange dahlia,orange dahlia
2977,58,45,0,orange dahlia,wallflower
2978,58,58,1,orange dahlia,orange dahlia
2979,58,70,0,orange dahlia,gazania
2980,59,59,1,pink-yellow dahlia?,pink-yellow dahlia?
2981,59,59,1,pink-yellow dahlia?,pink-yellow dahlia?
2982,59,7,0,pink-yellow dahlia?,bird of paradise
2983,59,7,0,pink-yellow dahlia?,bird of paradise
2984,59,7,0,pink-yellow dahlia?,bird of paradise
2985,59,45,0,pink-yellow dahlia?,wallflower
2986,59,7,0,pink-yellow dahlia?,bird of paradise
2987,59,59,1,pink-yellow dahlia?,pink-yellow dahlia?
2988,59,59,1,pink-yellow dahlia?,pink-yellow dahlia?
2989,59,14,0,pink-yellow dahlia?,yellow iris
2990,59,7,0,pink-yellow dahlia?,bird of paradise
2991,59,7,0,pink-yellow dahlia?,bird of paradise
2992,59,59,1,pink-yellow dahlia?,pink-yellow dahlia?
2993,59,46,0,pink-yellow dahlia?,marigold
2994,59,7,0,pink-yellow dahlia?,bird of paradise
2995,59,59,1,pink-yellow dahlia?,pink-yellow dahlia?
2996,59,7,0,pink-yellow dahlia?,bird of paradise
2997,59,59,1,pink-yellow dahlia?,pink-yellow dahlia?
2998,59,59,1,pink-yellow dahlia?,pink-yellow dahlia?
2999,59,59,1,pink-yellow dahlia?,pink-yellow dahlia?
3000,59,80,0,pink-yellow dahlia?,frangipani
3001,59,7,0,pink-yellow dahlia?,bird of paradise
3002,59,60,0,pink-yellow dahlia?,cautleya spicata
3003,59,7,0,pink-yellow dahlia?,bird of paradise
3004,59,58,0,pink-yellow dahlia?,orange dahlia
3005,59,7,0,pink-yellow dahlia?,bird of paradise
3006,59,99,0,pink-yellow dahlia?,blanket flower
3007,59,72,0,pink-yellow dahlia?,water lily
3008,59,59,1,pink-yellow dahlia?,pink-yellow dahlia?
3009,59,14,0,pink-yellow dahlia?,yellow iris
3010,59,59,1,pink-yellow dahlia?,pink-yellow dahlia?
3011,59,7,0,pink-yellow dahlia?,bird of paradise
3012,59,46,0,pink-yellow dahlia?,marigold
3013,59,46,0,pink-yellow dahlia?,marigold
3014,59,72,0,pink-yellow dahlia?,water lily
3015,59,7,0,pink-yellow dahlia?,bird of paradise
3016,59,7,0,pink-yellow dahlia?,bird of paradise
3017,59,46,0,pink-yellow dahlia?,marigold
3018,59,46,0,pink-yellow dahlia?,marigold
3019,59,7,0,pink-yellow dahlia?,bird of paradise
3020,59,14,0,pink-yellow dahlia?,yellow iris
3021,59,20,0,pink-yellow dahlia?,fire lily
3022,59,59,1,pink-yellow dahlia?,pink-yellow dahlia?
3023,59,51,0,pink-yellow dahlia?,wild pansy
3024,59,14,0,pink-yellow dahlia?,yellow iris
3025,59,80,0,pink-yellow dahlia?,frangipani
3026,59,60,0,pink-yellow dahlia?,cautleya spicata
3027,59,59,1,pink-yellow dahlia?,pink-yellow dahlia?
3028,59,59,1,pink-yellow dahlia?,pink-yellow dahlia?
3029,59,46,0,pink-yellow dahlia?,marigold
3030,59,70,0,pink-yellow dahlia?,gazania
3031,59,7,0,pink-yellow dahlia?,bird of paradise
3032,59,96,0,pink-yellow dahlia?,mallow
3033,59,60,0,pink-yellow dahlia?,cautleya spicata
3034,59,46,0,pink-yellow dahlia?,marigold
3035,59,7,0,pink-yellow dahlia?,bird of paradise
3036,59,46,0,pink-yellow dahlia?,marigold
3037,59,7,0,pink-yellow dahlia?,bird of paradise
3038,59,78,0,pink-yellow dahlia?,toad lily
3039,59,14,0,pink-yellow dahlia?,yellow iris
3040,59,45,0,pink-yellow dahlia?,wallflower
3041,59,7,0,pink-yellow dahlia?,bird of paradise
3042,59,59,1,pink-yellow dahlia?,pink-yellow dahlia?
3043,59,46,0,pink-yellow dahlia?,marigold
3044,59,46,0,pink-yellow dahlia?,marigold
3045,59,59,1,pink-yellow dahlia?,pink-yellow dahlia?
3046,59,59,1,pink-yellow dahlia?,pink-yellow dahlia?
3047,59,46,0,pink-yellow dahlia?,marigold
3048,59,7,0,pink-yellow dahlia?,bird of paradise
3049,59,45,0,pink-yellow dahlia?,wallflower
3050,59,7,0,pink-yellow dahlia?,bird of paradise
3051,59,45,0,pink-yellow dahlia?,wallflower
3052,59,59,1,pink-yellow dahlia?,pink-yellow dahlia?
3053,59,7,0,pink-yellow dahlia?,bird of paradise
3054,59,7,0,pink-yellow dahlia?,bird of paradise
3055,59,59,1,pink-yellow dahlia?,pink-yellow dahlia?
3056,59,59,1,pink-yellow dahlia?,pink-yellow dahlia?
3057,59,7,0,pink-yellow dahlia?,bird of paradise
3058,59,70,0,pink-yellow dahlia?,gazania
3059,59,7,0,pink-yellow dahlia?,bird of paradise
3060,59,59,1,pink-yellow dahlia?,pink-yellow dahlia?
3061,59,7,0,pink-yellow dahlia?,bird of paradise
3062,59,72,0,pink-yellow dahlia?,water lily
3063,59,14,0,pink-yellow dahlia?,yellow iris
3064,59,80,0,pink-yellow dahlia?,frangipani
3065,59,7,0,pink-yellow dahlia?,bird of paradise
3066,59,78,0,pink-yellow dahlia?,toad lily
3067,59,7,0,pink-yellow dahlia?,bird of paradise
3068,59,70,0,pink-yellow dahlia?,gazania
3069,60,67,0,cautleya spicata,bearded iris
3070,60,41,0,cautleya spicata,daffodil
3071,60,14,0,cautleya spicata,yellow iris
3072,60,59,0,cautleya spicata,pink-yellow dahlia?
3073,60,96,0,cautleya spicata,mallow
3074,60,60,1,cautleya spicata,cautleya spicata
3075,60,48,0,cautleya spicata,oxeye daisy
3076,60,41,0,cautleya spicata,daffodil
3077,60,7,0,cautleya spicata,bird of paradise
3078,60,7,0,cautleya spicata,bird of paradise
3079,60,7,0,cautleya spicata,bird of paradise
3080,60,46,0,cautleya spicata,marigold
3081,60,34,0,cautleya spicata,alpine sea holly
3082,60,7,0,cautleya spicata,bird of paradise
3083,60,7,0,cautleya spicata,bird of paradise
3084,60,14,0,cautleya spicata,yellow iris
3085,60,51,0,cautleya spicata,wild pansy
3086,60,53,0,cautleya spicata,sunflower
3087,60,60,1,cautleya spicata,cautleya spicata
3088,60,76,0,cautleya spicata,passion flower
3089,60,27,0,cautleya spicata,stemless gentian
3090,60,20,0,cautleya spicata,fire lily
3091,60,37,0,cautleya spicata,great masterwort
3092,60,60,1,cautleya spicata,cautleya spicata
3093,60,59,0,cautleya spicata,pink-yellow dahlia?
3094,60,78,0,cautleya spicata,toad lily
3095,60,14,0,cautleya spicata,yellow iris
3096,60,7,0,cautleya spicata,bird of paradise
3097,60,7,0,cautleya spicata,bird of paradise
3098,60,14,0,cautleya spicata,yellow iris
3099,61,78,0,japanese anemone,toad lily
3100,61,56,0,japanese anemone,gaura
3101,61,78,0,japanese anemone,toad lily
3102,61,78,0,japanese anemone,toad lily
3103,61,78,0,japanese anemone,toad lily
3104,61,48,0,japanese anemone,oxeye daisy
3105,61,20,0,japanese anemone,fire lily
3106,61,78,0,japanese anemone,toad lily
3107,61,69,0,japanese anemone,tree poppy
3108,61,78,0,japanese anemone,toad lily
3109,61,61,1,japanese anemone,japanese anemone
3110,61,67,0,japanese anemone,bearded iris
3111,61,1,0,japanese anemone,hard-leaved pocket orchid
3112,61,33,0,japanese anemone,mexican aster
3113,61,69,0,japanese anemone,tree poppy
3114,61,69,0,japanese anemone,tree poppy
3115,61,61,1,japanese anemone,japanese anemone
3116,61,61,1,japanese anemone,japanese anemone
3117,61,48,0,japanese anemone,oxeye daisy
3118,61,86,0,japanese anemone,magnolia
3119,61,56,0,japanese anemone,gaura
3120,61,61,1,japanese anemone,japanese anemone
3121,61,48,0,japanese anemone,oxeye daisy
3122,61,48,0,japanese anemone,oxeye daisy
3123,61,48,0,japanese anemone,oxeye daisy
3124,61,0,0,japanese anemone,pink primrose
3125,61,35,0,japanese anemone,ruby-lipped cattleya
3126,61,61,1,japanese anemone,japanese anemone
3127,61,77,0,japanese anemone,lotus
3128,61,61,1,japanese anemone,japanese anemone
3129,61,69,0,japanese anemone,tree poppy
3130,61,48,0,japanese anemone,oxeye daisy
3131,61,48,0,japanese anemone,oxeye daisy
3132,61,7,0,japanese anemone,bird of paradise
3133,61,52,0,japanese anemone,primula
3134,62,11,0,black-eyed susan,colt's foot
3135,62,11,0,black-eyed susan,colt's foot
3136,62,11,0,black-eyed susan,colt's foot
3137,62,46,0,black-eyed susan,marigold
3138,62,47,0,black-eyed susan,buttercup
3139,62,11,0,black-eyed susan,colt's foot
3140,62,11,0,black-eyed susan,colt's foot
3141,62,11,0,black-eyed susan,colt's foot
3142,62,11,0,black-eyed susan,colt's foot
3143,62,11,0,black-eyed susan,colt's foot
3144,62,11,0,black-eyed susan,colt's foot
3145,62,11,0,black-eyed susan,colt's foot
3146,62,11,0,black-eyed susan,colt's foot
3147,62,11,0,black-eyed susan,colt's foot
3148,62,11,0,black-eyed susan,colt's foot
3149,62,11,0,black-eyed susan,colt's foot
3150,62,46,0,black-eyed susan,marigold
3151,62,11,0,black-eyed susan,colt's foot
3152,62,11,0,black-eyed susan,colt's foot
3153,62,11,0,black-eyed susan,colt's foot
3154,62,47,0,black-eyed susan,buttercup
3155,62,11,0,black-eyed susan,colt's foot
3156,62,11,0,black-eyed susan,colt's foot
3157,62,47,0,black-eyed susan,buttercup
3158,62,46,0,black-eyed susan,marigold
3159,62,46,0,black-eyed susan,marigold
3160,62,11,0,black-eyed susan,colt's foot
3161,62,46,0,black-eyed susan,marigold
3162,62,11,0,black-eyed susan,colt's foot
3163,62,11,0,black-eyed susan,colt's foot
3164,62,11,0,black-eyed susan,colt's foot
3165,62,11,0,black-eyed susan,colt's foot
3166,62,46,0,black-eyed susan,marigold
3167,62,47,0,black-eyed susan,buttercup
3168,63,69,0,silverbush,tree poppy
3169,63,69,0,silverbush,tree poppy
3170,63,50,0,silverbush,petunia
3171,63,61,0,silverbush,japanese anemone
3172,63,61,0,silverbush,japanese anemone
3173,63,19,0,silverbush,giant white arum lily
3174,63,61,0,silverbush,japanese anemone
3175,63,61,0,silverbush,japanese anemone
3176,63,1,0,silverbush,hard-leaved pocket orchid
3177,63,61,0,silverbush,japanese anemone
3178,63,61,0,silverbush,japanese anemone
3179,63,19,0,silverbush,giant white arum lily
3180,63,19,0,silverbush,giant white arum lily
3181,63,74,0,silverbush,thorn apple
3182,63,56,0,silverbush,gaura
3183,63,61,0,silverbush,japanese anemone
3184,63,19,0,silverbush,giant white arum lily
3185,63,19,0,silverbush,giant white arum lily
3186,63,1,0,silverbush,hard-leaved pocket orchid
3187,63,74,0,silverbush,thorn apple
3188,63,61,0,silverbush,japanese anemone
3189,63,74,0,silverbush,thorn apple
3190,63,56,0,silverbush,gaura
3191,63,86,0,silverbush,magnolia
3192,63,61,0,silverbush,japanese anemone
3193,63,39,0,silverbush,lenten rose
3194,63,74,0,silverbush,thorn apple
3195,63,95,0,silverbush,camellia
3196,63,83,0,silverbush,columbine
3197,63,95,0,silverbush,camellia
3198,63,61,0,silverbush,japanese anemone
3199,63,19,0,silverbush,giant white arum lily
3200,64,47,0,californian poppy,buttercup
3201,64,11,0,californian poppy,colt's foot
3202,64,47,0,californian poppy,buttercup
3203,64,46,0,californian poppy,marigold
3204,64,46,0,californian poppy,marigold
3205,64,7,0,californian poppy,bird of paradise
3206,64,11,0,californian poppy,colt's foot
3207,64,19,0,californian poppy,giant white arum lily
3208,64,11,0,californian poppy,colt's foot
3209,64,47,0,californian poppy,buttercup
3210,64,46,0,californian poppy,marigold
3211,64,46,0,californian poppy,marigold
3212,64,11,0,californian poppy,colt's foot
3213,64,46,0,californian poppy,marigold
3214,64,47,0,californian poppy,buttercup
3215,64,46,0,californian poppy,marigold
3216,64,46,0,californian poppy,marigold
3217,64,7,0,californian poppy,bird of paradise
3218,64,47,0,californian poppy,buttercup
3219,64,11,0,californian poppy,colt's foot
3220,64,15,0,californian poppy,globe-flower
3221,64,11,0,californian poppy,colt's foot
3222,64,53,0,californian poppy,sunflower
3223,64,47,0,californian poppy,buttercup
3224,64,46,0,californian poppy,marigold
3225,64,7,0,californian poppy,bird of paradise
3226,64,64,1,californian poppy,californian poppy
3227,64,64,1,californian poppy,californian poppy
3228,64,14,0,californian poppy,yellow iris
3229,64,47,0,californian poppy,buttercup
3230,64,46,0,californian poppy,marigold
3231,64,47,0,californian poppy,buttercup
3232,64,64,1,californian poppy,californian poppy
3233,64,46,0,californian poppy,marigold
3234,64,11,0,californian poppy,colt's foot
3235,64,46,0,californian poppy,marigold
3236,64,46,0,californian poppy,marigold
3237,64,47,0,californian poppy,buttercup
3238,64,46,0,californian poppy,marigold
3239,64,11,0,californian poppy,colt's foot
3240,64,46,0,californian poppy,marigold
3241,64,47,0,californian poppy,buttercup
3242,64,46,0,californian poppy,marigold
3243,64,14,0,californian poppy,yellow iris
3244,64,47,0,californian poppy,buttercup
3245,64,7,0,californian poppy,bird of paradise
3246,64,7,0,californian poppy,bird of paradise
3247,64,53,0,californian poppy,sunflower
3248,64,46,0,californian poppy,marigold
3249,64,47,0,californian poppy,buttercup
3250,64,15,0,californian poppy,globe-flower
3251,64,15,0,californian poppy,globe-flower
3252,64,46,0,californian poppy,marigold
3253,64,15,0,californian poppy,globe-flower
3254,64,47,0,californian poppy,buttercup
3255,64,53,0,californian poppy,sunflower
3256,64,46,0,californian poppy,marigold
3257,64,11,0,californian poppy,colt's foot
3258,64,46,0,californian poppy,marigold
3259,64,7,0,californian poppy,bird of paradise
3260,64,76,0,californian poppy,passion flower
3261,64,80,0,californian poppy,frangipani
3262,64,11,0,californian poppy,colt's foot
3263,64,60,0,californian poppy,cautleya spicata
3264,64,67,0,californian poppy,bearded iris
3265,64,7,0,californian poppy,bird of paradise
3266,64,59,0,californian poppy,pink-yellow dahlia?
3267,64,7,0,californian poppy,bird of paradise
3268,64,11,0,californian poppy,colt's foot
3269,64,46,0,californian poppy,marigold
3270,64,64,1,californian poppy,californian poppy
3271,64,46,0,californian poppy,marigold
3272,64,46,0,californian poppy,marigold
3273,64,11,0,californian poppy,colt's foot
3274,64,46,0,californian poppy,marigold
3275,64,46,0,californian poppy,marigold
3276,64,46,0,californian poppy,marigold
3277,64,47,0,californian poppy,buttercup
3278,64,11,0,californian poppy,colt's foot
3279,64,47,0,californian poppy,buttercup
3280,64,96,0,californian poppy,mallow
3281,64,47,0,californian poppy,buttercup
3282,65,65,1,osteospermum,osteospermum
3283,65,31,0,osteospermum,garden phlox
3284,65,35,0,osteospermum,ruby-lipped cattleya
3285,65,92,0,osteospermum,ball moss
3286,65,28,0,osteospermum,artichoke
3287,65,35,0,osteospermum,ruby-lipped cattleya
3288,65,31,0,osteospermum,garden phlox
3289,65,31,0,osteospermum,garden phlox
3290,65,93,0,osteospermum,foxglove
3291,65,31,0,osteospermum,garden phlox
3292,65,93,0,osteospermum,foxglove
3293,65,92,0,osteospermum,ball moss
3294,65,31,0,osteospermum,garden phlox
3295,65,97,0,osteospermum,mexican petunia
3296,65,36,0,osteospermum,cape flower
3297,65,31,0,osteospermum,garden phlox
3298,65,31,0,osteospermum,garden phlox
3299,65,85,0,osteospermum,tree mallow
3300,65,97,0,osteospermum,mexican petunia
3301,65,31,0,osteospermum,garden phlox
3302,65,85,0,osteospermum,tree mallow
3303,65,92,0,osteospermum,ball moss
3304,65,31,0,osteospermum,garden phlox
3305,65,31,0,osteospermum,garden phlox
3306,65,93,0,osteospermum,foxglove
3307,65,35,0,osteospermum,ruby-lipped cattleya
3308,65,93,0,osteospermum,foxglove
3309,65,31,0,osteospermum,garden phlox
3310,65,91,0,osteospermum,bee balm
3311,65,31,0,osteospermum,garden phlox
3312,65,65,1,osteospermum,osteospermum
3313,65,65,1,osteospermum,osteospermum
3314,65,31,0,osteospermum,garden phlox
3315,65,75,0,osteospermum,morning glory
3316,65,31,0,osteospermum,garden phlox
3317,65,85,0,osteospermum,tree mallow
3318,65,85,0,osteospermum,tree mallow
3319,65,31,0,osteospermum,garden phlox
3320,65,85,0,osteospermum,tree mallow
3321,65,38,0,osteospermum,siam tulip
3322,65,35,0,osteospermum,ruby-lipped cattleya
3323,66,2,0,spring crocus,canterbury bells
3324,66,78,0,spring crocus,toad lily
3325,66,52,0,spring crocus,primula
3326,66,2,0,spring crocus,canterbury bells
3327,66,34,0,spring crocus,alpine sea holly
3328,66,22,0,spring crocus,fritillary
3329,66,12,0,spring crocus,king protea
3330,66,8,0,spring crocus,monkshood
3331,66,51,0,spring crocus,wild pansy
3332,66,51,0,spring crocus,wild pansy
3333,66,76,0,spring crocus,passion flower
3334,66,33,0,spring crocus,mexican aster
3335,66,51,0,spring crocus,wild pansy
3336,66,34,0,spring crocus,alpine sea holly
3337,66,56,0,spring crocus,gaura
3338,66,34,0,spring crocus,alpine sea holly
3339,66,34,0,spring crocus,alpine sea holly
3340,66,76,0,spring crocus,passion flower
3341,66,34,0,spring crocus,alpine sea holly
3342,66,34,0,spring crocus,alpine sea holly
3343,66,22,0,spring crocus,fritillary
3344,66,32,0,spring crocus,love in the mist
3345,67,8,0,bearded iris,monkshood
3346,67,99,0,bearded iris,blanket flower
3347,67,27,0,bearded iris,stemless gentian
3348,67,67,1,bearded iris,bearded iris
3349,67,52,0,bearded iris,primula
3350,67,75,0,bearded iris,morning glory
3351,67,6,0,bearded iris,moon orchid
3352,67,95,0,bearded iris,camellia
3353,67,95,0,bearded iris,camellia
3354,67,67,1,bearded iris,bearded iris
3355,67,27,0,bearded iris,stemless gentian
3356,67,24,0,bearded iris,grape hyacinth
3357,67,47,0,bearded iris,buttercup
3358,67,6,0,bearded iris,moon orchid
3359,67,52,0,bearded iris,primula
3360,67,72,0,bearded iris,water lily
3361,67,8,0,bearded iris,monkshood
3362,67,41,0,bearded iris,daffodil
3363,67,11,0,bearded iris,colt's foot
3364,67,94,0,bearded iris,bougainvillea
3365,67,34,0,bearded iris,alpine sea holly
3366,67,72,0,bearded iris,water lily
3367,67,67,1,bearded iris,bearded iris
3368,67,34,0,bearded iris,alpine sea holly
3369,67,13,0,bearded iris,spear thistle
3370,67,13,0,bearded iris,spear thistle
3371,67,34,0,bearded iris,alpine sea holly
3372,67,72,0,bearded iris,water lily
3373,67,76,0,bearded iris,passion flower
3374,67,86,0,bearded iris,magnolia
3375,67,95,0,bearded iris,camellia
3376,67,11,0,bearded iris,colt's foot
3377,67,86,0,bearded iris,magnolia
3378,67,24,0,bearded iris,grape hyacinth
3379,68,48,0,windflower,oxeye daisy
3380,68,48,0,windflower,oxeye daisy
3381,68,48,0,windflower,oxeye daisy
3382,68,68,1,windflower,windflower
3383,68,48,0,windflower,oxeye daisy
3384,68,78,0,windflower,toad lily
3385,68,48,0,windflower,oxeye daisy
3386,68,69,0,windflower,tree poppy
3387,68,52,0,windflower,primula
3388,68,48,0,windflower,oxeye daisy
3389,68,68,1,windflower,windflower
3390,68,33,0,windflower,mexican aster
3391,68,48,0,windflower,oxeye daisy
3392,68,0,0,windflower,pink primrose
3393,68,68,1,windflower,windflower
3394,68,68,1,windflower,windflower
3395,68,48,0,windflower,oxeye daisy
3396,68,72,0,windflower,water lily
3397,68,68,1,windflower,windflower
3398,68,69,0,windflower,tree poppy
3399,68,48,0,windflower,oxeye daisy
3400,68,68,1,windflower,windflower
3401,68,95,0,windflower,camellia
3402,68,56,0,windflower,gaura
3403,68,48,0,windflower,oxeye daisy
3404,68,50,0,windflower,petunia
3405,68,95,0,windflower,camellia
3406,68,86,0,windflower,magnolia
3407,68,76,0,windflower,passion flower
3408,68,48,0,windflower,oxeye daisy
3409,68,34,0,windflower,alpine sea holly
3410,68,37,0,windflower,great masterwort
3411,68,60,0,windflower,cautleya spicata
3412,68,72,0,windflower,water lily
3413,69,16,0,tree poppy,purple coneflower
3414,69,48,0,tree poppy,oxeye daisy
3415,69,7,0,tree poppy,bird of paradise
3416,69,69,1,tree poppy,tree poppy
3417,69,1,0,tree poppy,hard-leaved pocket orchid
3418,69,7,0,tree poppy,bird of paradise
3419,69,48,0,tree poppy,oxeye daisy
3420,69,48,0,tree poppy,oxeye daisy
3421,69,72,0,tree poppy,water lily
3422,69,69,1,tree poppy,tree poppy
3423,69,48,0,tree poppy,oxeye daisy
3424,69,1,0,tree poppy,hard-leaved pocket orchid
3425,69,95,0,tree poppy,camellia
3426,69,52,0,tree poppy,primula
3427,69,48,0,tree poppy,oxeye daisy
3428,69,52,0,tree poppy,primula
3429,69,72,0,tree poppy,water lily
3430,69,48,0,tree poppy,oxeye daisy
3431,69,69,1,tree poppy,tree poppy
3432,69,1,0,tree poppy,hard-leaved pocket orchid
3433,69,72,0,tree poppy,water lily
3434,69,48,0,tree poppy,oxeye daisy
3435,69,48,0,tree poppy,oxeye daisy
3436,69,52,0,tree poppy,primula
3437,69,77,0,tree poppy,lotus
3438,69,51,0,tree poppy,wild pansy
3439,69,52,0,tree poppy,primula
3440,69,72,0,tree poppy,water lily
3441,69,80,0,tree poppy,frangipani
3442,69,7,0,tree poppy,bird of paradise
3443,69,80,0,tree poppy,frangipani
3444,69,1,0,tree poppy,hard-leaved pocket orchid
3445,69,48,0,tree poppy,oxeye daisy
3446,69,7,0,tree poppy,bird of paradise
3447,69,61,0,tree poppy,japanese anemone
3448,69,52,0,tree poppy,primula
3449,69,48,0,tree poppy,oxeye daisy
3450,69,48,0,tree poppy,oxeye daisy
3451,69,48,0,tree poppy,oxeye daisy
3452,69,72,0,tree poppy,water lily
3453,69,7,0,tree poppy,bird of paradise
3454,69,48,0,tree poppy,oxeye daisy
3455,70,53,0,gazania,sunflower
3456,70,53,0,gazania,sunflower
3457,70,11,0,gazania,colt's foot
3458,70,53,0,gazania,sunflower
3459,70,53,0,gazania,sunflower
3460,70,53,0,gazania,sunflower
3461,70,46,0,gazania,marigold
3462,70,11,0,gazania,colt's foot
3463,70,53,0,gazania,sunflower
3464,70,53,0,gazania,sunflower
3465,70,70,1,gazania,gazania
3466,70,70,1,gazania,gazania
3467,70,70,1,gazania,gazania
3468,70,46,0,gazania,marigold
3469,70,70,1,gazania,gazania
3470,70,70,1,gazania,gazania
3471,70,46,0,gazania,marigold
3472,70,46,0,gazania,marigold
3473,70,46,0,gazania,marigold
3474,70,70,1,gazania,gazania
3475,70,11,0,gazania,colt's foot
3476,70,46,0,gazania,marigold
3477,70,53,0,gazania,sunflower
3478,70,11,0,gazania,colt's foot
3479,70,53,0,gazania,sunflower
3480,70,46,0,gazania,marigold
3481,70,53,0,gazania,sunflower
3482,70,46,0,gazania,marigold
3483,70,53,0,gazania,sunflower
3484,70,53,0,gazania,sunflower
3485,70,46,0,gazania,marigold
3486,70,70,1,gazania,gazania
3487,70,11,0,gazania,colt's foot
3488,70,70,1,gazania,gazania
3489,70,11,0,gazania,colt's foot
3490,70,46,0,gazania,marigold
3491,70,11,0,gazania,colt's foot
3492,70,11,0,gazania,colt's foot
3493,70,53,0,gazania,sunflower
3494,70,53,0,gazania,sunflower
3495,70,11,0,gazania,colt's foot
3496,70,46,0,gazania,marigold
3497,70,53,0,gazania,sunflower
3498,70,53,0,gazania,sunflower
3499,70,46,0,gazania,marigold
3500,70,11,0,gazania,colt's foot
3501,70,70,1,gazania,gazania
3502,70,46,0,gazania,marigold
3503,70,53,0,gazania,sunflower
3504,70,46,0,gazania,marigold
3505,70,53,0,gazania,sunflower
3506,70,53,0,gazania,sunflower
3507,70,53,0,gazania,sunflower
3508,70,53,0,gazania,sunflower
3509,70,53,0,gazania,sunflower
3510,70,53,0,gazania,sunflower
3511,70,11,0,gazania,colt's foot
3512,70,70,1,gazania,gazania
3513,71,24,0,azalea,grape hyacinth
3514,71,34,0,azalea,alpine sea holly
3515,71,25,0,azalea,corn poppy
3516,71,71,1,azalea,azalea
3517,71,92,0,azalea,ball moss
3518,71,75,0,azalea,morning glory
3519,71,43,0,azalea,poinsettia
3520,71,30,0,azalea,carnation
3521,71,20,0,azalea,fire lily
3522,71,43,0,azalea,poinsettia
3523,71,11,0,azalea,colt's foot
3524,71,22,0,azalea,fritillary
3525,71,31,0,azalea,garden phlox
3526,71,36,0,azalea,cape flower
3527,71,71,1,azalea,azalea
3528,71,35,0,azalea,ruby-lipped cattleya
3529,71,96,0,azalea,mallow
3530,71,100,0,azalea,trumpet creeper
3531,71,81,0,azalea,clematis
3532,71,43,0,azalea,poinsettia
3533,71,27,0,azalea,stemless gentian
3534,71,75,0,azalea,morning glory
3535,71,31,0,azalea,garden phlox
3536,71,43,0,azalea,poinsettia
3537,71,17,0,azalea,peruvian lily
3538,71,90,0,azalea,hippeastrum
3539,71,84,0,azalea,desert-rose
3540,71,1,0,azalea,hard-leaved pocket orchid
3541,71,85,0,azalea,tree mallow
3542,71,71,1,azalea,azalea
3543,71,98,0,azalea,bromelia
3544,71,90,0,azalea,hippeastrum
3545,71,31,0,azalea,garden phlox
3546,71,57,0,azalea,geranium
3547,71,94,0,azalea,bougainvillea
3548,71,85,0,azalea,tree mallow
3549,71,87,0,azalea,cyclamen
3550,71,3,0,azalea,sweet pea
3551,71,61,0,azalea,japanese anemone
3552,71,87,0,azalea,cyclamen
3553,71,71,1,azalea,azalea
3554,71,39,0,azalea,lenten rose
3555,71,71,1,azalea,azalea
3556,71,91,0,azalea,bee balm
3557,71,97,0,azalea,mexican petunia
3558,71,84,0,azalea,desert-rose
3559,71,93,0,azalea,foxglove
3560,71,71,1,azalea,azalea
3561,71,84,0,azalea,desert-rose
3562,71,57,0,azalea,geranium
3563,71,86,0,azalea,magnolia
3564,71,73,0,azalea,rose
3565,71,36,0,azalea,cape flower
3566,71,71,1,azalea,azalea
3567,71,43,0,azalea,poinsettia
3568,71,90,0,azalea,hippeastrum
3569,71,93,0,azalea,foxglove
3570,71,84,0,azalea,desert-rose
3571,71,90,0,azalea,hippeastrum
3572,71,36,0,azalea,cape flower
3573,71,85,0,azalea,tree mallow
3574,71,82,0,azalea,hibiscus
3575,71,74,0,azalea,thorn apple
3576,71,35,0,azalea,ruby-lipped cattleya
3577,71,86,0,azalea,magnolia
3578,71,36,0,azalea,cape flower
3579,71,87,0,azalea,cyclamen
3580,71,31,0,azalea,garden phlox
3581,71,17,0,azalea,peruvian lily
3582,71,84,0,azalea,desert-rose
3583,71,28,0,azalea,artichoke
3584,71,25,0,azalea,corn poppy
3585,71,35,0,azalea,ruby-lipped cattleya
3586,71,87,0,azalea,cyclamen
3587,71,43,0,azalea,poinsettia
3588,71,30,0,azalea,carnation
3589,72,7,0,water lily,bird of paradise
3590,72,56,0,water lily,gaura
3591,72,87,0,water lily,cyclamen
3592,72,7,0,water lily,bird of paradise
3593,72,23,0,water lily,red ginger
3594,72,93,0,water lily,foxglove
3595,72,7,0,water lily,bird of paradise
3596,72,41,0,water lily,daffodil
3597,72,72,1,water lily,water lily
3598,72,7,0,water lily,bird of paradise
3599,72,72,1,water lily,water lily
3600,72,72,1,water lily,water lily
3601,72,20,0,water lily,fire lily
3602,72,41,0,water lily,daffodil
3603,72,7,0,water lily,bird of paradise
3604,72,64,0,water lily,californian poppy
3605,72,48,0,water lily,oxeye daisy
3606,72,11,0,water lily,colt's foot
3607,72,76,0,water lily,passion flower
3608,72,7,0,water lily,bird of paradise
3609,72,48,0,water lily,oxeye daisy
3610,72,72,1,water lily,water lily
3611,72,52,0,water lily,primula
3612,72,20,0,water lily,fire lily
3613,72,72,1,water lily,water lily
3614,72,14,0,water lily,yellow iris
3615,72,20,0,water lily,fire lily
3616,72,17,0,water lily,peruvian lily
3617,72,78,0,water lily,toad lily
3618,72,80,0,water lily,frangipani
3619,72,78,0,water lily,toad lily
3620,72,7,0,water lily,bird of paradise
3621,72,72,1,water lily,water lily
3622,72,91,0,water lily,bee balm
3623,72,41,0,water lily,daffodil
3624,72,84,0,water lily,desert-rose
3625,72,87,0,water lily,cyclamen
3626,72,48,0,water lily,oxeye daisy
3627,72,73,0,water lily,rose
3628,72,77,0,water lily,lotus
3629,72,51,0,water lily,wild pansy
3630,72,69,0,water lily,tree poppy
3631,72,86,0,water lily,magnolia
3632,72,30,0,water lily,carnation
3633,72,73,0,water lily,rose
3634,72,7,0,water lily,bird of paradise
3635,72,7,0,water lily,bird of paradise
3636,72,7,0,water lily,bird of paradise
3637,72,7,0,water lily,bird of paradise
3638,72,20,0,water lily,fire lily
3639,72,56,0,water lily,gaura
3640,72,73,0,water lily,rose
3641,72,47,0,water lily,buttercup
3642,72,48,0,water lily,oxeye daisy
3643,72,80,0,water lily,frangipani
3644,72,72,1,water lily,water lily
3645,72,1,0,water lily,hard-leaved pocket orchid
3646,72,48,0,water lily,oxeye daisy
3647,72,98,0,water lily,bromelia
3648,72,100,0,water lily,trumpet creeper
3649,72,20,0,water lily,fire lily
3650,72,56,0,water lily,gaura
3651,72,20,0,water lily,fire lily
3652,72,20,0,water lily,fire lily
3653,72,93,0,water lily,foxglove
3654,72,22,0,water lily,fritillary
3655,72,7,0,water lily,bird of paradise
3656,72,7,0,water lily,bird of paradise
3657,72,56,0,water lily,gaura
3658,72,91,0,water lily,bee balm
3659,72,23,0,water lily,red ginger
3660,72,20,0,water lily,fire lily
3661,72,48,0,water lily,oxeye daisy
3662,72,80,0,water lily,frangipani
3663,72,72,1,water lily,water lily
3664,72,7,0,water lily,bird of paradise
3665,72,7,0,water lily,bird of paradise
3666,72,7,0,water lily,bird of paradise
3667,72,66,0,water lily,spring crocus
3668,72,74,0,water lily,thorn apple
3669,72,7,0,water lily,bird of paradise
3670,72,7,0,water lily,bird of paradise
3671,72,7,0,water lily,bird of paradise
3672,72,91,0,water lily,bee balm
3673,72,72,1,water lily,water lily
3674,72,72,1,water lily,water lily
3675,72,73,0,water lily,rose
3676,72,19,0,water lily,giant white arum lily
3677,72,48,0,water lily,oxeye daisy
3678,72,20,0,water lily,fire lily
3679,72,68,0,water lily,windflower
3680,72,72,1,water lily,water lily
3681,72,72,1,water lily,water lily
3682,72,72,1,water lily,water lily
3683,72,84,0,water lily,desert-rose
3684,72,56,0,water lily,gaura
3685,72,52,0,water lily,primula
3686,72,37,0,water lily,great masterwort
3687,72,22,0,water lily,fritillary
3688,72,72,1,water lily,water lily
3689,72,20,0,water lily,fire lily
3690,72,7,0,water lily,bird of paradise
3691,72,33,0,water lily,mexican aster
3692,72,7,0,water lily,bird of paradise
3693,72,76,0,water lily,passion flower
3694,72,20,0,water lily,fire lily
3695,72,72,1,water lily,water lily
3696,72,84,0,water lily,desert-rose
3697,72,12,0,water lily,king protea
3698,72,7,0,water lily,bird of paradise
3699,72,80,0,water lily,frangipani
3700,72,72,1,water lily,water lily
3701,72,48,0,water lily,oxeye daisy
3702,72,72,1,water lily,water lily
3703,72,61,0,water lily,japanese anemone
3704,72,50,0,water lily,petunia
3705,72,17,0,water lily,peruvian lily
3706,72,42,0,water lily,sword lily
3707,72,7,0,water lily,bird of paradise
3708,72,7,0,water lily,bird of paradise
3709,72,72,1,water lily,water lily
3710,72,74,0,water lily,thorn apple
3711,72,7,0,water lily,bird of paradise
3712,72,14,0,water lily,yellow iris
3713,72,86,0,water lily,magnolia
3714,72,72,1,water lily,water lily
3715,72,72,1,water lily,water lily
3716,72,7,0,water lily,bird of paradise
3717,72,7,0,water lily,bird of paradise
3718,72,38,0,water lily,siam tulip
3719,72,7,0,water lily,bird of paradise
3720,72,52,0,water lily,primula
3721,72,72,1,water lily,water lily
3722,72,31,0,water lily,garden phlox
3723,72,56,0,water lily,gaura
3724,72,86,0,water lily,magnolia
3725,72,77,0,water lily,lotus
3726,72,61,0,water lily,japanese anemone
3727,72,86,0,water lily,magnolia
3728,72,72,1,water lily,water lily
3729,72,30,0,water lily,carnation
3730,72,47,0,water lily,buttercup
3731,72,7,0,water lily,bird of paradise
3732,72,80,0,water lily,frangipani
3733,72,35,0,water lily,ruby-lipped cattleya
3734,72,9,0,water lily,globe thistle
3735,72,48,0,water lily,oxeye daisy
3736,72,80,0,water lily,frangipani
3737,72,72,1,water lily,water lily
3738,72,20,0,water lily,fire lily
3739,72,77,0,water lily,lotus
3740,72,56,0,water lily,gaura
3741,72,51,0,water lily,wild pansy
3742,72,72,1,water lily,water lily
3743,72,7,0,water lily,bird of paradise
3744,72,47,0,water lily,buttercup
3745,72,72,1,water lily,water lily
3746,72,48,0,water lily,oxeye daisy
3747,72,72,1,water lily,water lily
3748,72,7,0,water lily,bird of paradise
3749,72,30,0,water lily,carnation
3750,72,20,0,water lily,fire lily
3751,72,56,0,water lily,gaura
3752,72,7,0,water lily,bird of paradise
3753,72,72,1,water lily,water lily
3754,72,56,0,water lily,gaura
3755,72,57,0,water lily,geranium
3756,72,19,0,water lily,giant white arum lily
3757,72,14,0,water lily,yellow iris
3758,72,46,0,water lily,marigold
3759,72,48,0,water lily,oxeye daisy
3760,72,91,0,water lily,bee balm
3761,72,22,0,water lily,fritillary
3762,72,72,1,water lily,water lily
3763,73,73,1,rose,rose
3764,73,72,0,rose,water lily
3765,73,84,0,rose,desert-rose
3766,73,73,1,rose,rose
3767,73,84,0,rose,desert-rose
3768,73,84,0,rose,desert-rose
3769,73,38,0,rose,siam tulip
3770,73,72,0,rose,water lily
3771,73,25,0,rose,corn poppy
3772,73,47,0,rose,buttercup
3773,73,90,0,rose,hippeastrum
3774,73,57,0,rose,geranium
3775,73,72,0,rose,water lily
3776,73,85,0,rose,tree mallow
3777,73,72,0,rose,water lily
3778,73,19,0,rose,giant white arum lily
3779,73,31,0,rose,garden phlox
3780,73,98,0,rose,bromelia
3781,73,7,0,rose,bird of paradise
3782,73,73,1,rose,rose
3783,73,96,0,rose,mallow
3784,73,47,0,rose,buttercup
3785,73,14,0,rose,yellow iris
3786,73,43,0,rose,poinsettia
3787,73,87,0,rose,cyclamen
3788,73,11,0,rose,colt's foot
3789,73,35,0,rose,ruby-lipped cattleya
3790,73,82,0,rose,hibiscus
3791,73,82,0,rose,hibiscus
3792,73,46,0,rose,marigold
3793,73,14,0,rose,yellow iris
3794,73,37,0,rose,great masterwort
3795,73,20,0,rose,fire lily
3796,73,31,0,rose,garden phlox
3797,73,42,0,rose,sword lily
3798,73,59,0,rose,pink-yellow dahlia?
3799,73,20,0,rose,fire lily
3800,73,47,0,rose,buttercup
3801,73,61,0,rose,japanese anemone
3802,73,98,0,rose,bromelia
3803,73,41,0,rose,daffodil
3804,73,73,1,rose,rose
3805,73,57,0,rose,geranium
3806,73,57,0,rose,geranium
3807,73,57,0,rose,geranium
3808,73,73,1,rose,rose
3809,73,73,1,rose,rose
3810,73,57,0,rose,geranium
3811,73,13,0,rose,spear thistle
3812,73,64,0,rose,californian poppy
3813,73,57,0,rose,geranium
3814,73,59,0,rose,pink-yellow dahlia?
3815,73,73,1,rose,rose
3816,73,23,0,rose,red ginger
3817,73,47,0,rose,buttercup
3818,73,73,1,rose,rose
3819,73,73,1,rose,rose
3820,73,73,1,rose,rose
3821,73,101,0,rose,blackberry lily
3822,73,84,0,rose,desert-rose
3823,73,47,0,rose,buttercup
3824,73,87,0,rose,cyclamen
3825,73,57,0,rose,geranium
3826,73,7,0,rose,bird of paradise
3827,73,57,0,rose,geranium
3828,73,86,0,rose,magnolia
3829,73,7,0,rose,bird of paradise
3830,73,30,0,rose,carnation
3831,73,47,0,rose,buttercup
3832,73,30,0,rose,carnation
3833,73,43,0,rose,poinsettia
3834,73,11,0,rose,colt's foot
3835,73,57,0,rose,geranium
3836,73,82,0,rose,hibiscus
3837,73,20,0,rose,fire lily
3838,73,57,0,rose,geranium
3839,73,73,1,rose,rose
3840,73,91,0,rose,bee balm
3841,73,46,0,rose,marigold
3842,73,91,0,rose,bee balm
3843,73,14,0,rose,yellow iris
3844,73,46,0,rose,marigold
3845,73,7,0,rose,bird of paradise
3846,73,30,0,rose,carnation
3847,73,41,0,rose,daffodil
3848,73,85,0,rose,tree mallow
3849,73,22,0,rose,fritillary
3850,73,14,0,rose,yellow iris
3851,73,45,0,rose,wallflower
3852,73,80,0,rose,frangipani
3853,73,15,0,rose,globe-flower
3854,73,46,0,rose,marigold
3855,73,100,0,rose,trumpet creeper
3856,73,47,0,rose,buttercup
3857,73,57,0,rose,geranium
3858,73,100,0,rose,trumpet creeper
3859,73,7,0,rose,bird of paradise
3860,73,47,0,rose,buttercup
3861,73,73,1,rose,rose
3862,73,70,0,rose,gazania
3863,73,30,0,rose,carnation
3864,73,84,0,rose,desert-rose
3865,73,91,0,rose,bee balm
3866,73,7,0,rose,bird of paradise
3867,73,20,0,rose,fire lily
3868,73,57,0,rose,geranium
3869,73,3,0,rose,sweet pea
3870,73,57,0,rose,geranium
3871,73,39,0,rose,lenten rose
3872,73,7,0,rose,bird of paradise
3873,73,57,0,rose,geranium
3874,73,47,0,rose,buttercup
3875,73,52,0,rose,primula
3876,73,52,0,rose,primula
3877,73,46,0,rose,marigold
3878,73,52,0,rose,primula
3879,73,20,0,rose,fire lily
3880,73,81,0,rose,clematis
3881,73,45,0,rose,wallflower
3882,73,64,0,rose,californian poppy
3883,73,60,0,rose,cautleya spicata
3884,73,90,0,rose,hippeastrum
3885,73,35,0,rose,ruby-lipped cattleya
3886,73,30,0,rose,carnation
3887,73,30,0,rose,carnation
3888,73,42,0,rose,sword lily
3889,73,46,0,rose,marigold
3890,73,30,0,rose,carnation
3891,73,42,0,rose,sword lily
3892,73,35,0,rose,ruby-lipped cattleya
3893,73,98,0,rose,bromelia
3894,73,57,0,rose,geranium
3895,73,23,0,rose,red ginger
3896,73,11,0,rose,colt's foot
3897,73,11,0,rose,colt's foot
3898,73,58,0,rose,orange dahlia
3899,73,46,0,rose,marigold
3900,73,72,0,rose,water lily
3901,73,84,0,rose,desert-rose
3902,73,73,1,rose,rose
3903,73,20,0,rose,fire lily
3904,73,39,0,rose,lenten rose
3905,73,6,0,rose,moon orchid
3906,73,38,0,rose,siam tulip
3907,73,95,0,rose,camellia
3908,73,73,1,rose,rose
3909,73,47,0,rose,buttercup
3910,73,20,0,rose,fire lily
3911,73,19,0,rose,giant white arum lily
3912,73,73,1,rose,rose
3913,73,96,0,rose,mallow
3914,74,74,1,thorn apple,thorn apple
3915,74,95,0,thorn apple,camellia
3916,74,61,0,thorn apple,japanese anemone
3917,74,74,1,thorn apple,thorn apple
3918,74,74,1,thorn apple,thorn apple
3919,74,74,1,thorn apple,thorn apple
3920,74,74,1,thorn apple,thorn apple
3921,74,61,0,thorn apple,japanese anemone
3922,74,94,0,thorn apple,bougainvillea
3923,74,9,0,thorn apple,globe thistle
3924,74,61,0,thorn apple,japanese anemone
3925,74,2,0,thorn apple,canterbury bells
3926,74,61,0,thorn apple,japanese anemone
3927,74,95,0,thorn apple,camellia
3928,74,74,1,thorn apple,thorn apple
3929,74,74,1,thorn apple,thorn apple
3930,74,74,1,thorn apple,thorn apple
3931,74,74,1,thorn apple,thorn apple
3932,74,61,0,thorn apple,japanese anemone
3933,74,94,0,thorn apple,bougainvillea
3934,74,35,0,thorn apple,ruby-lipped cattleya
3935,74,74,1,thorn apple,thorn apple
3936,74,94,0,thorn apple,bougainvillea
3937,74,61,0,thorn apple,japanese anemone
3938,74,61,0,thorn apple,japanese anemone
3939,74,19,0,thorn apple,giant white arum lily
3940,74,39,0,thorn apple,lenten rose
3941,74,13,0,thorn apple,spear thistle
3942,74,35,0,thorn apple,ruby-lipped cattleya
3943,74,75,0,thorn apple,morning glory
3944,74,0,0,thorn apple,pink primrose
3945,74,74,1,thorn apple,thorn apple
3946,74,74,1,thorn apple,thorn apple
3947,74,74,1,thorn apple,thorn apple
3948,74,74,1,thorn apple,thorn apple
3949,74,61,0,thorn apple,japanese anemone
3950,74,24,0,thorn apple,grape hyacinth
3951,74,74,1,thorn apple,thorn apple
3952,74,74,1,thorn apple,thorn apple
3953,74,6,0,thorn apple,moon orchid
3954,74,74,1,thorn apple,thorn apple
3955,74,74,1,thorn apple,thorn apple
3956,74,95,0,thorn apple,camellia
3957,74,6,0,thorn apple,moon orchid
3958,74,0,0,thorn apple,pink primrose
3959,74,95,0,thorn apple,camellia
3960,74,13,0,thorn apple,spear thistle
3961,74,6,0,thorn apple,moon orchid
3962,74,74,1,thorn apple,thorn apple
3963,74,35,0,thorn apple,ruby-lipped cattleya
3964,74,6,0,thorn apple,moon orchid
3965,74,61,0,thorn apple,japanese anemone
3966,74,74,1,thorn apple,thorn apple
3967,74,74,1,thorn apple,thorn apple
3968,74,74,1,thorn apple,thorn apple
3969,74,61,0,thorn apple,japanese anemone
3970,74,86,0,thorn apple,magnolia
3971,74,61,0,thorn apple,japanese anemone
3972,74,74,1,thorn apple,thorn apple
3973,74,19,0,thorn apple,giant white arum lily
3974,74,74,1,thorn apple,thorn apple
3975,74,74,1,thorn apple,thorn apple
3976,74,74,1,thorn apple,thorn apple
3977,74,75,0,thorn apple,morning glory
3978,74,74,1,thorn apple,thorn apple
3979,74,19,0,thorn apple,giant white arum lily
3980,74,74,1,thorn apple,thorn apple
3981,74,96,0,thorn apple,mallow
3982,74,95,0,thorn apple,camellia
3983,74,35,0,thorn apple,ruby-lipped cattleya
3984,74,74,1,thorn apple,thorn apple
3985,74,86,0,thorn apple,magnolia
3986,74,74,1,thorn apple,thorn apple
3987,74,74,1,thorn apple,thorn apple
3988,74,74,1,thorn apple,thorn apple
3989,74,74,1,thorn apple,thorn apple
3990,74,74,1,thorn apple,thorn apple
3991,74,74,1,thorn apple,thorn apple
3992,74,74,1,thorn apple,thorn apple
3993,74,74,1,thorn apple,thorn apple
3994,74,2,0,thorn apple,canterbury bells
3995,74,74,1,thorn apple,thorn apple
3996,74,74,1,thorn apple,thorn apple
3997,74,13,0,thorn apple,spear thistle
3998,74,74,1,thorn apple,thorn apple
3999,74,74,1,thorn apple,thorn apple
4000,74,28,0,thorn apple,artichoke
4001,74,74,1,thorn apple,thorn apple
4002,74,74,1,thorn apple,thorn apple
4003,74,6,0,thorn apple,moon orchid
4004,74,74,1,thorn apple,thorn apple
4005,74,61,0,thorn apple,japanese anemone
4006,74,94,0,thorn apple,bougainvillea
4007,74,86,0,thorn apple,magnolia
4008,74,61,0,thorn apple,japanese anemone
4009,74,74,1,thorn apple,thorn apple
4010,74,61,0,thorn apple,japanese anemone
4011,74,94,0,thorn apple,bougainvillea
4012,74,74,1,thorn apple,thorn apple
4013,74,74,1,thorn apple,thorn apple
4014,75,34,0,morning glory,alpine sea holly
4015,75,75,1,morning glory,morning glory
4016,75,24,0,morning glory,grape hyacinth
4017,75,17,0,morning glory,peruvian lily
4018,75,87,0,morning glory,cyclamen
4019,75,82,0,morning glory,hibiscus
4020,75,93,0,morning glory,foxglove
4021,75,28,0,morning glory,artichoke
4022,75,74,0,morning glory,thorn apple
4023,75,94,0,morning glory,bougainvillea
4024,75,2,0,morning glory,canterbury bells
4025,75,34,0,morning glory,alpine sea holly
4026,75,97,0,morning glory,mexican petunia
4027,75,76,0,morning glory,passion flower
4028,75,75,1,morning glory,morning glory
4029,75,74,0,morning glory,thorn apple
4030,75,18,0,morning glory,balloon flower
4031,75,74,0,morning glory,thorn apple
4032,75,94,0,morning glory,bougainvillea
4033,75,34,0,morning glory,alpine sea holly
4034,75,34,0,morning glory,alpine sea holly
4035,75,74,0,morning glory,thorn apple
4036,75,9,0,morning glory,globe thistle
4037,75,34,0,morning glory,alpine sea holly
4038,75,74,0,morning glory,thorn apple
4039,75,75,1,morning glory,morning glory
4040,75,78,0,morning glory,toad lily
4041,75,18,0,morning glory,balloon flower
4042,75,18,0,morning glory,balloon flower
4043,75,82,0,morning glory,hibiscus
4044,75,31,0,morning glory,garden phlox
4045,75,24,0,morning glory,grape hyacinth
4046,75,92,0,morning glory,ball moss
4047,75,35,0,morning glory,ruby-lipped cattleya
4048,75,34,0,morning glory,alpine sea holly
4049,75,24,0,morning glory,grape hyacinth
4050,75,30,0,morning glory,carnation
4051,75,75,1,morning glory,morning glory
4052,75,54,0,morning glory,pelargonium
4053,75,18,0,morning glory,balloon flower
4054,75,97,0,morning glory,mexican petunia
4055,75,24,0,morning glory,grape hyacinth
4056,75,92,0,morning glory,ball moss
4057,75,8,0,morning glory,monkshood
4058,75,74,0,morning glory,thorn apple
4059,75,8,0,morning glory,monkshood
4060,75,34,0,morning glory,alpine sea holly
4061,75,34,0,morning glory,alpine sea holly
4062,75,27,0,morning glory,stemless gentian
4063,75,97,0,morning glory,mexican petunia
4064,75,8,0,morning glory,monkshood
4065,75,61,0,morning glory,japanese anemone
4066,75,24,0,morning glory,grape hyacinth
4067,75,9,0,morning glory,globe thistle
4068,75,31,0,morning glory,garden phlox
4069,75,24,0,morning glory,grape hyacinth
4070,75,74,0,morning glory,thorn apple
4071,75,75,1,morning glory,morning glory
4072,75,8,0,morning glory,monkshood
4073,75,27,0,morning glory,stemless gentian
4074,75,35,0,morning glory,ruby-lipped cattleya
4075,75,8,0,morning glory,monkshood
4076,75,75,1,morning glory,morning glory
4077,75,8,0,morning glory,monkshood
4078,75,18,0,morning glory,balloon flower
4079,75,61,0,morning glory,japanese anemone
4080,75,95,0,morning glory,camellia
4081,75,18,0,morning glory,balloon flower
4082,75,75,1,morning glory,morning glory
4083,75,8,0,morning glory,monkshood
4084,75,8,0,morning glory,monkshood
4085,75,51,0,morning glory,wild pansy
4086,75,24,0,morning glory,grape hyacinth
4087,75,34,0,morning glory,alpine sea holly
4088,75,74,0,morning glory,thorn apple
4089,75,94,0,morning glory,bougainvillea
4090,75,9,0,morning glory,globe thistle
4091,75,0,0,morning glory,pink primrose
4092,75,8,0,morning glory,monkshood
4093,75,84,0,morning glory,desert-rose
4094,75,18,0,morning glory,balloon flower
4095,75,61,0,morning glory,japanese anemone
4096,75,27,0,morning glory,stemless gentian
4097,75,35,0,morning glory,ruby-lipped cattleya
4098,75,27,0,morning glory,stemless gentian
4099,75,97,0,morning glory,mexican petunia
4100,75,75,1,morning glory,morning glory
4101,76,76,1,passion flower,passion flower
4102,76,34,0,passion flower,alpine sea holly
4103,76,34,0,passion flower,alpine sea holly
4104,76,34,0,passion flower,alpine sea holly
4105,76,78,0,passion flower,toad lily
4106,76,78,0,passion flower,toad lily
4107,76,20,0,passion flower,fire lily
4108,76,34,0,passion flower,alpine sea holly
4109,76,78,0,passion flower,toad lily
4110,76,78,0,passion flower,toad lily
4111,76,78,0,passion flower,toad lily
4112,76,76,1,passion flower,passion flower
4113,76,9,0,passion flower,globe thistle
4114,76,78,0,passion flower,toad lily
4115,76,56,0,passion flower,gaura
4116,76,76,1,passion flower,passion flower
4117,76,56,0,passion flower,gaura
4118,76,34,0,passion flower,alpine sea holly
4119,76,61,0,passion flower,japanese anemone
4120,76,22,0,passion flower,fritillary
4121,76,8,0,passion flower,monkshood
4122,76,34,0,passion flower,alpine sea holly
4123,76,34,0,passion flower,alpine sea holly
4124,76,56,0,passion flower,gaura
4125,76,78,0,passion flower,toad lily
4126,76,34,0,passion flower,alpine sea holly
4127,76,78,0,passion flower,toad lily
4128,76,34,0,passion flower,alpine sea holly
4129,76,76,1,passion flower,passion flower
4130,76,74,0,passion flower,thorn apple
4131,76,76,1,passion flower,passion flower
4132,76,74,0,passion flower,thorn apple
4133,76,48,0,passion flower,oxeye daisy
4134,76,20,0,passion flower,fire lily
4135,76,76,1,passion flower,passion flower
4136,76,76,1,passion flower,passion flower
4137,76,34,0,passion flower,alpine sea holly
4138,76,34,0,passion flower,alpine sea holly
4139,76,9,0,passion flower,globe thistle
4140,76,34,0,passion flower,alpine sea holly
4141,76,34,0,passion flower,alpine sea holly
4142,76,34,0,passion flower,alpine sea holly
4143,76,78,0,passion flower,toad lily
4144,76,78,0,passion flower,toad lily
4145,76,34,0,passion flower,alpine sea holly
4146,76,78,0,passion flower,toad lily
4147,76,34,0,passion flower,alpine sea holly
4148,76,76,1,passion flower,passion flower
4149,76,74,0,passion flower,thorn apple
4150,76,76,1,passion flower,passion flower
4151,76,72,0,passion flower,water lily
4152,76,78,0,passion flower,toad lily
4153,76,34,0,passion flower,alpine sea holly
4154,76,34,0,passion flower,alpine sea holly
4155,76,76,1,passion flower,passion flower
4156,76,48,0,passion flower,oxeye daisy
4157,76,34,0,passion flower,alpine sea holly
4158,76,78,0,passion flower,toad lily
4159,76,34,0,passion flower,alpine sea holly
4160,76,78,0,passion flower,toad lily
4161,76,76,1,passion flower,passion flower
4162,76,78,0,passion flower,toad lily
4163,76,34,0,passion flower,alpine sea holly
4164,76,76,1,passion flower,passion flower
4165,76,78,0,passion flower,toad lily
4166,76,76,1,passion flower,passion flower
4167,76,34,0,passion flower,alpine sea holly
4168,76,22,0,passion flower,fritillary
4169,76,32,0,passion flower,love in the mist
4170,76,34,0,passion flower,alpine sea holly
4171,76,76,1,passion flower,passion flower
4172,76,34,0,passion flower,alpine sea holly
4173,76,34,0,passion flower,alpine sea holly
4174,76,78,0,passion flower,toad lily
4175,76,78,0,passion flower,toad lily
4176,76,36,0,passion flower,cape flower
4177,76,34,0,passion flower,alpine sea holly
4178,76,78,0,passion flower,toad lily
4179,76,74,0,passion flower,thorn apple
4180,76,74,0,passion flower,thorn apple
4181,76,76,1,passion flower,passion flower
4182,76,34,0,passion flower,alpine sea holly
4183,76,78,0,passion flower,toad lily
4184,76,76,1,passion flower,passion flower
4185,76,76,1,passion flower,passion flower
4186,76,20,0,passion flower,fire lily
4187,76,78,0,passion flower,toad lily
4188,76,56,0,passion flower,gaura
4189,76,34,0,passion flower,alpine sea holly
4190,76,83,0,passion flower,columbine
4191,76,76,1,passion flower,passion flower
4192,76,78,0,passion flower,toad lily
4193,76,34,0,passion flower,alpine sea holly
4194,76,27,0,passion flower,stemless gentian
4195,76,76,1,passion flower,passion flower
4196,76,76,1,passion flower,passion flower
4197,76,34,0,passion flower,alpine sea holly
4198,76,9,0,passion flower,globe thistle
4199,76,9,0,passion flower,globe thistle
4200,76,78,0,passion flower,toad lily
4201,76,56,0,passion flower,gaura
4202,76,48,0,passion flower,oxeye daisy
4203,76,24,0,passion flower,grape hyacinth
4204,76,91,0,passion flower,bee balm
4205,76,78,0,passion flower,toad lily
4206,76,34,0,passion flower,alpine sea holly
4207,76,56,0,passion flower,gaura
4208,76,34,0,passion flower,alpine sea holly
4209,76,22,0,passion flower,fritillary
4210,76,9,0,passion flower,globe thistle
4211,76,76,1,passion flower,passion flower
4212,76,78,0,passion flower,toad lily
4213,76,34,0,passion flower,alpine sea holly
4214,76,34,0,passion flower,alpine sea holly
4215,76,78,0,passion flower,toad lily
4216,76,22,0,passion flower,fritillary
4217,76,76,1,passion flower,passion flower
4218,76,76,1,passion flower,passion flower
4219,76,34,0,passion flower,alpine sea holly
4220,76,34,0,passion flower,alpine sea holly
4221,76,56,0,passion flower,gaura
4222,76,24,0,passion flower,grape hyacinth
4223,76,76,1,passion flower,passion flower
4224,76,78,0,passion flower,toad lily
4225,76,34,0,passion flower,alpine sea holly
4226,76,74,0,passion flower,thorn apple
4227,76,76,1,passion flower,passion flower
4228,76,78,0,passion flower,toad lily
4229,76,56,0,passion flower,gaura
4230,76,34,0,passion flower,alpine sea holly
4231,76,9,0,passion flower,globe thistle
4232,76,34,0,passion flower,alpine sea holly
4233,76,9,0,passion flower,globe thistle
4234,76,34,0,passion flower,alpine sea holly
4235,76,34,0,passion flower,alpine sea holly
4236,76,9,0,passion flower,globe thistle
4237,76,2,0,passion flower,canterbury bells
4238,76,78,0,passion flower,toad lily
4239,76,76,1,passion flower,passion flower
4240,76,78,0,passion flower,toad lily
4241,76,34,0,passion flower,alpine sea holly
4242,76,76,1,passion flower,passion flower
4243,76,78,0,passion flower,toad lily
4244,76,78,0,passion flower,toad lily
4245,76,56,0,passion flower,gaura
4246,76,56,0,passion flower,gaura
4247,76,34,0,passion flower,alpine sea holly
4248,76,78,0,passion flower,toad lily
4249,76,56,0,passion flower,gaura
4250,76,34,0,passion flower,alpine sea holly
4251,76,97,0,passion flower,mexican petunia
4252,76,34,0,passion flower,alpine sea holly
4253,76,34,0,passion flower,alpine sea holly
4254,76,34,0,passion flower,alpine sea holly
4255,76,22,0,passion flower,fritillary
4256,76,9,0,passion flower,globe thistle
4257,76,34,0,passion flower,alpine sea holly
4258,76,16,0,passion flower,purple coneflower
4259,76,61,0,passion flower,japanese anemone
4260,76,9,0,passion flower,globe thistle
4261,76,7,0,passion flower,bird of paradise
4262,76,78,0,passion flower,toad lily
4263,76,34,0,passion flower,alpine sea holly
4264,76,16,0,passion flower,purple coneflower
4265,76,34,0,passion flower,alpine sea holly
4266,76,32,0,passion flower,love in the mist
4267,76,51,0,passion flower,wild pansy
4268,76,34,0,passion flower,alpine sea holly
4269,76,24,0,passion flower,grape hyacinth
4270,76,78,0,passion flower,toad lily
4271,76,78,0,passion flower,toad lily
4272,76,76,1,passion flower,passion flower
4273,76,61,0,passion flower,japanese anemone
4274,76,27,0,passion flower,stemless gentian
4275,76,78,0,passion flower,toad lily
4276,76,34,0,passion flower,alpine sea holly
4277,76,76,1,passion flower,passion flower
4278,76,76,1,passion flower,passion flower
4279,76,9,0,passion flower,globe thistle
4280,76,34,0,passion flower,alpine sea holly
4281,76,34,0,passion flower,alpine sea holly
4282,76,74,0,passion flower,thorn apple
4283,76,34,0,passion flower,alpine sea holly
4284,76,34,0,passion flower,alpine sea holly
4285,76,32,0,passion flower,love in the mist
4286,76,76,1,passion flower,passion flower
4287,76,34,0,passion flower,alpine sea holly
4288,76,93,0,passion flower,foxglove
4289,76,9,0,passion flower,globe thistle
4290,76,61,0,passion flower,japanese anemone
4291,76,20,0,passion flower,fire lily
4292,76,34,0,passion flower,alpine sea holly
4293,76,76,1,passion flower,passion flower
4294,76,78,0,passion flower,toad lily
4295,76,34,0,passion flower,alpine sea holly
4296,76,9,0,passion flower,globe thistle
4297,76,9,0,passion flower,globe thistle
4298,76,76,1,passion flower,passion flower
4299,76,24,0,passion flower,grape hyacinth
4300,76,78,0,passion flower,toad lily
4301,76,78,0,passion flower,toad lily
4302,76,76,1,passion flower,passion flower
4303,76,34,0,passion flower,alpine sea holly
4304,76,76,1,passion flower,passion flower
4305,76,22,0,passion flower,fritillary
4306,76,36,0,passion flower,cape flower
4307,76,76,1,passion flower,passion flower
4308,76,7,0,passion flower,bird of paradise
4309,76,76,1,passion flower,passion flower
4310,76,56,0,passion flower,gaura
4311,76,24,0,passion flower,grape hyacinth
4312,76,76,1,passion flower,passion flower
4313,76,76,1,passion flower,passion flower
4314,76,48,0,passion flower,oxeye daisy
4315,76,76,1,passion flower,passion flower
4316,76,76,1,passion flower,passion flower
4317,76,93,0,passion flower,foxglove
4318,76,34,0,passion flower,alpine sea holly
4319,76,7,0,passion flower,bird of paradise
4320,76,34,0,passion flower,alpine sea holly
4321,76,27,0,passion flower,stemless gentian
4322,76,78,0,passion flower,toad lily
4323,76,34,0,passion flower,alpine sea holly
4324,76,34,0,passion flower,alpine sea holly
4325,76,97,0,passion flower,mexican petunia
4326,76,76,1,passion flower,passion flower
4327,76,18,0,passion flower,balloon flower
4328,76,78,0,passion flower,toad lily
4329,76,56,0,passion flower,gaura
4330,76,36,0,passion flower,cape flower
4331,76,9,0,passion flower,globe thistle
4332,77,19,0,lotus,giant white arum lily
4333,77,86,0,lotus,magnolia
4334,77,72,0,lotus,water lily
4335,77,80,0,lotus,frangipani
4336,77,35,0,lotus,ruby-lipped cattleya
4337,77,28,0,lotus,artichoke
4338,77,72,0,lotus,water lily
4339,77,91,0,lotus,bee balm
4340,77,80,0,lotus,frangipani
4341,77,74,0,lotus,thorn apple
4342,77,77,1,lotus,lotus
4343,77,74,0,lotus,thorn apple
4344,77,72,0,lotus,water lily
4345,77,22,0,lotus,fritillary
4346,77,77,1,lotus,lotus
4347,77,33,0,lotus,mexican aster
4348,77,69,0,lotus,tree poppy
4349,77,16,0,lotus,purple coneflower
4350,77,12,0,lotus,king protea
4351,77,28,0,lotus,artichoke
4352,77,72,0,lotus,water lily
4353,77,76,0,lotus,passion flower
4354,77,72,0,lotus,water lily
4355,77,22,0,lotus,fritillary
4356,77,33,0,lotus,mexican aster
4357,77,72,0,lotus,water lily
4358,77,84,0,lotus,desert-rose
4359,77,38,0,lotus,siam tulip
4360,77,56,0,lotus,gaura
4361,77,48,0,lotus,oxeye daisy
4362,77,91,0,lotus,bee balm
4363,77,13,0,lotus,spear thistle
4364,77,33,0,lotus,mexican aster
4365,77,74,0,lotus,thorn apple
4366,77,80,0,lotus,frangipani
4367,77,48,0,lotus,oxeye daisy
4368,77,72,0,lotus,water lily
4369,77,61,0,lotus,japanese anemone
4370,77,33,0,lotus,mexican aster
4371,77,48,0,lotus,oxeye daisy
4372,77,38,0,lotus,siam tulip
4373,77,12,0,lotus,king protea
4374,77,52,0,lotus,primula
4375,77,38,0,lotus,siam tulip
4376,77,72,0,lotus,water lily
4377,77,56,0,lotus,gaura
4378,77,48,0,lotus,oxeye daisy
4379,77,73,0,lotus,rose
4380,77,51,0,lotus,wild pansy
4381,77,35,0,lotus,ruby-lipped cattleya
4382,77,80,0,lotus,frangipani
4383,77,35,0,lotus,ruby-lipped cattleya
4384,77,48,0,lotus,oxeye daisy
4385,77,33,0,lotus,mexican aster
4386,77,78,0,lotus,toad lily
4387,77,9,0,lotus,globe thistle
4388,77,12,0,lotus,king protea
4389,77,34,0,lotus,alpine sea holly
4390,77,78,0,lotus,toad lily
4391,77,48,0,lotus,oxeye daisy
4392,77,84,0,lotus,desert-rose
4393,77,35,0,lotus,ruby-lipped cattleya
4394,77,72,0,lotus,water lily
4395,77,69,0,lotus,tree poppy
4396,77,35,0,lotus,ruby-lipped cattleya
4397,77,77,1,lotus,lotus
4398,77,22,0,lotus,fritillary
4399,77,48,0,lotus,oxeye daisy
4400,77,72,0,lotus,water lily
4401,77,78,0,lotus,toad lily
4402,77,1,0,lotus,hard-leaved pocket orchid
4403,77,38,0,lotus,siam tulip
4404,77,20,0,lotus,fire lily
4405,77,90,0,lotus,hippeastrum
4406,77,48,0,lotus,oxeye daisy
4407,77,80,0,lotus,frangipani
4408,77,51,0,lotus,wild pansy
4409,77,38,0,lotus,siam tulip
4410,77,77,1,lotus,lotus
4411,77,72,0,lotus,water lily
4412,77,80,0,lotus,frangipani
4413,77,48,0,lotus,oxeye daisy
4414,77,19,0,lotus,giant white arum lily
4415,77,72,0,lotus,water lily
4416,77,86,0,lotus,magnolia
4417,77,91,0,lotus,bee balm
4418,77,69,0,lotus,tree poppy
4419,77,22,0,lotus,fritillary
4420,77,69,0,lotus,tree poppy
4421,77,35,0,lotus,ruby-lipped cattleya
4422,77,77,1,lotus,lotus
4423,77,74,0,lotus,thorn apple
4424,77,92,0,lotus,ball moss
4425,77,56,0,lotus,gaura
4426,77,48,0,lotus,oxeye daisy
4427,77,48,0,lotus,oxeye daisy
4428,77,35,0,lotus,ruby-lipped cattleya
4429,77,77,1,lotus,lotus
4430,77,7,0,lotus,bird of paradise
4431,77,46,0,lotus,marigold
4432,77,78,0,lotus,toad lily
4433,77,72,0,lotus,water lily
4434,77,72,0,lotus,water lily
4435,77,35,0,lotus,ruby-lipped cattleya
4436,77,96,0,lotus,mallow
4437,77,13,0,lotus,spear thistle
4438,77,19,0,lotus,giant white arum lily
4439,77,77,1,lotus,lotus
4440,77,80,0,lotus,frangipani
4441,77,72,0,lotus,water lily
4442,77,35,0,lotus,ruby-lipped cattleya
4443,77,38,0,lotus,siam tulip
4444,77,92,0,lotus,ball moss
4445,77,48,0,lotus,oxeye daisy
4446,77,61,0,lotus,japanese anemone
4447,77,61,0,lotus,japanese anemone
4448,77,19,0,lotus,giant white arum lily
4449,78,92,0,toad lily,ball moss
4450,78,56,0,toad lily,gaura
4451,78,78,1,toad lily,toad lily
4452,78,56,0,toad lily,gaura
4453,78,36,0,toad lily,cape flower
4454,78,78,1,toad lily,toad lily
4455,78,34,0,toad lily,alpine sea holly
4456,78,56,0,toad lily,gaura
4457,78,34,0,toad lily,alpine sea holly
4458,78,34,0,toad lily,alpine sea holly
4459,78,76,0,toad lily,passion flower
4460,78,34,0,toad lily,alpine sea holly
4461,78,56,0,toad lily,gaura
4462,78,56,0,toad lily,gaura
4463,78,78,1,toad lily,toad lily
4464,78,51,0,toad lily,wild pansy
4465,78,34,0,toad lily,alpine sea holly
4466,78,34,0,toad lily,alpine sea holly
4467,78,34,0,toad lily,alpine sea holly
4468,78,78,1,toad lily,toad lily
4469,78,37,0,toad lily,great masterwort
4470,79,100,0,anthurium,trumpet creeper
4471,79,30,0,anthurium,carnation
4472,79,73,0,anthurium,rose
4473,79,7,0,anthurium,bird of paradise
4474,79,84,0,anthurium,desert-rose
4475,79,98,0,anthurium,bromelia
4476,79,100,0,anthurium,trumpet creeper
4477,79,100,0,anthurium,trumpet creeper
4478,79,100,0,anthurium,trumpet creeper
4479,79,96,0,anthurium,mallow
4480,79,45,0,anthurium,wallflower
4481,79,43,0,anthurium,poinsettia
4482,79,73,0,anthurium,rose
4483,79,100,0,anthurium,trumpet creeper
4484,79,72,0,anthurium,water lily
4485,79,25,0,anthurium,corn poppy
4486,79,25,0,anthurium,corn poppy
4487,79,20,0,anthurium,fire lily
4488,79,57,0,anthurium,geranium
4489,79,90,0,anthurium,hippeastrum
4490,79,25,0,anthurium,corn poppy
4491,79,91,0,anthurium,bee balm
4492,79,84,0,anthurium,desert-rose
4493,79,84,0,anthurium,desert-rose
4494,79,100,0,anthurium,trumpet creeper
4495,79,84,0,anthurium,desert-rose
4496,79,73,0,anthurium,rose
4497,79,39,0,anthurium,lenten rose
4498,79,73,0,anthurium,rose
4499,79,98,0,anthurium,bromelia
4500,79,73,0,anthurium,rose
4501,79,30,0,anthurium,carnation
4502,79,84,0,anthurium,desert-rose
4503,79,73,0,anthurium,rose
4504,79,57,0,anthurium,geranium
4505,79,73,0,anthurium,rose
4506,79,98,0,anthurium,bromelia
4507,79,90,0,anthurium,hippeastrum
4508,79,45,0,anthurium,wallflower
4509,79,7,0,anthurium,bird of paradise
4510,79,57,0,anthurium,geranium
4511,79,57,0,anthurium,geranium
4512,79,73,0,anthurium,rose
4513,79,57,0,anthurium,geranium
4514,79,7,0,anthurium,bird of paradise
4515,79,43,0,anthurium,poinsettia
4516,79,73,0,anthurium,rose
4517,79,57,0,anthurium,geranium
4518,79,82,0,anthurium,hibiscus
4519,79,42,0,anthurium,sword lily
4520,79,73,0,anthurium,rose
4521,79,17,0,anthurium,peruvian lily
4522,79,72,0,anthurium,water lily
4523,79,43,0,anthurium,poinsettia
4524,79,57,0,anthurium,geranium
4525,79,73,0,anthurium,rose
4526,79,57,0,anthurium,geranium
4527,79,73,0,anthurium,rose
4528,79,30,0,anthurium,carnation
4529,79,30,0,anthurium,carnation
4530,79,6,0,anthurium,moon orchid
4531,79,72,0,anthurium,water lily
4532,79,73,0,anthurium,rose
4533,79,98,0,anthurium,bromelia
4534,79,30,0,anthurium,carnation
4535,79,22,0,anthurium,fritillary
4536,79,73,0,anthurium,rose
4537,79,73,0,anthurium,rose
4538,79,98,0,anthurium,bromelia
4539,79,57,0,anthurium,geranium
4540,79,23,0,anthurium,red ginger
4541,79,73,0,anthurium,rose
4542,79,73,0,anthurium,rose
4543,79,42,0,anthurium,sword lily
4544,79,76,0,anthurium,passion flower
4545,79,57,0,anthurium,geranium
4546,79,57,0,anthurium,geranium
4547,79,57,0,anthurium,geranium
4548,79,73,0,anthurium,rose
4549,79,57,0,anthurium,geranium
4550,79,20,0,anthurium,fire lily
4551,79,20,0,anthurium,fire lily
4552,79,23,0,anthurium,red ginger
4553,79,57,0,anthurium,geranium
4554,79,86,0,anthurium,magnolia
4555,80,7,0,frangipani,bird of paradise
4556,80,53,0,frangipani,sunflower
4557,80,11,0,frangipani,colt's foot
4558,80,48,0,frangipani,oxeye daisy
4559,80,52,0,frangipani,primula
4560,80,52,0,frangipani,primula
4561,80,7,0,frangipani,bird of paradise
4562,80,46,0,frangipani,marigold
4563,80,72,0,frangipani,water lily
4564,80,80,1,frangipani,frangipani
4565,80,46,0,frangipani,marigold
4566,80,46,0,frangipani,marigold
4567,80,52,0,frangipani,primula
4568,80,67,0,frangipani,bearded iris
4569,80,14,0,frangipani,yellow iris
4570,80,80,1,frangipani,frangipani
4571,80,80,1,frangipani,frangipani
4572,80,7,0,frangipani,bird of paradise
4573,80,41,0,frangipani,daffodil
4574,80,41,0,frangipani,daffodil
4575,80,41,0,frangipani,daffodil
4576,80,46,0,frangipani,marigold
4577,80,51,0,frangipani,wild pansy
4578,80,14,0,frangipani,yellow iris
4579,80,67,0,frangipani,bearded iris
4580,80,52,0,frangipani,primula
4581,80,52,0,frangipani,primula
4582,80,80,1,frangipani,frangipani
4583,80,14,0,frangipani,yellow iris
4584,80,41,0,frangipani,daffodil
4585,80,46,0,frangipani,marigold
4586,80,14,0,frangipani,yellow iris
4587,80,46,0,frangipani,marigold
4588,80,46,0,frangipani,marigold
4589,80,7,0,frangipani,bird of paradise
4590,80,72,0,frangipani,water lily
4591,80,7,0,frangipani,bird of paradise
4592,80,11,0,frangipani,colt's foot
4593,80,52,0,frangipani,primula
4594,80,60,0,frangipani,cautleya spicata
4595,80,46,0,frangipani,marigold
4596,80,34,0,frangipani,alpine sea holly
4597,80,72,0,frangipani,water lily
4598,80,46,0,frangipani,marigold
4599,80,11,0,frangipani,colt's foot
4600,80,41,0,frangipani,daffodil
4601,80,46,0,frangipani,marigold
4602,80,11,0,frangipani,colt's foot
4603,80,41,0,frangipani,daffodil
4604,80,80,1,frangipani,frangipani
4605,80,46,0,frangipani,marigold
4606,80,72,0,frangipani,water lily
4607,80,7,0,frangipani,bird of paradise
4608,80,7,0,frangipani,bird of paradise
4609,80,48,0,frangipani,oxeye daisy
4610,80,80,1,frangipani,frangipani
4611,80,14,0,frangipani,yellow iris
4612,80,76,0,frangipani,passion flower
4613,80,41,0,frangipani,daffodil
4614,80,46,0,frangipani,marigold
4615,80,34,0,frangipani,alpine sea holly
4616,80,46,0,frangipani,marigold
4617,80,7,0,frangipani,bird of paradise
4618,80,48,0,frangipani,oxeye daisy
4619,80,48,0,frangipani,oxeye daisy
4620,80,14,0,frangipani,yellow iris
4621,80,41,0,frangipani,daffodil
4622,80,72,0,frangipani,water lily
4623,80,14,0,frangipani,yellow iris
4624,80,78,0,frangipani,toad lily
4625,80,52,0,frangipani,primula
4626,80,41,0,frangipani,daffodil
4627,80,34,0,frangipani,alpine sea holly
4628,80,41,0,frangipani,daffodil
4629,80,41,0,frangipani,daffodil
4630,80,13,0,frangipani,spear thistle
4631,80,48,0,frangipani,oxeye daisy
4632,80,34,0,frangipani,alpine sea holly
4633,80,52,0,frangipani,primula
4634,80,52,0,frangipani,primula
4635,80,7,0,frangipani,bird of paradise
4636,80,11,0,frangipani,colt's foot
4637,80,52,0,frangipani,primula
4638,80,80,1,frangipani,frangipani
4639,80,80,1,frangipani,frangipani
4640,80,48,0,frangipani,oxeye daisy
4641,80,52,0,frangipani,primula
4642,80,51,0,frangipani,wild pansy
4643,80,48,0,frangipani,oxeye daisy
4644,80,14,0,frangipani,yellow iris
4645,80,80,1,frangipani,frangipani
4646,80,78,0,frangipani,toad lily
4647,80,80,1,frangipani,frangipani
4648,80,7,0,frangipani,bird of paradise
4649,80,52,0,frangipani,primula
4650,80,52,0,frangipani,primula
4651,80,11,0,frangipani,colt's foot
4652,80,64,0,frangipani,californian poppy
4653,80,41,0,frangipani,daffodil
4654,80,41,0,frangipani,daffodil
4655,80,52,0,frangipani,primula
4656,80,69,0,frangipani,tree poppy
4657,80,41,0,frangipani,daffodil
4658,80,74,0,frangipani,thorn apple
4659,80,41,0,frangipani,daffodil
4660,80,7,0,frangipani,bird of paradise
4661,80,48,0,frangipani,oxeye daisy
4662,80,80,1,frangipani,frangipani
4663,80,11,0,frangipani,colt's foot
4664,80,46,0,frangipani,marigold
4665,80,27,0,frangipani,stemless gentian
4666,80,80,1,frangipani,frangipani
4667,80,51,0,frangipani,wild pansy
4668,80,51,0,frangipani,wild pansy
4669,80,48,0,frangipani,oxeye daisy
4670,80,80,1,frangipani,frangipani
4671,80,53,0,frangipani,sunflower
4672,80,52,0,frangipani,primula
4673,80,41,0,frangipani,daffodil
4674,80,46,0,frangipani,marigold
4675,80,7,0,frangipani,bird of paradise
4676,80,7,0,frangipani,bird of paradise
4677,80,47,0,frangipani,buttercup
4678,80,80,1,frangipani,frangipani
4679,80,7,0,frangipani,bird of paradise
4680,80,80,1,frangipani,frangipani
4681,80,80,1,frangipani,frangipani
4682,80,80,1,frangipani,frangipani
4683,80,80,1,frangipani,frangipani
4684,80,76,0,frangipani,passion flower
4685,80,80,1,frangipani,frangipani
4686,80,78,0,frangipani,toad lily
4687,80,48,0,frangipani,oxeye daisy
4688,80,41,0,frangipani,daffodil
4689,80,76,0,frangipani,passion flower
4690,80,51,0,frangipani,wild pansy
4691,80,41,0,frangipani,daffodil
4692,80,72,0,frangipani,water lily
4693,80,46,0,frangipani,marigold
4694,80,52,0,frangipani,primula
4695,80,41,0,frangipani,daffodil
4696,80,48,0,frangipani,oxeye daisy
4697,80,52,0,frangipani,primula
4698,80,80,1,frangipani,frangipani
4699,80,80,1,frangipani,frangipani
4700,80,70,0,frangipani,gazania
4701,81,56,0,clematis,gaura
4702,81,93,0,clematis,foxglove
4703,81,93,0,clematis,foxglove
4704,81,93,0,clematis,foxglove
4705,81,93,0,clematis,foxglove
4706,81,86,0,clematis,magnolia
4707,81,61,0,clematis,japanese anemone
4708,81,34,0,clematis,alpine sea holly
4709,81,27,0,clematis,stemless gentian
4710,81,24,0,clematis,grape hyacinth
4711,81,93,0,clematis,foxglove
4712,81,74,0,clematis,thorn apple
4713,81,34,0,clematis,alpine sea holly
4714,81,93,0,clematis,foxglove
4715,81,27,0,clematis,stemless gentian
4716,81,36,0,clematis,cape flower
4717,81,72,0,clematis,water lily
4718,81,78,0,clematis,toad lily
4719,81,34,0,clematis,alpine sea holly
4720,81,24,0,clematis,grape hyacinth
4721,81,87,0,clematis,cyclamen
4722,81,34,0,clematis,alpine sea holly
4723,81,93,0,clematis,foxglove
4724,81,97,0,clematis,mexican petunia
4725,81,93,0,clematis,foxglove
4726,81,27,0,clematis,stemless gentian
4727,81,34,0,clematis,alpine sea holly
4728,81,34,0,clematis,alpine sea holly
4729,81,37,0,clematis,great masterwort
4730,81,18,0,clematis,balloon flower
4731,81,3,0,clematis,sweet pea
4732,81,61,0,clematis,japanese anemone
4733,81,36,0,clematis,cape flower
4734,81,93,0,clematis,foxglove
4735,81,34,0,clematis,alpine sea holly
4736,81,22,0,clematis,fritillary
4737,81,76,0,clematis,passion flower
4738,81,61,0,clematis,japanese anemone
4739,81,24,0,clematis,grape hyacinth
4740,81,35,0,clematis,ruby-lipped cattleya
4741,81,16,0,clematis,purple coneflower
4742,81,8,0,clematis,monkshood
4743,81,76,0,clematis,passion flower
4744,81,91,0,clematis,bee balm
4745,81,93,0,clematis,foxglove
4746,81,35,0,clematis,ruby-lipped cattleya
4747,81,85,0,clematis,tree mallow
4748,81,93,0,clematis,foxglove
4749,81,36,0,clematis,cape flower
4750,81,34,0,clematis,alpine sea holly
4751,81,75,0,clematis,morning glory
4752,81,97,0,clematis,mexican petunia
4753,81,74,0,clematis,thorn apple
4754,81,97,0,clematis,mexican petunia
4755,81,34,0,clematis,alpine sea holly
4756,81,36,0,clematis,cape flower
4757,81,86,0,clematis,magnolia
4758,81,81,1,clematis,clematis
4759,81,34,0,clematis,alpine sea holly
4760,81,74,0,clematis,thorn apple
4761,81,34,0,clematis,alpine sea holly
4762,81,9,0,clematis,globe thistle
4763,81,34,0,clematis,alpine sea holly
4764,81,13,0,clematis,spear thistle
4765,81,9,0,clematis,globe thistle
4766,81,97,0,clematis,mexican petunia
4767,81,3,0,clematis,sweet pea
4768,81,18,0,clematis,balloon flower
4769,81,30,0,clematis,carnation
4770,81,94,0,clematis,bougainvillea
4771,81,34,0,clematis,alpine sea holly
4772,81,18,0,clematis,balloon flower
4773,81,22,0,clematis,fritillary
4774,81,24,0,clematis,grape hyacinth
4775,81,22,0,clematis,fritillary
4776,81,27,0,clematis,stemless gentian
4777,81,51,0,clematis,wild pansy
4778,81,8,0,clematis,monkshood
4779,81,61,0,clematis,japanese anemone
4780,81,74,0,clematis,thorn apple
4781,81,34,0,clematis,alpine sea holly
4782,81,91,0,clematis,bee balm
4783,81,27,0,clematis,stemless gentian
4784,81,34,0,clematis,alpine sea holly
4785,81,85,0,clematis,tree mallow
4786,81,92,0,clematis,ball moss
4787,81,18,0,clematis,balloon flower
4788,81,86,0,clematis,magnolia
4789,81,18,0,clematis,balloon flower
4790,81,31,0,clematis,garden phlox
4791,81,100,0,clematis,trumpet creeper
4792,81,61,0,clematis,japanese anemone
4793,82,95,0,hibiscus,camellia
4794,82,96,0,hibiscus,mallow
4795,82,99,0,hibiscus,blanket flower
4796,82,57,0,hibiscus,geranium
4797,82,47,0,hibiscus,buttercup
4798,82,43,0,hibiscus,poinsettia
4799,82,45,0,hibiscus,wallflower
4800,82,98,0,hibiscus,bromelia
4801,82,99,0,hibiscus,blanket flower
4802,82,85,0,hibiscus,tree mallow
4803,82,50,0,hibiscus,petunia
4804,82,47,0,hibiscus,buttercup
4805,82,101,0,hibiscus,blackberry lily
4806,82,46,0,hibiscus,marigold
4807,82,46,0,hibiscus,marigold
4808,82,23,0,hibiscus,red ginger
4809,82,57,0,hibiscus,geranium
4810,82,57,0,hibiscus,geranium
4811,82,11,0,hibiscus,colt's foot
4812,82,46,0,hibiscus,marigold
4813,82,87,0,hibiscus,cyclamen
4814,82,45,0,hibiscus,wallflower
4815,82,61,0,hibiscus,japanese anemone
4816,82,78,0,hibiscus,toad lily
4817,82,25,0,hibiscus,corn poppy
4818,82,57,0,hibiscus,geranium
4819,82,11,0,hibiscus,colt's foot
4820,82,57,0,hibiscus,geranium
4821,82,35,0,hibiscus,ruby-lipped cattleya
4822,82,80,0,hibiscus,frangipani
4823,82,93,0,hibiscus,foxglove
4824,82,47,0,hibiscus,buttercup
4825,82,93,0,hibiscus,foxglove
4826,82,46,0,hibiscus,marigold
4827,82,36,0,hibiscus,cape flower
4828,82,69,0,hibiscus,tree poppy
4829,82,64,0,hibiscus,californian poppy
4830,82,67,0,hibiscus,bearded iris
4831,82,46,0,hibiscus,marigold
4832,82,101,0,hibiscus,blackberry lily
4833,82,57,0,hibiscus,geranium
4834,82,57,0,hibiscus,geranium
4835,82,88,0,hibiscus,watercress
4836,82,74,0,hibiscus,thorn apple
4837,82,100,0,hibiscus,trumpet creeper
4838,82,30,0,hibiscus,carnation
4839,82,89,0,hibiscus,canna lily
4840,82,46,0,hibiscus,marigold
4841,82,80,0,hibiscus,frangipani
4842,82,25,0,hibiscus,corn poppy
4843,82,47,0,hibiscus,buttercup
4844,82,87,0,hibiscus,cyclamen
4845,82,57,0,hibiscus,geranium
4846,82,11,0,hibiscus,colt's foot
4847,82,34,0,hibiscus,alpine sea holly
4848,82,7,0,hibiscus,bird of paradise
4849,82,73,0,hibiscus,rose
4850,82,46,0,hibiscus,marigold
4851,82,25,0,hibiscus,corn poppy
4852,82,84,0,hibiscus,desert-rose
4853,82,73,0,hibiscus,rose
4854,82,57,0,hibiscus,geranium
4855,82,61,0,hibiscus,japanese anemone
4856,82,42,0,hibiscus,sword lily
4857,82,84,0,hibiscus,desert-rose
4858,82,84,0,hibiscus,desert-rose
4859,82,7,0,hibiscus,bird of paradise
4860,82,84,0,hibiscus,desert-rose
4861,82,61,0,hibiscus,japanese anemone
4862,82,25,0,hibiscus,corn poppy
4863,82,96,0,hibiscus,mallow
4864,82,19,0,hibiscus,giant white arum lily
4865,82,61,0,hibiscus,japanese anemone
4866,82,30,0,hibiscus,carnation
4867,82,86,0,hibiscus,magnolia
4868,82,57,0,hibiscus,geranium
4869,82,73,0,hibiscus,rose
4870,82,45,0,hibiscus,wallflower
4871,82,23,0,hibiscus,red ginger
4872,82,46,0,hibiscus,marigold
4873,82,95,0,hibiscus,camellia
4874,82,84,0,hibiscus,desert-rose
4875,82,30,0,hibiscus,carnation
4876,82,80,0,hibiscus,frangipani
4877,82,77,0,hibiscus,lotus
4878,82,22,0,hibiscus,fritillary
4879,82,98,0,hibiscus,bromelia
4880,82,45,0,hibiscus,wallflower
4881,82,57,0,hibiscus,geranium
4882,82,43,0,hibiscus,poinsettia
4883,82,101,0,hibiscus,blackberry lily
4884,82,84,0,hibiscus,desert-rose
4885,82,46,0,hibiscus,marigold
4886,82,43,0,hibiscus,poinsettia
4887,82,17,0,hibiscus,peruvian lily
4888,82,59,0,hibiscus,pink-yellow dahlia?
4889,82,14,0,hibiscus,yellow iris
4890,82,45,0,hibiscus,wallflower
4891,82,86,0,hibiscus,magnolia
4892,82,99,0,hibiscus,blanket flower
4893,82,17,0,hibiscus,peruvian lily
4894,82,99,0,hibiscus,blanket flower
4895,82,91,0,hibiscus,bee balm
4896,82,59,0,hibiscus,pink-yellow dahlia?
4897,82,33,0,hibiscus,mexican aster
4898,82,48,0,hibiscus,oxeye daisy
4899,82,84,0,hibiscus,desert-rose
4900,82,84,0,hibiscus,desert-rose
4901,82,30,0,hibiscus,carnation
4902,82,84,0,hibiscus,desert-rose
4903,82,82,1,hibiscus,hibiscus
4904,83,36,0,columbine,cape flower
4905,83,7,0,columbine,bird of paradise
4906,83,76,0,columbine,passion flower
4907,83,80,0,columbine,frangipani
4908,83,20,0,columbine,fire lily
4909,83,6,0,columbine,moon orchid
4910,83,20,0,columbine,fire lily
4911,83,56,0,columbine,gaura
4912,83,78,0,columbine,toad lily
4913,83,80,0,columbine,frangipani
4914,83,34,0,columbine,alpine sea holly
4915,83,84,0,columbine,desert-rose
4916,83,47,0,columbine,buttercup
4917,83,36,0,columbine,cape flower
4918,83,7,0,columbine,bird of paradise
4919,83,86,0,columbine,magnolia
4920,83,36,0,columbine,cape flower
4921,83,61,0,columbine,japanese anemone
4922,83,24,0,columbine,grape hyacinth
4923,83,93,0,columbine,foxglove
4924,83,33,0,columbine,mexican aster
4925,83,78,0,columbine,toad lily
4926,83,76,0,columbine,passion flower
4927,83,56,0,columbine,gaura
4928,83,86,0,columbine,magnolia
4929,83,48,0,columbine,oxeye daisy
4930,83,48,0,columbine,oxeye daisy
4931,83,36,0,columbine,cape flower
4932,83,48,0,columbine,oxeye daisy
4933,83,20,0,columbine,fire lily
4934,83,56,0,columbine,gaura
4935,83,7,0,columbine,bird of paradise
4936,83,51,0,columbine,wild pansy
4937,83,17,0,columbine,peruvian lily
4938,83,7,0,columbine,bird of paradise
4939,83,73,0,columbine,rose
4940,83,84,0,columbine,desert-rose
4941,83,76,0,columbine,passion flower
4942,83,86,0,columbine,magnolia
4943,83,59,0,columbine,pink-yellow dahlia?
4944,83,76,0,columbine,passion flower
4945,83,34,0,columbine,alpine sea holly
4946,83,47,0,columbine,buttercup
4947,83,56,0,columbine,gaura
4948,83,86,0,columbine,magnolia
4949,83,72,0,columbine,water lily
4950,83,56,0,columbine,gaura
4951,83,7,0,columbine,bird of paradise
4952,83,46,0,columbine,marigold
4953,83,72,0,columbine,water lily
4954,83,78,0,columbine,toad lily
4955,83,41,0,columbine,daffodil
4956,83,74,0,columbine,thorn apple
4957,83,6,0,columbine,moon orchid
4958,83,68,0,columbine,windflower
4959,83,76,0,columbine,passion flower
4960,83,41,0,columbine,daffodil
4961,83,72,0,columbine,water lily
4962,83,64,0,columbine,californian poppy
4963,83,86,0,columbine,magnolia
4964,83,96,0,columbine,mallow
4965,83,73,0,columbine,rose
4966,83,78,0,columbine,toad lily
4967,83,72,0,columbine,water lily
4968,83,72,0,columbine,water lily
4969,83,48,0,columbine,oxeye daisy
4970,84,72,0,desert-rose,water lily
4971,84,100,0,desert-rose,trumpet creeper
4972,84,84,1,desert-rose,desert-rose
4973,84,84,1,desert-rose,desert-rose
4974,84,72,0,desert-rose,water lily
4975,84,84,1,desert-rose,desert-rose
4976,84,36,0,desert-rose,cape flower
4977,84,29,0,desert-rose,sweet william
4978,84,93,0,desert-rose,foxglove
4979,84,82,0,desert-rose,hibiscus
4980,84,82,0,desert-rose,hibiscus
4981,84,84,1,desert-rose,desert-rose
4982,84,34,0,desert-rose,alpine sea holly
4983,84,91,0,desert-rose,bee balm
4984,84,17,0,desert-rose,peruvian lily
4985,84,33,0,desert-rose,mexican aster
4986,84,87,0,desert-rose,cyclamen
4987,84,84,1,desert-rose,desert-rose
4988,84,84,1,desert-rose,desert-rose
4989,84,84,1,desert-rose,desert-rose
4990,84,72,0,desert-rose,water lily
4991,84,84,1,desert-rose,desert-rose
4992,84,84,1,desert-rose,desert-rose
4993,84,73,0,desert-rose,rose
4994,84,61,0,desert-rose,japanese anemone
4995,84,90,0,desert-rose,hippeastrum
4996,84,84,1,desert-rose,desert-rose
4997,84,92,0,desert-rose,ball moss
4998,84,84,1,desert-rose,desert-rose
4999,84,84,1,desert-rose,desert-rose
5000,84,43,0,desert-rose,poinsettia
5001,84,87,0,desert-rose,cyclamen
5002,84,30,0,desert-rose,carnation
5003,84,35,0,desert-rose,ruby-lipped cattleya
5004,84,43,0,desert-rose,poinsettia
5005,84,43,0,desert-rose,poinsettia
5006,84,0,0,desert-rose,pink primrose
5007,84,90,0,desert-rose,hippeastrum
5008,84,84,1,desert-rose,desert-rose
5009,84,43,0,desert-rose,poinsettia
5010,84,33,0,desert-rose,mexican aster
5011,84,87,0,desert-rose,cyclamen
5012,84,90,0,desert-rose,hippeastrum
5013,85,17,0,tree mallow,peruvian lily
5014,85,31,0,tree mallow,garden phlox
5015,85,29,0,tree mallow,sweet william
5016,85,84,0,tree mallow,desert-rose
5017,85,94,0,tree mallow,bougainvillea
5018,85,16,0,tree mallow,purple coneflower
5019,85,84,0,tree mallow,desert-rose
5020,85,85,1,tree mallow,tree mallow
5021,85,85,1,tree mallow,tree mallow
5022,85,92,0,tree mallow,ball moss
5023,85,36,0,tree mallow,cape flower
5024,85,90,0,tree mallow,hippeastrum
5025,85,85,1,tree mallow,tree mallow
5026,85,35,0,tree mallow,ruby-lipped cattleya
5027,85,93,0,tree mallow,foxglove
5028,85,97,0,tree mallow,mexican petunia
5029,85,17,0,tree mallow,peruvian lily
5030,85,85,1,tree mallow,tree mallow
5031,85,71,0,tree mallow,azalea
5032,85,75,0,tree mallow,morning glory
5033,85,30,0,tree mallow,carnation
5034,85,31,0,tree mallow,garden phlox
5035,85,85,1,tree mallow,tree mallow
5036,85,74,0,tree mallow,thorn apple
5037,85,84,0,tree mallow,desert-rose
5038,85,18,0,tree mallow,balloon flower
5039,85,85,1,tree mallow,tree mallow
5040,85,29,0,tree mallow,sweet william
5041,85,85,1,tree mallow,tree mallow
5042,85,85,1,tree mallow,tree mallow
5043,85,38,0,tree mallow,siam tulip
5044,85,84,0,tree mallow,desert-rose
5045,85,71,0,tree mallow,azalea
5046,85,85,1,tree mallow,tree mallow
5047,85,30,0,tree mallow,carnation
5048,85,85,1,tree mallow,tree mallow
5049,85,43,0,tree mallow,poinsettia
5050,85,85,1,tree mallow,tree mallow
5051,86,96,0,magnolia,mallow
5052,86,14,0,magnolia,yellow iris
5053,86,22,0,magnolia,fritillary
5054,86,35,0,magnolia,ruby-lipped cattleya
5055,86,36,0,magnolia,cape flower
5056,86,19,0,magnolia,giant white arum lily
5057,86,39,0,magnolia,lenten rose
5058,86,94,0,magnolia,bougainvillea
5059,86,14,0,magnolia,yellow iris
5060,86,84,0,magnolia,desert-rose
5061,86,86,1,magnolia,magnolia
5062,86,86,1,magnolia,magnolia
5063,86,35,0,magnolia,ruby-lipped cattleya
5064,86,84,0,magnolia,desert-rose
5065,86,34,0,magnolia,alpine sea holly
5066,86,76,0,magnolia,passion flower
5067,86,36,0,magnolia,cape flower
5068,86,11,0,magnolia,colt's foot
5069,86,76,0,magnolia,passion flower
5070,86,86,1,magnolia,magnolia
5071,86,76,0,magnolia,passion flower
5072,86,86,1,magnolia,magnolia
5073,86,86,1,magnolia,magnolia
5074,86,11,0,magnolia,colt's foot
5075,86,35,0,magnolia,ruby-lipped cattleya
5076,86,86,1,magnolia,magnolia
5077,86,22,0,magnolia,fritillary
5078,86,39,0,magnolia,lenten rose
5079,86,68,0,magnolia,windflower
5080,86,13,0,magnolia,spear thistle
5081,86,96,0,magnolia,mallow
5082,86,86,1,magnolia,magnolia
5083,86,86,1,magnolia,magnolia
5084,86,86,1,magnolia,magnolia
5085,86,84,0,magnolia,desert-rose
5086,86,78,0,magnolia,toad lily
5087,86,19,0,magnolia,giant white arum lily
5088,86,34,0,magnolia,alpine sea holly
5089,86,86,1,magnolia,magnolia
5090,86,47,0,magnolia,buttercup
5091,86,99,0,magnolia,blanket flower
5092,86,68,0,magnolia,windflower
5093,86,96,0,magnolia,mallow
5094,87,30,0,cyclamen,carnation
5095,87,36,0,cyclamen,cape flower
5096,87,93,0,cyclamen,foxglove
5097,87,35,0,cyclamen,ruby-lipped cattleya
5098,87,35,0,cyclamen,ruby-lipped cattleya
5099,87,6,0,cyclamen,moon orchid
5100,87,93,0,cyclamen,foxglove
5101,87,87,1,cyclamen,cyclamen
5102,87,19,0,cyclamen,giant white arum lily
5103,87,25,0,cyclamen,corn poppy
5104,87,19,0,cyclamen,giant white arum lily
5105,87,1,0,cyclamen,hard-leaved pocket orchid
5106,87,93,0,cyclamen,foxglove
5107,87,90,0,cyclamen,hippeastrum
5108,87,2,0,cyclamen,canterbury bells
5109,87,35,0,cyclamen,ruby-lipped cattleya
5110,87,30,0,cyclamen,carnation
5111,87,25,0,cyclamen,corn poppy
5112,87,43,0,cyclamen,poinsettia
5113,87,35,0,cyclamen,ruby-lipped cattleya
5114,87,13,0,cyclamen,spear thistle
5115,87,8,0,cyclamen,monkshood
5116,87,34,0,cyclamen,alpine sea holly
5117,87,93,0,cyclamen,foxglove
5118,87,87,1,cyclamen,cyclamen
5119,87,35,0,cyclamen,ruby-lipped cattleya
5120,87,38,0,cyclamen,siam tulip
5121,87,31,0,cyclamen,garden phlox
5122,87,29,0,cyclamen,sweet william
5123,87,84,0,cyclamen,desert-rose
5124,87,91,0,cyclamen,bee balm
5125,87,13,0,cyclamen,spear thistle
5126,87,35,0,cyclamen,ruby-lipped cattleya
5127,87,35,0,cyclamen,ruby-lipped cattleya
5128,87,87,1,cyclamen,cyclamen
5129,87,93,0,cyclamen,foxglove
5130,87,35,0,cyclamen,ruby-lipped cattleya
5131,87,0,0,cyclamen,pink primrose
5132,87,13,0,cyclamen,spear thistle
5133,87,87,1,cyclamen,cyclamen
5134,87,84,0,cyclamen,desert-rose
5135,87,32,0,cyclamen,love in the mist
5136,87,8,0,cyclamen,monkshood
5137,87,84,0,cyclamen,desert-rose
5138,87,93,0,cyclamen,foxglove
5139,87,73,0,cyclamen,rose
5140,87,8,0,cyclamen,monkshood
5141,87,87,1,cyclamen,cyclamen
5142,87,19,0,cyclamen,giant white arum lily
5143,87,86,0,cyclamen,magnolia
5144,87,35,0,cyclamen,ruby-lipped cattleya
5145,87,87,1,cyclamen,cyclamen
5146,87,29,0,cyclamen,sweet william
5147,87,25,0,cyclamen,corn poppy
5148,87,73,0,cyclamen,rose
5149,87,97,0,cyclamen,mexican petunia
5150,87,19,0,cyclamen,giant white arum lily
5151,87,35,0,cyclamen,ruby-lipped cattleya
5152,87,31,0,cyclamen,garden phlox
5153,87,71,0,cyclamen,azalea
5154,87,36,0,cyclamen,cape flower
5155,87,13,0,cyclamen,spear thistle
5156,87,74,0,cyclamen,thorn apple
5157,87,24,0,cyclamen,grape hyacinth
5158,87,2,0,cyclamen,canterbury bells
5159,87,33,0,cyclamen,mexican aster
5160,87,35,0,cyclamen,ruby-lipped cattleya
5161,87,90,0,cyclamen,hippeastrum
5162,87,38,0,cyclamen,siam tulip
5163,87,91,0,cyclamen,bee balm
5164,87,86,0,cyclamen,magnolia
5165,87,87,1,cyclamen,cyclamen
5166,87,71,0,cyclamen,azalea
5167,87,25,0,cyclamen,corn poppy
5168,87,21,0,cyclamen,pincushion flower
5169,87,35,0,cyclamen,ruby-lipped cattleya
5170,87,25,0,cyclamen,corn poppy
5171,87,35,0,cyclamen,ruby-lipped cattleya
5172,87,73,0,cyclamen,rose
5173,87,35,0,cyclamen,ruby-lipped cattleya
5174,87,34,0,cyclamen,alpine sea holly
5175,87,17,0,cyclamen,peruvian lily
5176,87,6,0,cyclamen,moon orchid
5177,87,35,0,cyclamen,ruby-lipped cattleya
5178,87,87,1,cyclamen,cyclamen
5179,87,73,0,cyclamen,rose
5180,87,31,0,cyclamen,garden phlox
5181,87,34,0,cyclamen,alpine sea holly
5182,87,35,0,cyclamen,ruby-lipped cattleya
5183,87,87,1,cyclamen,cyclamen
5184,87,86,0,cyclamen,magnolia
5185,87,87,1,cyclamen,cyclamen
5186,87,94,0,cyclamen,bougainvillea
5187,87,93,0,cyclamen,foxglove
5188,87,96,0,cyclamen,mallow
5189,87,35,0,cyclamen,ruby-lipped cattleya
5190,87,34,0,cyclamen,alpine sea holly
5191,87,2,0,cyclamen,canterbury bells
5192,87,6,0,cyclamen,moon orchid
5193,87,84,0,cyclamen,desert-rose
5194,87,3,0,cyclamen,sweet pea
5195,87,34,0,cyclamen,alpine sea holly
5196,87,87,1,cyclamen,cyclamen
5197,87,87,1,cyclamen,cyclamen
5198,87,35,0,cyclamen,ruby-lipped cattleya
5199,87,29,0,cyclamen,sweet william
5200,87,36,0,cyclamen,cape flower
5201,87,86,0,cyclamen,magnolia
5202,87,87,1,cyclamen,cyclamen
5203,87,87,1,cyclamen,cyclamen
5204,87,76,0,cyclamen,passion flower
5205,87,38,0,cyclamen,siam tulip
5206,87,13,0,cyclamen,spear thistle
5207,87,56,0,cyclamen,gaura
5208,87,29,0,cyclamen,sweet william
5209,87,76,0,cyclamen,passion flower
5210,87,92,0,cyclamen,ball moss
5211,87,87,1,cyclamen,cyclamen
5212,87,87,1,cyclamen,cyclamen
5213,87,35,0,cyclamen,ruby-lipped cattleya
5214,87,6,0,cyclamen,moon orchid
5215,87,35,0,cyclamen,ruby-lipped cattleya
5216,87,86,0,cyclamen,magnolia
5217,87,74,0,cyclamen,thorn apple
5218,87,87,1,cyclamen,cyclamen
5219,87,84,0,cyclamen,desert-rose
5220,87,87,1,cyclamen,cyclamen
5221,87,87,1,cyclamen,cyclamen
5222,87,25,0,cyclamen,corn poppy
5223,87,75,0,cyclamen,morning glory
5224,87,35,0,cyclamen,ruby-lipped cattleya
5225,87,19,0,cyclamen,giant white arum lily
5226,87,19,0,cyclamen,giant white arum lily
5227,87,19,0,cyclamen,giant white arum lily
5228,88,46,0,watercress,marigold
5229,88,82,0,watercress,hibiscus
5230,88,46,0,watercress,marigold
5231,88,11,0,watercress,colt's foot
5232,88,42,0,watercress,sword lily
5233,88,48,0,watercress,oxeye daisy
5234,88,46,0,watercress,marigold
5235,88,11,0,watercress,colt's foot
5236,88,25,0,watercress,corn poppy
5237,88,70,0,watercress,gazania
5238,88,99,0,watercress,blanket flower
5239,88,46,0,watercress,marigold
5240,88,73,0,watercress,rose
5241,88,70,0,watercress,gazania
5242,88,73,0,watercress,rose
5243,88,46,0,watercress,marigold
5244,88,70,0,watercress,gazania
5245,88,47,0,watercress,buttercup
5246,88,46,0,watercress,marigold
5247,88,11,0,watercress,colt's foot
5248,88,45,0,watercress,wallflower
5249,88,45,0,watercress,wallflower
5250,88,53,0,watercress,sunflower
5251,88,46,0,watercress,marigold
5252,88,53,0,watercress,sunflower
5253,88,7,0,watercress,bird of paradise
5254,88,70,0,watercress,gazania
5255,88,53,0,watercress,sunflower
5256,88,70,0,watercress,gazania
5257,88,45,0,watercress,wallflower
5258,88,45,0,watercress,wallflower
5259,88,46,0,watercress,marigold
5260,88,88,1,watercress,watercress
5261,88,46,0,watercress,marigold
5262,88,41,0,watercress,daffodil
5263,88,47,0,watercress,buttercup
5264,88,70,0,watercress,gazania
5265,88,88,1,watercress,watercress
5266,88,46,0,watercress,marigold
5267,88,45,0,watercress,wallflower
5268,88,11,0,watercress,colt's foot
5269,88,70,0,watercress,gazania
5270,88,46,0,watercress,marigold
5271,88,46,0,watercress,marigold
5272,88,47,0,watercress,buttercup
5273,88,42,0,watercress,sword lily
5274,88,58,0,watercress,orange dahlia
5275,88,70,0,watercress,gazania
5276,88,99,0,watercress,blanket flower
5277,88,41,0,watercress,daffodil
5278,88,7,0,watercress,bird of paradise
5279,88,53,0,watercress,sunflower
5280,88,59,0,watercress,pink-yellow dahlia?
5281,88,70,0,watercress,gazania
5282,88,11,0,watercress,colt's foot
5283,88,47,0,watercress,buttercup
5284,88,45,0,watercress,wallflower
5285,88,45,0,watercress,wallflower
5286,88,25,0,watercress,corn poppy
5287,88,11,0,watercress,colt's foot
5288,88,11,0,watercress,colt's foot
5289,88,11,0,watercress,colt's foot
5290,88,42,0,watercress,sword lily
5291,88,73,0,watercress,rose
5292,88,11,0,watercress,colt's foot
5293,88,70,0,watercress,gazania
5294,88,70,0,watercress,gazania
5295,88,70,0,watercress,gazania
5296,88,46,0,watercress,marigold
5297,88,88,1,watercress,watercress
5298,88,70,0,watercress,gazania
5299,88,88,1,watercress,watercress
5300,88,46,0,watercress,marigold
5301,88,70,0,watercress,gazania
5302,88,11,0,watercress,colt's foot
5303,88,46,0,watercress,marigold
5304,88,11,0,watercress,colt's foot
5305,88,25,0,watercress,corn poppy
5306,88,70,0,watercress,gazania
5307,88,70,0,watercress,gazania
5308,88,96,0,watercress,mallow
5309,88,70,0,watercress,gazania
5310,88,42,0,watercress,sword lily
5311,88,53,0,watercress,sunflower
5312,88,52,0,watercress,primula
5313,88,42,0,watercress,sword lily
5314,88,11,0,watercress,colt's foot
5315,88,70,0,watercress,gazania
5316,88,46,0,watercress,marigold
5317,88,46,0,watercress,marigold
5318,88,45,0,watercress,wallflower
5319,88,46,0,watercress,marigold
5320,88,45,0,watercress,wallflower
5321,88,46,0,watercress,marigold
5322,88,47,0,watercress,buttercup
5323,88,82,0,watercress,hibiscus
5324,88,58,0,watercress,orange dahlia
5325,88,46,0,watercress,marigold
5326,88,82,0,watercress,hibiscus
5327,88,70,0,watercress,gazania
5328,88,53,0,watercress,sunflower
5329,88,11,0,watercress,colt's foot
5330,88,70,0,watercress,gazania
5331,88,70,0,watercress,gazania
5332,88,45,0,watercress,wallflower
5333,88,45,0,watercress,wallflower
5334,88,45,0,watercress,wallflower
5335,88,70,0,watercress,gazania
5336,88,60,0,watercress,cautleya spicata
5337,88,46,0,watercress,marigold
5338,88,70,0,watercress,gazania
5339,88,45,0,watercress,wallflower
5340,88,41,0,watercress,daffodil
5341,88,88,1,watercress,watercress
5342,88,46,0,watercress,marigold
5343,88,82,0,watercress,hibiscus
5344,88,70,0,watercress,gazania
5345,88,70,0,watercress,gazania
5346,88,45,0,watercress,wallflower
5347,88,46,0,watercress,marigold
5348,88,99,0,watercress,blanket flower
5349,88,52,0,watercress,primula
5350,88,45,0,watercress,wallflower
5351,88,11,0,watercress,colt's foot
5352,88,70,0,watercress,gazania
5353,88,47,0,watercress,buttercup
5354,88,46,0,watercress,marigold
5355,88,53,0,watercress,sunflower
5356,88,45,0,watercress,wallflower
5357,88,70,0,watercress,gazania
5358,88,53,0,watercress,sunflower
5359,88,46,0,watercress,marigold
5360,88,70,0,watercress,gazania
5361,88,11,0,watercress,colt's foot
5362,88,70,0,watercress,gazania
5363,88,70,0,watercress,gazania
5364,88,45,0,watercress,wallflower
5365,88,52,0,watercress,primula
5366,88,45,0,watercress,wallflower
5367,88,52,0,watercress,primula
5368,88,53,0,watercress,sunflower
5369,88,42,0,watercress,sword lily
5370,88,45,0,watercress,wallflower
5371,88,11,0,watercress,colt's foot
5372,88,70,0,watercress,gazania
5373,88,70,0,watercress,gazania
5374,88,7,0,watercress,bird of paradise
5375,88,70,0,watercress,gazania
5376,88,70,0,watercress,gazania
5377,88,80,0,watercress,frangipani
5378,88,42,0,watercress,sword lily
5379,88,47,0,watercress,buttercup
5380,88,46,0,watercress,marigold
5381,88,70,0,watercress,gazania
5382,88,47,0,watercress,buttercup
5383,88,46,0,watercress,marigold
5384,88,45,0,watercress,wallflower
5385,88,46,0,watercress,marigold
5386,88,46,0,watercress,marigold
5387,88,70,0,watercress,gazania
5388,88,101,0,watercress,blackberry lily
5389,88,45,0,watercress,wallflower
5390,88,46,0,watercress,marigold
5391,88,88,1,watercress,watercress
5392,89,53,0,canna lily,sunflower
5393,89,46,0,canna lily,marigold
5394,89,42,0,canna lily,sword lily
5395,89,53,0,canna lily,sunflower
5396,89,11,0,canna lily,colt's foot
5397,89,70,0,canna lily,gazania
5398,89,70,0,canna lily,gazania
5399,89,7,0,canna lily,bird of paradise
5400,89,45,0,canna lily,wallflower
5401,89,23,0,canna lily,red ginger
5402,89,70,0,canna lily,gazania
5403,89,70,0,canna lily,gazania
5404,89,11,0,canna lily,colt's foot
5405,89,99,0,canna lily,blanket flower
5406,89,46,0,canna lily,marigold
5407,89,7,0,canna lily,bird of paradise
5408,89,7,0,canna lily,bird of paradise
5409,89,46,0,canna lily,marigold
5410,89,20,0,canna lily,fire lily
5411,89,11,0,canna lily,colt's foot
5412,89,99,0,canna lily,blanket flower
5413,89,59,0,canna lily,pink-yellow dahlia?
5414,89,11,0,canna lily,colt's foot
5415,89,45,0,canna lily,wallflower
5416,89,46,0,canna lily,marigold
5417,89,46,0,canna lily,marigold
5418,89,99,0,canna lily,blanket flower
5419,89,70,0,canna lily,gazania
5420,89,11,0,canna lily,colt's foot
5421,89,11,0,canna lily,colt's foot
5422,89,47,0,canna lily,buttercup
5423,89,47,0,canna lily,buttercup
5424,89,45,0,canna lily,wallflower
5425,89,59,0,canna lily,pink-yellow dahlia?
5426,89,11,0,canna lily,colt's foot
5427,89,70,0,canna lily,gazania
5428,89,99,0,canna lily,blanket flower
5429,89,11,0,canna lily,colt's foot
5430,89,41,0,canna lily,daffodil
5431,89,11,0,canna lily,colt's foot
5432,89,70,0,canna lily,gazania
5433,89,46,0,canna lily,marigold
5434,89,45,0,canna lily,wallflower
5435,89,25,0,canna lily,corn poppy
5436,89,46,0,canna lily,marigold
5437,89,59,0,canna lily,pink-yellow dahlia?
5438,89,11,0,canna lily,colt's foot
5439,89,46,0,canna lily,marigold
5440,89,7,0,canna lily,bird of paradise
5441,89,11,0,canna lily,colt's foot
5442,89,70,0,canna lily,gazania
5443,89,46,0,canna lily,marigold
5444,89,25,0,canna lily,corn poppy
5445,89,11,0,canna lily,colt's foot
5446,89,41,0,canna lily,daffodil
5447,89,20,0,canna lily,fire lily
5448,89,11,0,canna lily,colt's foot
5449,89,70,0,canna lily,gazania
5450,89,46,0,canna lily,marigold
5451,89,100,0,canna lily,trumpet creeper
5452,89,70,0,canna lily,gazania
5453,89,70,0,canna lily,gazania
5454,90,0,0,hippeastrum,pink primrose
5455,90,48,0,hippeastrum,oxeye daisy
5456,90,100,0,hippeastrum,trumpet creeper
5457,90,17,0,hippeastrum,peruvian lily
5458,90,90,1,hippeastrum,hippeastrum
5459,90,34,0,hippeastrum,alpine sea holly
5460,90,90,1,hippeastrum,hippeastrum
5461,90,61,0,hippeastrum,japanese anemone
5462,90,80,0,hippeastrum,frangipani
5463,90,7,0,hippeastrum,bird of paradise
5464,90,98,0,hippeastrum,bromelia
5465,90,52,0,hippeastrum,primula
5466,90,72,0,hippeastrum,water lily
5467,90,90,1,hippeastrum,hippeastrum
5468,90,98,0,hippeastrum,bromelia
5469,90,82,0,hippeastrum,hibiscus
5470,90,48,0,hippeastrum,oxeye daisy
5471,90,48,0,hippeastrum,oxeye daisy
5472,90,78,0,hippeastrum,toad lily
5473,90,90,1,hippeastrum,hippeastrum
5474,90,90,1,hippeastrum,hippeastrum
5475,90,100,0,hippeastrum,trumpet creeper
5476,90,52,0,hippeastrum,primula
5477,90,70,0,hippeastrum,gazania
5478,90,42,0,hippeastrum,sword lily
5479,90,96,0,hippeastrum,mallow
5480,90,96,0,hippeastrum,mallow
5481,90,48,0,hippeastrum,oxeye daisy
5482,90,72,0,hippeastrum,water lily
5483,90,39,0,hippeastrum,lenten rose
5484,90,7,0,hippeastrum,bird of paradise
5485,90,82,0,hippeastrum,hibiscus
5486,90,98,0,hippeastrum,bromelia
5487,90,89,0,hippeastrum,canna lily
5488,90,48,0,hippeastrum,oxeye daisy
5489,90,96,0,hippeastrum,mallow
5490,90,48,0,hippeastrum,oxeye daisy
5491,90,52,0,hippeastrum,primula
5492,90,17,0,hippeastrum,peruvian lily
5493,90,96,0,hippeastrum,mallow
5494,90,96,0,hippeastrum,mallow
5495,90,72,0,hippeastrum,water lily
5496,90,72,0,hippeastrum,water lily
5497,90,96,0,hippeastrum,mallow
5498,90,98,0,hippeastrum,bromelia
5499,90,52,0,hippeastrum,primula
5500,90,39,0,hippeastrum,lenten rose
5501,90,48,0,hippeastrum,oxeye daisy
5502,90,33,0,hippeastrum,mexican aster
5503,90,25,0,hippeastrum,corn poppy
5504,90,48,0,hippeastrum,oxeye daisy
5505,90,60,0,hippeastrum,cautleya spicata
5506,90,90,1,hippeastrum,hippeastrum
5507,90,90,1,hippeastrum,hippeastrum
5508,90,90,1,hippeastrum,hippeastrum
5509,90,90,1,hippeastrum,hippeastrum
5510,91,99,0,bee balm,blanket flower
5511,91,34,0,bee balm,alpine sea holly
5512,91,37,0,bee balm,great masterwort
5513,91,91,1,bee balm,bee balm
5514,91,99,0,bee balm,blanket flower
5515,91,78,0,bee balm,toad lily
5516,91,13,0,bee balm,spear thistle
5517,91,22,0,bee balm,fritillary
5518,91,57,0,bee balm,geranium
5519,91,13,0,bee balm,spear thistle
5520,91,91,1,bee balm,bee balm
5521,91,6,0,bee balm,moon orchid
5522,91,17,0,bee balm,peruvian lily
5523,91,73,0,bee balm,rose
5524,91,57,0,bee balm,geranium
5525,91,99,0,bee balm,blanket flower
5526,91,23,0,bee balm,red ginger
5527,91,23,0,bee balm,red ginger
5528,91,84,0,bee balm,desert-rose
5529,91,22,0,bee balm,fritillary
5530,91,13,0,bee balm,spear thistle
5531,91,100,0,bee balm,trumpet creeper
5532,91,43,0,bee balm,poinsettia
5533,91,87,0,bee balm,cyclamen
5534,91,25,0,bee balm,corn poppy
5535,91,91,1,bee balm,bee balm
5536,91,78,0,bee balm,toad lily
5537,91,13,0,bee balm,spear thistle
5538,91,99,0,bee balm,blanket flower
5539,91,17,0,bee balm,peruvian lily
5540,91,23,0,bee balm,red ginger
5541,91,56,0,bee balm,gaura
5542,91,73,0,bee balm,rose
5543,91,57,0,bee balm,geranium
5544,91,23,0,bee balm,red ginger
5545,91,23,0,bee balm,red ginger
5546,91,99,0,bee balm,blanket flower
5547,91,57,0,bee balm,geranium
5548,91,93,0,bee balm,foxglove
5549,91,78,0,bee balm,toad lily
5550,91,91,1,bee balm,bee balm
5551,91,23,0,bee balm,red ginger
5552,91,99,0,bee balm,blanket flower
5553,91,23,0,bee balm,red ginger
5554,91,99,0,bee balm,blanket flower
5555,91,38,0,bee balm,siam tulip
5556,92,35,0,ball moss,ruby-lipped cattleya
5557,92,36,0,ball moss,cape flower
5558,92,61,0,ball moss,japanese anemone
5559,92,13,0,ball moss,spear thistle
5560,92,91,0,ball moss,bee balm
5561,92,92,1,ball moss,ball moss
5562,92,93,0,ball moss,foxglove
5563,92,6,0,ball moss,moon orchid
5564,92,28,0,ball moss,artichoke
5565,92,22,0,ball moss,fritillary
5566,92,35,0,ball moss,ruby-lipped cattleya
5567,92,34,0,ball moss,alpine sea holly
5568,92,29,0,ball moss,sweet william
5569,92,13,0,ball moss,spear thistle
5570,92,13,0,ball moss,spear thistle
5571,92,13,0,ball moss,spear thistle
5572,92,30,0,ball moss,carnation
5573,92,23,0,ball moss,red ginger
5574,92,38,0,ball moss,siam tulip
5575,92,27,0,ball moss,stemless gentian
5576,92,13,0,ball moss,spear thistle
5577,92,13,0,ball moss,spear thistle
5578,92,23,0,ball moss,red ginger
5579,92,76,0,ball moss,passion flower
5580,92,92,1,ball moss,ball moss
5581,92,13,0,ball moss,spear thistle
5582,93,76,0,foxglove,passion flower
5583,93,36,0,foxglove,cape flower
5584,93,34,0,foxglove,alpine sea holly
5585,93,36,0,foxglove,cape flower
5586,93,93,1,foxglove,foxglove
5587,93,29,0,foxglove,sweet william
5588,93,99,0,foxglove,blanket flower
5589,93,93,1,foxglove,foxglove
5590,93,22,0,foxglove,fritillary
5591,93,36,0,foxglove,cape flower
5592,93,36,0,foxglove,cape flower
5593,93,36,0,foxglove,cape flower
5594,93,93,1,foxglove,foxglove
5595,93,34,0,foxglove,alpine sea holly
5596,93,93,1,foxglove,foxglove
5597,93,12,0,foxglove,king protea
5598,93,31,0,foxglove,garden phlox
5599,93,93,1,foxglove,foxglove
5600,93,86,0,foxglove,magnolia
5601,93,34,0,foxglove,alpine sea holly
5602,93,93,1,foxglove,foxglove
5603,93,97,0,foxglove,mexican petunia
5604,93,86,0,foxglove,magnolia
5605,93,22,0,foxglove,fritillary
5606,93,8,0,foxglove,monkshood
5607,93,75,0,foxglove,morning glory
5608,93,22,0,foxglove,fritillary
5609,93,93,1,foxglove,foxglove
5610,93,93,1,foxglove,foxglove
5611,93,29,0,foxglove,sweet william
5612,93,17,0,foxglove,peruvian lily
5613,93,34,0,foxglove,alpine sea holly
5614,93,97,0,foxglove,mexican petunia
5615,93,97,0,foxglove,mexican petunia
5616,93,93,1,foxglove,foxglove
5617,93,23,0,foxglove,red ginger
5618,93,36,0,foxglove,cape flower
5619,93,56,0,foxglove,gaura
5620,93,78,0,foxglove,toad lily
5621,93,97,0,foxglove,mexican petunia
5622,93,76,0,foxglove,passion flower
5623,93,34,0,foxglove,alpine sea holly
5624,93,8,0,foxglove,monkshood
5625,93,85,0,foxglove,tree mallow
5626,93,36,0,foxglove,cape flower
5627,93,93,1,foxglove,foxglove
5628,93,19,0,foxglove,giant white arum lily
5629,93,93,1,foxglove,foxglove
5630,93,34,0,foxglove,alpine sea holly
5631,93,29,0,foxglove,sweet william
5632,93,34,0,foxglove,alpine sea holly
5633,93,36,0,foxglove,cape flower
5634,93,29,0,foxglove,sweet william
5635,93,13,0,foxglove,spear thistle
5636,93,13,0,foxglove,spear thistle
5637,93,31,0,foxglove,garden phlox
5638,93,7,0,foxglove,bird of paradise
5639,93,31,0,foxglove,garden phlox
5640,93,86,0,foxglove,magnolia
5641,93,36,0,foxglove,cape flower
5642,93,93,1,foxglove,foxglove
5643,93,91,0,foxglove,bee balm
5644,93,43,0,foxglove,poinsettia
5645,93,34,0,foxglove,alpine sea holly
5646,93,76,0,foxglove,passion flower
5647,93,86,0,foxglove,magnolia
5648,93,9,0,foxglove,globe thistle
5649,93,8,0,foxglove,monkshood
5650,93,16,0,foxglove,purple coneflower
5651,93,93,1,foxglove,foxglove
5652,93,8,0,foxglove,monkshood
5653,93,36,0,foxglove,cape flower
5654,93,9,0,foxglove,globe thistle
5655,93,76,0,foxglove,passion flower
5656,93,20,0,foxglove,fire lily
5657,93,93,1,foxglove,foxglove
5658,93,36,0,foxglove,cape flower
5659,93,80,0,foxglove,frangipani
5660,93,34,0,foxglove,alpine sea holly
5661,93,36,0,foxglove,cape flower
5662,93,56,0,foxglove,gaura
5663,93,13,0,foxglove,spear thistle
5664,93,17,0,foxglove,peruvian lily
5665,93,13,0,foxglove,spear thistle
5666,93,93,1,foxglove,foxglove
5667,93,13,0,foxglove,spear thistle
5668,93,36,0,foxglove,cape flower
5669,93,22,0,foxglove,fritillary
5670,93,34,0,foxglove,alpine sea holly
5671,93,34,0,foxglove,alpine sea holly
5672,93,34,0,foxglove,alpine sea holly
5673,93,84,0,foxglove,desert-rose
5674,93,34,0,foxglove,alpine sea holly
5675,93,97,0,foxglove,mexican petunia
5676,93,34,0,foxglove,alpine sea holly
5677,93,93,1,foxglove,foxglove
5678,93,9,0,foxglove,globe thistle
5679,93,13,0,foxglove,spear thistle
5680,93,76,0,foxglove,passion flower
5681,93,28,0,foxglove,artichoke
5682,93,9,0,foxglove,globe thistle
5683,93,56,0,foxglove,gaura
5684,93,93,1,foxglove,foxglove
5685,93,93,1,foxglove,foxglove
5686,93,93,1,foxglove,foxglove
5687,93,34,0,foxglove,alpine sea holly
5688,93,35,0,foxglove,ruby-lipped cattleya
5689,93,36,0,foxglove,cape flower
5690,93,93,1,foxglove,foxglove
5691,93,22,0,foxglove,fritillary
5692,93,34,0,foxglove,alpine sea holly
5693,93,35,0,foxglove,ruby-lipped cattleya
5694,93,86,0,foxglove,magnolia
5695,93,8,0,foxglove,monkshood
5696,93,93,1,foxglove,foxglove
5697,93,31,0,foxglove,garden phlox
5698,93,29,0,foxglove,sweet william
5699,93,29,0,foxglove,sweet william
5700,93,13,0,foxglove,spear thistle
5701,93,3,0,foxglove,sweet pea
5702,93,34,0,foxglove,alpine sea holly
5703,93,56,0,foxglove,gaura
5704,93,31,0,foxglove,garden phlox
5705,93,86,0,foxglove,magnolia
5706,93,22,0,foxglove,fritillary
5707,93,76,0,foxglove,passion flower
5708,93,93,1,foxglove,foxglove
5709,93,31,0,foxglove,garden phlox
5710,93,93,1,foxglove,foxglove
5711,93,9,0,foxglove,globe thistle
5712,93,93,1,foxglove,foxglove
5713,93,93,1,foxglove,foxglove
5714,93,93,1,foxglove,foxglove
5715,93,27,0,foxglove,stemless gentian
5716,93,93,1,foxglove,foxglove
5717,93,34,0,foxglove,alpine sea holly
5718,93,36,0,foxglove,cape flower
5719,93,80,0,foxglove,frangipani
5720,93,28,0,foxglove,artichoke
5721,93,78,0,foxglove,toad lily
5722,93,20,0,foxglove,fire lily
5723,93,37,0,foxglove,great masterwort
5724,94,87,0,bougainvillea,cyclamen
5725,94,38,0,bougainvillea,siam tulip
5726,94,84,0,bougainvillea,desert-rose
5727,94,71,0,bougainvillea,azalea
5728,94,93,0,bougainvillea,foxglove
5729,94,22,0,bougainvillea,fritillary
5730,94,11,0,bougainvillea,colt's foot
5731,94,87,0,bougainvillea,cyclamen
5732,94,93,0,bougainvillea,foxglove
5733,94,11,0,bougainvillea,colt's foot
5734,94,22,0,bougainvillea,fritillary
5735,94,86,0,bougainvillea,magnolia
5736,94,84,0,bougainvillea,desert-rose
5737,94,35,0,bougainvillea,ruby-lipped cattleya
5738,94,43,0,bougainvillea,poinsettia
5739,94,18,0,bougainvillea,balloon flower
5740,94,90,0,bougainvillea,hippeastrum
5741,94,90,0,bougainvillea,hippeastrum
5742,94,33,0,bougainvillea,mexican aster
5743,94,87,0,bougainvillea,cyclamen
5744,94,71,0,bougainvillea,azalea
5745,94,59,0,bougainvillea,pink-yellow dahlia?
5746,94,46,0,bougainvillea,marigold
5747,94,23,0,bougainvillea,red ginger
5748,94,100,0,bougainvillea,trumpet creeper
5749,94,30,0,bougainvillea,carnation
5750,94,17,0,bougainvillea,peruvian lily
5751,94,35,0,bougainvillea,ruby-lipped cattleya
5752,94,31,0,bougainvillea,garden phlox
5753,94,31,0,bougainvillea,garden phlox
5754,94,99,0,bougainvillea,blanket flower
5755,94,31,0,bougainvillea,garden phlox
5756,94,35,0,bougainvillea,ruby-lipped cattleya
5757,94,7,0,bougainvillea,bird of paradise
5758,94,46,0,bougainvillea,marigold
5759,94,36,0,bougainvillea,cape flower
5760,94,35,0,bougainvillea,ruby-lipped cattleya
5761,94,25,0,bougainvillea,corn poppy
5762,94,11,0,bougainvillea,colt's foot
5763,94,61,0,bougainvillea,japanese anemone
5764,94,36,0,bougainvillea,cape flower
5765,94,98,0,bougainvillea,bromelia
5766,94,8,0,bougainvillea,monkshood
5767,94,8,0,bougainvillea,monkshood
5768,94,36,0,bougainvillea,cape flower
5769,94,18,0,bougainvillea,balloon flower
5770,94,17,0,bougainvillea,peruvian lily
5771,94,84,0,bougainvillea,desert-rose
5772,94,22,0,bougainvillea,fritillary
5773,94,17,0,bougainvillea,peruvian lily
5774,94,93,0,bougainvillea,foxglove
5775,94,29,0,bougainvillea,sweet william
5776,94,93,0,bougainvillea,foxglove
5777,94,22,0,bougainvillea,fritillary
5778,94,47,0,bougainvillea,buttercup
5779,94,27,0,bougainvillea,stemless gentian
5780,94,29,0,bougainvillea,sweet william
5781,94,46,0,bougainvillea,marigold
5782,94,35,0,bougainvillea,ruby-lipped cattleya
5783,94,48,0,bougainvillea,oxeye daisy
5784,94,61,0,bougainvillea,japanese anemone
5785,94,46,0,bougainvillea,marigold
5786,94,51,0,bougainvillea,wild pansy
5787,94,91,0,bougainvillea,bee balm
5788,94,72,0,bougainvillea,water lily
5789,94,93,0,bougainvillea,foxglove
5790,94,36,0,bougainvillea,cape flower
5791,94,43,0,bougainvillea,poinsettia
5792,94,91,0,bougainvillea,bee balm
5793,94,31,0,bougainvillea,garden phlox
5794,94,50,0,bougainvillea,petunia
5795,94,73,0,bougainvillea,rose
5796,94,13,0,bougainvillea,spear thistle
5797,94,87,0,bougainvillea,cyclamen
5798,94,94,1,bougainvillea,bougainvillea
5799,94,84,0,bougainvillea,desert-rose
5800,94,82,0,bougainvillea,hibiscus
5801,94,73,0,bougainvillea,rose
5802,94,100,0,bougainvillea,trumpet creeper
5803,94,100,0,bougainvillea,trumpet creeper
5804,94,93,0,bougainvillea,foxglove
5805,94,22,0,bougainvillea,fritillary
5806,94,30,0,bougainvillea,carnation
5807,94,84,0,bougainvillea,desert-rose
5808,94,43,0,bougainvillea,poinsettia
5809,94,94,1,bougainvillea,bougainvillea
5810,94,73,0,bougainvillea,rose
5811,94,34,0,bougainvillea,alpine sea holly
5812,94,11,0,bougainvillea,colt's foot
5813,94,93,0,bougainvillea,foxglove
5814,94,34,0,bougainvillea,alpine sea holly
5815,94,84,0,bougainvillea,desert-rose
5816,94,36,0,bougainvillea,cape flower
5817,94,93,0,bougainvillea,foxglove
5818,94,48,0,bougainvillea,oxeye daisy
5819,94,87,0,bougainvillea,cyclamen
5820,94,82,0,bougainvillea,hibiscus
5821,94,35,0,bougainvillea,ruby-lipped cattleya
5822,94,11,0,bougainvillea,colt's foot
5823,94,46,0,bougainvillea,marigold
5824,94,43,0,bougainvillea,poinsettia
5825,94,13,0,bougainvillea,spear thistle
5826,94,90,0,bougainvillea,hippeastrum
5827,94,91,0,bougainvillea,bee balm
5828,94,99,0,bougainvillea,blanket flower
5829,94,71,0,bougainvillea,azalea
5830,94,43,0,bougainvillea,poinsettia
5831,94,73,0,bougainvillea,rose
5832,95,95,1,camellia,camellia
5833,95,20,0,camellia,fire lily
5834,95,6,0,camellia,moon orchid
5835,95,100,0,camellia,trumpet creeper
5836,95,42,0,camellia,sword lily
5837,95,17,0,camellia,peruvian lily
5838,95,73,0,camellia,rose
5839,95,69,0,camellia,tree poppy
5840,95,61,0,camellia,japanese anemone
5841,95,19,0,camellia,giant white arum lily
5842,95,73,0,camellia,rose
5843,95,56,0,camellia,gaura
5844,95,73,0,camellia,rose
5845,95,73,0,camellia,rose
5846,95,57,0,camellia,geranium
5847,95,95,1,camellia,camellia
5848,95,17,0,camellia,peruvian lily
5849,95,72,0,camellia,water lily
5850,95,57,0,camellia,geranium
5851,95,72,0,camellia,water lily
5852,95,61,0,camellia,japanese anemone
5853,95,61,0,camellia,japanese anemone
5854,95,71,0,camellia,azalea
5855,95,33,0,camellia,mexican aster
5856,95,72,0,camellia,water lily
5857,95,95,1,camellia,camellia
5858,95,73,0,camellia,rose
5859,95,0,0,camellia,pink primrose
5860,95,43,0,camellia,poinsettia
5861,95,48,0,camellia,oxeye daisy
5862,95,95,1,camellia,camellia
5863,95,30,0,camellia,carnation
5864,95,95,1,camellia,camellia
5865,95,73,0,camellia,rose
5866,95,17,0,camellia,peruvian lily
5867,95,90,0,camellia,hippeastrum
5868,95,73,0,camellia,rose
5869,95,82,0,camellia,hibiscus
5870,95,90,0,camellia,hippeastrum
5871,95,33,0,camellia,mexican aster
5872,95,7,0,camellia,bird of paradise
5873,95,95,1,camellia,camellia
5874,95,61,0,camellia,japanese anemone
5875,95,73,0,camellia,rose
5876,95,98,0,camellia,bromelia
5877,95,94,0,camellia,bougainvillea
5878,95,57,0,camellia,geranium
5879,95,72,0,camellia,water lily
5880,95,57,0,camellia,geranium
5881,95,84,0,camellia,desert-rose
5882,95,95,1,camellia,camellia
5883,95,95,1,camellia,camellia
5884,95,7,0,camellia,bird of paradise
5885,95,52,0,camellia,primula
5886,95,48,0,camellia,oxeye daisy
5887,95,48,0,camellia,oxeye daisy
5888,95,0,0,camellia,pink primrose
5889,95,48,0,camellia,oxeye daisy
5890,95,43,0,camellia,poinsettia
5891,95,73,0,camellia,rose
5892,95,64,0,camellia,californian poppy
5893,95,76,0,camellia,passion flower
5894,95,99,0,camellia,blanket flower
5895,95,90,0,camellia,hippeastrum
5896,95,23,0,camellia,red ginger
5897,95,100,0,camellia,trumpet creeper
5898,95,72,0,camellia,water lily
5899,95,41,0,camellia,daffodil
5900,95,41,0,camellia,daffodil
5901,95,60,0,camellia,cautleya spicata
5902,95,8,0,camellia,monkshood
5903,96,100,0,mallow,trumpet creeper
5904,96,45,0,mallow,wallflower
5905,96,20,0,mallow,fire lily
5906,96,99,0,mallow,blanket flower
5907,96,11,0,mallow,colt's foot
5908,96,82,0,mallow,hibiscus
5909,96,91,0,mallow,bee balm
5910,96,59,0,mallow,pink-yellow dahlia?
5911,96,58,0,mallow,orange dahlia
5912,96,82,0,mallow,hibiscus
5913,96,59,0,mallow,pink-yellow dahlia?
5914,96,12,0,mallow,king protea
5915,96,73,0,mallow,rose
5916,96,52,0,mallow,primula
5917,96,96,1,mallow,mallow
5918,96,20,0,mallow,fire lily
5919,96,13,0,mallow,spear thistle
5920,96,11,0,mallow,colt's foot
5921,96,72,0,mallow,water lily
5922,96,89,0,mallow,canna lily
5923,96,39,0,mallow,lenten rose
5924,96,11,0,mallow,colt's foot
5925,96,95,0,mallow,camellia
5926,96,73,0,mallow,rose
5927,96,17,0,mallow,peruvian lily
5928,96,70,0,mallow,gazania
5929,96,7,0,mallow,bird of paradise
5930,96,7,0,mallow,bird of paradise
5931,96,20,0,mallow,fire lily
5932,96,46,0,mallow,marigold
5933,96,25,0,mallow,corn poppy
5934,96,96,1,mallow,mallow
5935,96,60,0,mallow,cautleya spicata
5936,96,11,0,mallow,colt's foot
5937,96,1,0,mallow,hard-leaved pocket orchid
5938,96,93,0,mallow,foxglove
5939,96,79,0,mallow,anthurium
5940,96,67,0,mallow,bearded iris
5941,96,60,0,mallow,cautleya spicata
5942,96,17,0,mallow,peruvian lily
5943,96,12,0,mallow,king protea
5944,96,46,0,mallow,marigold
5945,96,35,0,mallow,ruby-lipped cattleya
5946,96,99,0,mallow,blanket flower
5947,96,13,0,mallow,spear thistle
5948,96,49,0,mallow,common dandelion
5949,97,35,0,mexican petunia,ruby-lipped cattleya
5950,97,8,0,mexican petunia,monkshood
5951,97,32,0,mexican petunia,love in the mist
5952,97,9,0,mexican petunia,globe thistle
5953,97,97,1,mexican petunia,mexican petunia
5954,97,54,0,mexican petunia,pelargonium
5955,97,9,0,mexican petunia,globe thistle
5956,97,35,0,mexican petunia,ruby-lipped cattleya
5957,97,35,0,mexican petunia,ruby-lipped cattleya
5958,97,97,1,mexican petunia,mexican petunia
5959,97,66,0,mexican petunia,spring crocus
5960,97,97,1,mexican petunia,mexican petunia
5961,97,35,0,mexican petunia,ruby-lipped cattleya
5962,97,27,0,mexican petunia,stemless gentian
5963,97,8,0,mexican petunia,monkshood
5964,97,35,0,mexican petunia,ruby-lipped cattleya
5965,97,85,0,mexican petunia,tree mallow
5966,97,34,0,mexican petunia,alpine sea holly
5967,97,3,0,mexican petunia,sweet pea
5968,97,75,0,mexican petunia,morning glory
5969,97,74,0,mexican petunia,thorn apple
5970,97,97,1,mexican petunia,mexican petunia
5971,97,18,0,mexican petunia,balloon flower
5972,97,74,0,mexican petunia,thorn apple
5973,97,13,0,mexican petunia,spear thistle
5974,97,34,0,mexican petunia,alpine sea holly
5975,97,8,0,mexican petunia,monkshood
5976,97,8,0,mexican petunia,monkshood
5977,97,8,0,mexican petunia,monkshood
5978,97,8,0,mexican petunia,monkshood
5979,97,33,0,mexican petunia,mexican aster
5980,97,35,0,mexican petunia,ruby-lipped cattleya
5981,97,35,0,mexican petunia,ruby-lipped cattleya
5982,97,74,0,mexican petunia,thorn apple
5983,97,32,0,mexican petunia,love in the mist
5984,97,38,0,mexican petunia,siam tulip
5985,97,35,0,mexican petunia,ruby-lipped cattleya
5986,97,97,1,mexican petunia,mexican petunia
5987,97,97,1,mexican petunia,mexican petunia
5988,97,74,0,mexican petunia,thorn apple
5989,97,35,0,mexican petunia,ruby-lipped cattleya
5990,97,97,1,mexican petunia,mexican petunia
5991,97,75,0,mexican petunia,morning glory
5992,97,8,0,mexican petunia,monkshood
5993,97,1,0,mexican petunia,hard-leaved pocket orchid
5994,97,92,0,mexican petunia,ball moss
5995,97,97,1,mexican petunia,mexican petunia
5996,97,31,0,mexican petunia,garden phlox
5997,97,16,0,mexican petunia,purple coneflower
5998,97,74,0,mexican petunia,thorn apple
5999,97,97,1,mexican petunia,mexican petunia
6000,97,35,0,mexican petunia,ruby-lipped cattleya
6001,97,65,0,mexican petunia,osteospermum
6002,97,35,0,mexican petunia,ruby-lipped cattleya
6003,97,35,0,mexican petunia,ruby-lipped cattleya
6004,97,34,0,mexican petunia,alpine sea holly
6005,97,34,0,mexican petunia,alpine sea holly
6006,97,97,1,mexican petunia,mexican petunia
6007,97,8,0,mexican petunia,monkshood
6008,97,74,0,mexican petunia,thorn apple
6009,97,97,1,mexican petunia,mexican petunia
6010,97,85,0,mexican petunia,tree mallow
6011,98,91,0,bromelia,bee balm
6012,98,100,0,bromelia,trumpet creeper
6013,98,73,0,bromelia,rose
6014,98,13,0,bromelia,spear thistle
6015,98,23,0,bromelia,red ginger
6016,98,84,0,bromelia,desert-rose
6017,98,101,0,bromelia,blackberry lily
6018,98,22,0,bromelia,fritillary
6019,98,98,1,bromelia,bromelia
6020,98,58,0,bromelia,orange dahlia
6021,98,25,0,bromelia,corn poppy
6022,98,23,0,bromelia,red ginger
6023,98,22,0,bromelia,fritillary
6024,98,30,0,bromelia,carnation
6025,98,20,0,bromelia,fire lily
6026,98,20,0,bromelia,fire lily
6027,98,100,0,bromelia,trumpet creeper
6028,98,73,0,bromelia,rose
6029,98,47,0,bromelia,buttercup
6030,98,58,0,bromelia,orange dahlia
6031,98,39,0,bromelia,lenten rose
6032,98,20,0,bromelia,fire lily
6033,98,7,0,bromelia,bird of paradise
6034,98,45,0,bromelia,wallflower
6035,98,7,0,bromelia,bird of paradise
6036,98,11,0,bromelia,colt's foot
6037,98,73,0,bromelia,rose
6038,98,45,0,bromelia,wallflower
6039,98,59,0,bromelia,pink-yellow dahlia?
6040,98,73,0,bromelia,rose
6041,98,57,0,bromelia,geranium
6042,98,73,0,bromelia,rose
6043,98,46,0,bromelia,marigold
6044,98,47,0,bromelia,buttercup
6045,98,43,0,bromelia,poinsettia
6046,98,99,0,bromelia,blanket flower
6047,98,99,0,bromelia,blanket flower
6048,98,45,0,bromelia,wallflower
6049,98,86,0,bromelia,magnolia
6050,98,42,0,bromelia,sword lily
6051,98,58,0,bromelia,orange dahlia
6052,98,47,0,bromelia,buttercup
6053,98,98,1,bromelia,bromelia
6054,99,73,0,blanket flower,rose
6055,99,99,1,blanket flower,blanket flower
6056,99,99,1,blanket flower,blanket flower
6057,99,99,1,blanket flower,blanket flower
6058,99,30,0,blanket flower,carnation
6059,99,99,1,blanket flower,blanket flower
6060,99,99,1,blanket flower,blanket flower
6061,99,70,0,blanket flower,gazania
6062,99,99,1,blanket flower,blanket flower
6063,99,99,1,blanket flower,blanket flower
6064,99,99,1,blanket flower,blanket flower
6065,99,99,1,blanket flower,blanket flower
6066,99,59,0,blanket flower,pink-yellow dahlia?
6067,99,23,0,blanket flower,red ginger
6068,99,99,1,blanket flower,blanket flower
6069,99,20,0,blanket flower,fire lily
6070,99,59,0,blanket flower,pink-yellow dahlia?
6071,99,70,0,blanket flower,gazania
6072,99,99,1,blanket flower,blanket flower
6073,99,99,1,blanket flower,blanket flower
6074,99,99,1,blanket flower,blanket flower
6075,99,20,0,blanket flower,fire lily
6076,99,99,1,blanket flower,blanket flower
6077,99,99,1,blanket flower,blanket flower
6078,99,99,1,blanket flower,blanket flower
6079,99,99,1,blanket flower,blanket flower
6080,99,99,1,blanket flower,blanket flower
6081,99,99,1,blanket flower,blanket flower
6082,99,30,0,blanket flower,carnation
6083,100,73,0,trumpet creeper,rose
6084,100,57,0,trumpet creeper,geranium
6085,100,100,1,trumpet creeper,trumpet creeper
6086,100,59,0,trumpet creeper,pink-yellow dahlia?
6087,100,82,0,trumpet creeper,hibiscus
6088,100,100,1,trumpet creeper,trumpet creeper
6089,100,101,0,trumpet creeper,blackberry lily
6090,100,100,1,trumpet creeper,trumpet creeper
6091,100,43,0,trumpet creeper,poinsettia
6092,100,82,0,trumpet creeper,hibiscus
6093,100,73,0,trumpet creeper,rose
6094,100,7,0,trumpet creeper,bird of paradise
6095,100,70,0,trumpet creeper,gazania
6096,100,73,0,trumpet creeper,rose
6097,100,57,0,trumpet creeper,geranium
6098,100,99,0,trumpet creeper,blanket flower
6099,100,82,0,trumpet creeper,hibiscus
6100,100,100,1,trumpet creeper,trumpet creeper
6101,100,25,0,trumpet creeper,corn poppy
6102,100,57,0,trumpet creeper,geranium
6103,100,100,1,trumpet creeper,trumpet creeper
6104,100,100,1,trumpet creeper,trumpet creeper
6105,100,39,0,trumpet creeper,lenten rose
6106,100,100,1,trumpet creeper,trumpet creeper
6107,100,99,0,trumpet creeper,blanket flower
6108,100,100,1,trumpet creeper,trumpet creeper
6109,100,23,0,trumpet creeper,red ginger
6110,100,90,0,trumpet creeper,hippeastrum
6111,100,99,0,trumpet creeper,blanket flower
6112,100,100,1,trumpet creeper,trumpet creeper
6113,100,59,0,trumpet creeper,pink-yellow dahlia?
6114,100,30,0,trumpet creeper,carnation
6115,100,100,1,trumpet creeper,trumpet creeper
6116,100,100,1,trumpet creeper,trumpet creeper
6117,100,98,0,trumpet creeper,bromelia
6118,100,100,1,trumpet creeper,trumpet creeper
6119,100,42,0,trumpet creeper,sword lily
6120,100,23,0,trumpet creeper,red ginger
6121,101,11,0,blackberry lily,colt's foot
6122,101,96,0,blackberry lily,mallow
6123,101,100,0,blackberry lily,trumpet creeper
6124,101,70,0,blackberry lily,gazania
6125,101,82,0,blackberry lily,hibiscus
6126,101,46,0,blackberry lily,marigold
6127,101,46,0,blackberry lily,marigold
6128,101,7,0,blackberry lily,bird of paradise
6129,101,46,0,blackberry lily,marigold
6130,101,73,0,blackberry lily,rose
6131,101,59,0,blackberry lily,pink-yellow dahlia?
6132,101,45,0,blackberry lily,wallflower
6133,101,96,0,blackberry lily,mallow
6134,101,20,0,blackberry lily,fire lily
6135,101,60,0,blackberry lily,cautleya spicata
6136,101,59,0,blackberry lily,pink-yellow dahlia?
6137,101,99,0,blackberry lily,blanket flower
6138,101,60,0,blackberry lily,cautleya spicata
6139,101,20,0,blackberry lily,fire lily
6140,101,57,0,blackberry lily,geranium
6141,101,73,0,blackberry lily,rose
6142,101,45,0,blackberry lily,wallflower
6143,101,59,0,blackberry lily,pink-yellow dahlia?
6144,101,59,0,blackberry lily,pink-yellow dahlia?
6145,101,7,0,blackberry lily,bird of paradise
6146,101,7,0,blackberry lily,bird of paradise
6147,101,72,0,blackberry lily,water lily
6148,101,70,0,blackberry lily,gazania
