index,true_id,pred_id,correct,true_name,pred_name
0,0,0,1,pink primrose,pink primrose
1,0,0,1,pink primrose,pink primrose
2,0,0,1,pink primrose,pink primrose
3,0,0,1,pink primrose,pink primrose
4,0,0,1,pink primrose,pink primrose
5,0,0,1,pink primrose,pink primrose
6,0,0,1,pink primrose,pink primrose
7,0,0,1,pink primrose,pink primrose
8,0,0,1,pink primrose,pink primrose
9,0,0,1,pink primrose,pink primrose
10,0,0,1,pink primrose,pink primrose
11,0,0,1,pink primrose,pink primrose
12,0,0,1,pink primrose,pink primrose
13,0,0,1,pink primrose,pink primrose
14,0,0,1,pink primrose,pink primrose
15,0,0,1,pink primrose,pink primrose
16,0,0,1,pink primrose,pink primrose
17,0,0,1,pink primrose,pink primrose
18,0,0,1,pink primrose,pink primrose
19,0,0,1,pink primrose,pink primrose
20,1,1,1,hard-leaved pocket orchid,hard-leaved pocket orchid
21,1,1,1,hard-leaved pocket orchid,hard-leaved pocket orchid
22,1,1,1,hard-leaved pocket orchid,hard-leaved pocket orchid
23,1,1,1,hard-leaved pocket orchid,hard-leaved pocket orchid
24,1,1,1,hard-leaved pocket orchid,hard-leaved pocket orchid
25,1,1,1,hard-leaved pocket orchid,hard-leaved pocket orchid
26,1,1,1,hard-leaved pocket orchid,hard-leaved pocket orchid
27,1,1,1,hard-leaved pocket orchid,hard-leaved pocket orchid
28,1,1,1,hard-leaved pocket orchid,hard-leaved pocket orchid
29,1,1,1,hard-leaved pocket orchid,hard-leaved pocket orchid
30,1,1,1,hard-leaved pocket orchid,hard-leaved pocket orchid
31,1,1,1,hard-leaved pocket orchid,hard-leaved pocket orchid
32,1,1,1,hard-leaved pocket orchid,hard-leaved pocket orchid
33,1,1,1,hard-leaved pocket orchid,hard-leaved pocket orchid
34,1,1,1,hard-leaved pocket orchid,hard-leaved pocket orchid
35,1,39,0,hard-leaved pocket orchid,lenten rose
36,1,51,0,hard-leaved pocket orchid,wild pansy
37,1,1,1,hard-leaved pocket orchid,hard-leaved pocket orchid
38,1,1,1,hard-leaved pocket orchid,hard-leaved pocket orchid
39,1,1,1,hard-leaved pocket orchid,hard-leaved pocket orchid
40,1,1,1,hard-leaved pocket orchid,hard-leaved pocket orchid
41,1,1,1,hard-leaved pocket orchid,hard-leaved pocket orchid
42,1,1,1,hard-leaved pocket orchid,hard-leaved pocket orchid
43,1,1,1,hard-leaved pocket orchid,hard-leaved pocket orchid
44,1,1,1,hard-leaved pocket orchid,hard-leaved pocket orchid
45,1,1,1,hard-leaved pocket orchid,hard-leaved pocket orchid
46,1,1,1,hard-leaved pocket orchid,hard-leaved pocket orchid
47,1,1,1,hard-leaved pocket orchid,hard-leaved pocket orchid
48,1,1,1,hard-leaved pocket orchid,hard-leaved pocket orchid
49,1,1,1,hard-leaved pocket orchid,hard-leaved pocket orchid
50,1,1,1,hard-leaved pocket orchid,hard-leaved pocket orchid
51,1,1,1,hard-leaved pocket orchid,hard-leaved pocket orchid
52,1,1,1,hard-leaved pocket orchid,hard-leaved pocket orchid
53,1,1,1,hard-leaved pocket orchid,hard-leaved pocket orchid
54,1,1,1,hard-leaved pocket orchid,hard-leaved pocket orchid
55,1,1,1,hard-leaved pocket orchid,hard-leaved pocket orchid
56,1,1,1,hard-leaved pocket orchid,hard-leaved pocket orchid
57,1,1,1,hard-leaved pocket orchid,hard-leaved pocket orchid
58,1,1,1,hard-leaved pocket orchid,hard-leaved pocket orchid
59,1,1,1,hard-leaved pocket orchid,hard-leaved pocket orchid
60,2,8,0,canterbury bells,monkshood
61,2,2,1,canterbury bells,canterbury bells
62,2,2,1,canterbury bells,canterbury bells
63,2,2,1,canterbury bells,canterbury bells
64,2,95,0,canterbury bells,camellia
65,2,2,1,canterbury bells,canterbury bells
66,2,2,1,canterbury bells,canterbury bells
67,2,67,0,canterbury bells,bearded iris
68,2,92,0,canterbury bells,ball moss
69,2,2,1,canterbury bells,canterbury bells
70,2,2,1,canterbury bells,canterbury bells
71,2,2,1,canterbury bells,canterbury bells
72,2,2,1,canterbury bells,canterbury bells
73,2,2,1,canterbury bells,canterbury bells
74,2,2,1,canterbury bells,canterbury bells
75,2,2,1,canterbury bells,canterbury bells
76,2,2,1,canterbury bells,canterbury bells
77,2,61,0,canterbury bells,japanese anemone
78,2,2,1,canterbury bells,canterbury bells
79,2,27,0,canterbury bells,stemless gentian
80,3,3,1,sweet pea,sweet pea
81,3,87,0,sweet pea,cyclamen
82,3,3,1,sweet pea,sweet pea
83,3,3,1,sweet pea,sweet pea
84,3,3,1,sweet pea,sweet pea
85,3,3,1,sweet pea,sweet pea
86,3,87,0,sweet pea,cyclamen
87,3,3,1,sweet pea,sweet pea
88,3,2,0,sweet pea,canterbury bells
89,3,3,1,sweet pea,sweet pea
90,3,3,1,sweet pea,sweet pea
91,3,3,1,sweet pea,sweet pea
92,3,3,1,sweet pea,sweet pea
93,3,84,0,sweet pea,desert-rose
94,3,3,1,sweet pea,sweet pea
95,3,10,0,sweet pea,snapdragon
96,3,87,0,sweet pea,cyclamen
97,3,87,0,sweet pea,cyclamen
98,3,3,1,sweet pea,sweet pea
99,3,18,0,sweet pea,balloon flower
100,3,84,0,sweet pea,desert-rose
101,3,84,0,sweet pea,desert-rose
102,3,3,1,sweet pea,sweet pea
103,3,2,0,sweet pea,canterbury bells
104,3,3,1,sweet pea,sweet pea
105,3,87,0,sweet pea,cyclamen
106,3,54,0,sweet pea,pelargonium
107,3,3,1,sweet pea,sweet pea
108,3,3,1,sweet pea,sweet pea
109,3,3,1,sweet pea,sweet pea
110,3,3,1,sweet pea,sweet pea
111,3,6,0,sweet pea,moon orchid
112,3,90,0,sweet pea,hippeastrum
113,3,3,1,sweet pea,sweet pea
114,3,87,0,sweet pea,cyclamen
115,3,3,1,sweet pea,sweet pea
116,4,4,1,english marigold,english marigold
117,4,4,1,english marigold,english marigold
118,4,4,1,english marigold,english marigold
119,4,4,1,english marigold,english marigold
120,4,4,1,english marigold,english marigold
121,4,4,1,english marigold,english marigold
122,4,4,1,english marigold,english marigold
123,4,4,1,english marigold,english marigold
124,4,4,1,english marigold,english marigold
125,4,4,1,english marigold,english marigold
126,4,4,1,english marigold,english marigold
127,4,4,1,english marigold,english marigold
128,4,4,1,english marigold,english marigold
129,4,4,1,english marigold,english marigold
130,4,4,1,english marigold,english marigold
131,4,4,1,english marigold,english marigold
132,4,4,1,english marigold,english marigold
133,4,4,1,english marigold,english marigold
134,4,4,1,english marigold,english marigold
135,4,4,1,english marigold,english marigold
136,4,4,1,english marigold,english marigold
137,4,4,1,english marigold,english marigold
138,4,4,1,english marigold,english marigold
139,4,4,1,english marigold,english marigold
140,4,4,1,english marigold,english marigold
141,4,4,1,english marigold,english marigold
142,4,4,1,english marigold,english marigold
143,4,4,1,english marigold,english marigold
144,4,4,1,english marigold,english marigold
145,4,4,1,english marigold,english marigold
146,4,4,1,english marigold,english marigold
147,4,4,1,english marigold,english marigold
148,4,4,1,english marigold,english marigold
149,4,4,1,english marigold,english marigold
150,4,88,0,english marigold,watercress
151,4,4,1,english marigold,english marigold
152,4,4,1,english marigold,english marigold
153,4,40,0,english marigold,barbeton daisy
154,4,4,1,english marigold,english marigold
155,4,4,1,english marigold,english marigold
156,4,4,1,english marigold,english marigold
157,4,40,0,english marigold,barbeton daisy
158,4,4,1,english marigold,english marigold
159,4,4,1,english marigold,english marigold
160,4,4,1,english marigold,english marigold
161,5,5,1,tiger lily,tiger lily
162,5,5,1,tiger lily,tiger lily
163,5,5,1,tiger lily,tiger lily
164,5,5,1,tiger lily,tiger lily
165,5,5,1,tiger lily,tiger lily
166,5,5,1,tiger lily,tiger lily
167,5,5,1,tiger lily,tiger lily
168,5,5,1,tiger lily,tiger lily
169,5,5,1,tiger lily,tiger lily
170,5,5,1,tiger lily,tiger lily
171,5,5,1,tiger lily,tiger lily
172,5,5,1,tiger lily,tiger lily
173,5,5,1,tiger lily,tiger lily
174,5,98,0,tiger lily,bromelia
175,5,5,1,tiger lily,tiger lily
176,5,96,0,tiger lily,mallow
177,5,5,1,tiger lily,tiger lily
178,5,5,1,tiger lily,tiger lily
179,5,5,1,tiger lily,tiger lily
180,5,5,1,tiger lily,tiger lily
181,5,5,1,tiger lily,tiger lily
182,5,5,1,tiger lily,tiger lily
183,5,101,0,tiger lily,blackberry lily
184,5,5,1,tiger lily,tiger lily
185,5,5,1,tiger lily,tiger lily
186,6,6,1,moon orchid,moon orchid
187,6,6,1,moon orchid,moon orchid
188,6,6,1,moon orchid,moon orchid
189,6,6,1,moon orchid,moon orchid
190,6,6,1,moon orchid,moon orchid
191,6,6,1,moon orchid,moon orchid
192,6,6,1,moon orchid,moon orchid
193,6,6,1,moon orchid,moon orchid
194,6,6,1,moon orchid,moon orchid
195,6,6,1,moon orchid,moon orchid
196,6,6,1,moon orchid,moon orchid
197,6,6,1,moon orchid,moon orchid
198,6,6,1,moon orchid,moon orchid
199,6,6,1,moon orchid,moon orchid
200,6,6,1,moon orchid,moon orchid
201,6,6,1,moon orchid,moon orchid
202,6,6,1,moon orchid,moon orchid
203,6,6,1,moon orchid,moon orchid
204,6,6,1,moon orchid,moon orchid
205,6,6,1,moon orchid,moon orchid
206,7,7,1,bird of paradise,bird of paradise
207,7,7,1,bird of paradise,bird of paradise
208,7,7,1,bird of paradise,bird of paradise
209,7,7,1,bird of paradise,bird of paradise
210,7,7,1,bird of paradise,bird of paradise
211,7,7,1,bird of paradise,bird of paradise
212,7,7,1,bird of paradise,bird of paradise
213,7,7,1,bird of paradise,bird of paradise
214,7,7,1,bird of paradise,bird of paradise
215,7,7,1,bird of paradise,bird of paradise
216,7,7,1,bird of paradise,bird of paradise
217,7,7,1,bird of paradise,bird of paradise
218,7,7,1,bird of paradise,bird of paradise
219,7,7,1,bird of paradise,bird of paradise
220,7,7,1,bird of paradise,bird of paradise
221,7,7,1,bird of paradise,bird of paradise
222,7,7,1,bird of paradise,bird of paradise
223,7,7,1,bird of paradise,bird of paradise
224,7,7,1,bird of paradise,bird of paradise
225,7,7,1,bird of paradise,bird of paradise
226,7,7,1,bird of paradise,bird of paradise
227,7,7,1,bird of paradise,bird of paradise
228,7,7,1,bird of paradise,bird of paradise
229,7,7,1,bird of paradise,bird of paradise
230,7,7,1,bird of paradise,bird of paradise
231,7,7,1,bird of paradise,bird of paradise
232,7,7,1,bird of paradise,bird of paradise
233,7,7,1,bird of paradise,bird of paradise
234,7,7,1,bird of paradise,bird of paradise
235,7,7,1,bird of paradise,bird of paradise
236,7,7,1,bird of paradise,bird of paradise
237,7,7,1,bird of paradise,bird of paradise
238,7,7,1,bird of paradise,bird of paradise
239,7,7,1,bird of paradise,bird of paradise
240,7,7,1,bird of paradise,bird of paradise
241,7,7,1,bird of paradise,bird of paradise
242,7,7,1,bird of paradise,bird of paradise
243,7,7,1,bird of paradise,bird of paradise
244,7,7,1,bird of paradise,bird of paradise
245,7,7,1,bird of paradise,bird of paradise
246,7,7,1,bird of paradise,bird of paradise
247,7,7,1,bird of paradise,bird of paradise
248,7,7,1,bird of paradise,bird of paradise
249,7,7,1,bird of paradise,bird of paradise
250,7,7,1,bird of paradise,bird of paradise
251,7,7,1,bird of paradise,bird of paradise
252,7,7,1,bird of paradise,bird of paradise
253,7,7,1,bird of paradise,bird of paradise
254,7,7,1,bird of paradise,bird of paradise
255,7,7,1,bird of paradise,bird of paradise
256,7,7,1,bird of paradise,bird of paradise
257,7,7,1,bird of paradise,bird of paradise
258,7,7,1,bird of paradise,bird of paradise
259,7,7,1,bird of paradise,bird of paradise
260,7,7,1,bird of paradise,bird of paradise
261,7,7,1,bird of paradise,bird of paradise
262,7,7,1,bird of paradise,bird of paradise
263,7,7,1,bird of paradise,bird of paradise
264,7,7,1,bird of paradise,bird of paradise
265,7,7,1,bird of paradise,bird of paradise
266,7,7,1,bird of paradise,bird of paradise
267,7,7,1,bird of paradise,bird of paradise
268,7,7,1,bird of paradise,bird of paradise
269,7,7,1,bird of paradise,bird of paradise
270,7,7,1,bird of paradise,bird of paradise
271,8,8,1,monkshood,monkshood
272,8,8,1,monkshood,monkshood
273,8,8,1,monkshood,monkshood
274,8,32,0,monkshood,love in the mist
275,8,8,1,monkshood,monkshood
276,8,8,1,monkshood,monkshood
277,8,8,1,monkshood,monkshood
278,8,8,1,monkshood,monkshood
279,8,8,1,monkshood,monkshood
280,8,8,1,monkshood,monkshood
281,8,8,1,monkshood,monkshood
282,8,8,1,monkshood,monkshood
283,8,24,0,monkshood,grape hyacinth
284,8,8,1,monkshood,monkshood
285,8,8,1,monkshood,monkshood
286,8,8,1,monkshood,monkshood
287,8,8,1,monkshood,monkshood
288,8,8,1,monkshood,monkshood
289,8,8,1,monkshood,monkshood
290,8,8,1,monkshood,monkshood
291,8,8,1,monkshood,monkshood
292,8,8,1,monkshood,monkshood
293,8,8,1,monkshood,monkshood
294,8,8,1,monkshood,monkshood
295,8,8,1,monkshood,monkshood
296,8,8,1,monkshood,monkshood
297,9,9,1,globe thistle,globe thistle
298,9,9,1,globe thistle,globe thistle
299,9,9,1,globe thistle,globe thistle
300,9,9,1,globe thistle,globe thistle
301,9,9,1,globe thistle,globe thistle
302,9,9,1,globe thistle,globe thistle
303,9,9,1,globe thistle,globe thistle
304,9,9,1,globe thistle,globe thistle
305,9,9,1,globe thistle,globe thistle
306,9,9,1,globe thistle,globe thistle
307,9,9,1,globe thistle,globe thistle
308,9,9,1,globe thistle,globe thistle
309,9,9,1,globe thistle,globe thistle
310,9,9,1,globe thistle,globe thistle
311,9,9,1,globe thistle,globe thistle
312,9,9,1,globe thistle,globe thistle
313,9,9,1,globe thistle,globe thistle
314,9,9,1,globe thistle,globe thistle
315,9,9,1,globe thistle,globe thistle
316,9,9,1,globe thistle,globe thistle
317,9,9,1,globe thistle,globe thistle
318,9,9,1,globe thistle,globe thistle
319,9,9,1,globe thistle,globe thistle
320,9,9,1,globe thistle,globe thistle
321,9,9,1,globe thistle,globe thistle
322,10,10,1,snapdragon,snapdragon
323,10,84,0,snapdragon,desert-rose
324,10,10,1,snapdragon,snapdragon
325,10,35,0,snapdragon,ruby-lipped cattleya
326,10,10,1,snapdragon,snapdragon
327,10,10,1,snapdragon,snapdragon
328,10,10,1,snapdragon,snapdragon
329,10,10,1,snapdragon,snapdragon
330,10,10,1,snapdragon,snapdragon
331,10,10,1,snapdragon,snapdragon
332,10,10,1,snapdragon,snapdragon
333,10,2,0,snapdragon,canterbury bells
334,10,87,0,snapdragon,cyclamen
335,10,10,1,snapdragon,snapdragon
336,10,87,0,snapdragon,cyclamen
337,10,2,0,snapdragon,canterbury bells
338,10,10,1,snapdragon,snapdragon
339,10,10,1,snapdragon,snapdragon
340,10,100,0,snapdragon,trumpet creeper
341,10,10,1,snapdragon,snapdragon
342,10,10,1,snapdragon,snapdragon
343,10,10,1,snapdragon,snapdragon
344,10,10,1,snapdragon,snapdragon
345,10,10,1,snapdragon,snapdragon
346,10,10,1,snapdragon,snapdragon
347,10,10,1,snapdragon,snapdragon
348,10,10,1,snapdragon,snapdragon
349,10,10,1,snapdragon,snapdragon
350,10,10,1,snapdragon,snapdragon
351,10,10,1,snapdragon,snapdragon
352,10,10,1,snapdragon,snapdragon
353,10,10,1,snapdragon,snapdragon
354,10,10,1,snapdragon,snapdragon
355,10,10,1,snapdragon,snapdragon
356,10,10,1,snapdragon,snapdragon
357,10,50,0,snapdragon,petunia
358,10,10,1,snapdragon,snapdragon
359,10,10,1,snapdragon,snapdragon
360,10,10,1,snapdragon,snapdragon
361,10,10,1,snapdragon,snapdragon
362,10,84,0,snapdragon,desert-rose
363,10,10,1,snapdragon,snapdragon
364,10,10,1,snapdragon,snapdragon
365,10,10,1,snapdragon,snapdragon
366,10,41,0,snapdragon,daffodil
367,10,10,1,snapdragon,snapdragon
368,10,84,0,snapdragon,desert-rose
369,10,100,0,snapdragon,trumpet creeper
370,10,100,0,snapdragon,trumpet creeper
371,10,10,1,snapdragon,snapdragon
372,10,50,0,snapdragon,petunia
373,10,10,1,snapdragon,snapdragon
374,10,10,1,snapdragon,snapdragon
375,10,10,1,snapdragon,snapdragon
376,10,10,1,snapdragon,snapdragon
377,10,10,1,snapdragon,snapdragon
378,10,10,1,snapdragon,snapdragon
379,10,84,0,snapdragon,desert-rose
380,10,10,1,snapdragon,snapdragon
381,10,10,1,snapdragon,snapdragon
382,10,10,1,snapdragon,snapdragon
383,10,73,0,snapdragon,rose
384,10,10,1,snapdragon,snapdragon
385,10,100,0,snapdragon,trumpet creeper
386,10,10,1,snapdragon,snapdragon
387,10,10,1,snapdragon,snapdragon
388,10,10,1,snapdragon,snapdragon
389,11,11,1,colt's foot,colt's foot
390,11,11,1,colt's foot,colt's foot
391,11,11,1,colt's foot,colt's foot
392,11,11,1,colt's foot,colt's foot
393,11,11,1,colt's foot,colt's foot
394,11,11,1,colt's foot,colt's foot
395,11,11,1,colt's foot,colt's foot
396,11,11,1,colt's foot,colt's foot
397,11,11,1,colt's foot,colt's foot
398,11,11,1,colt's foot,colt's foot
399,11,11,1,colt's foot,colt's foot
400,11,11,1,colt's foot,colt's foot
401,11,11,1,colt's foot,colt's foot
402,11,11,1,colt's foot,colt's foot
403,11,11,1,colt's foot,colt's foot
404,11,11,1,colt's foot,colt's foot
405,11,11,1,colt's foot,colt's foot
406,11,22,0,colt's foot,fritillary
407,11,11,1,colt's foot,colt's foot
408,11,11,1,colt's foot,colt's foot
409,11,11,1,colt's foot,colt's foot
410,11,11,1,colt's foot,colt's foot
411,11,11,1,colt's foot,colt's foot
412,11,11,1,colt's foot,colt's foot
413,11,11,1,colt's foot,colt's foot
414,11,11,1,colt's foot,colt's foot
415,11,49,0,colt's foot,common dandelion
416,11,11,1,colt's foot,colt's foot
417,11,11,1,colt's foot,colt's foot
418,11,11,1,colt's foot,colt's foot
419,11,11,1,colt's foot,colt's foot
420,11,41,0,colt's foot,daffodil
421,11,11,1,colt's foot,colt's foot
422,11,11,1,colt's foot,colt's foot
423,11,11,1,colt's foot,colt's foot
424,11,11,1,colt's foot,colt's foot
425,11,11,1,colt's foot,colt's foot
426,11,11,1,colt's foot,colt's foot
427,11,11,1,colt's foot,colt's foot
428,11,11,1,colt's foot,colt's foot
429,11,11,1,colt's foot,colt's foot
430,11,11,1,colt's foot,colt's foot
431,11,11,1,colt's foot,colt's foot
432,11,11,1,colt's foot,colt's foot
433,11,11,1,colt's foot,colt's foot
434,11,11,1,colt's foot,colt's foot
435,11,11,1,colt's foot,colt's foot
436,11,11,1,colt's foot,colt's foot
437,11,11,1,colt's foot,colt's foot
438,11,11,1,colt's foot,colt's foot
439,11,11,1,colt's foot,colt's foot
440,11,11,1,colt's foot,colt's foot
441,11,11,1,colt's foot,colt's foot
442,11,11,1,colt's foot,colt's foot
443,11,11,1,colt's foot,colt's foot
444,11,11,1,colt's foot,colt's foot
445,11,11,1,colt's foot,colt's foot
446,11,11,1,colt's foot,colt's foot
447,11,11,1,colt's foot,colt's foot
448,11,11,1,colt's foot,colt's foot
449,11,11,1,colt's foot,colt's foot
450,11,11,1,colt's foot,colt's foot
451,11,11,1,colt's foot,colt's foot
452,11,11,1,colt's foot,colt's foot
453,11,11,1,colt's foot,colt's foot
454,11,11,1,colt's foot,colt's foot
455,11,11,1,colt's foot,colt's foot
456,12,12,1,king protea,king protea
457,12,12,1,king protea,king protea
458,12,12,1,king protea,king protea
459,12,12,1,king protea,king protea
460,12,12,1,king protea,king protea
461,12,12,1,king protea,king protea
462,12,12,1,king protea,king protea
463,12,12,1,king protea,king protea
464,12,12,1,king protea,king protea
465,12,12,1,king protea,king protea
466,12,12,1,king protea,king protea
467,12,12,1,king protea,king protea
468,12,12,1,king protea,king protea
469,12,12,1,king protea,king protea
470,12,12,1,king protea,king protea
471,12,12,1,king protea,king protea
472,12,12,1,king protea,king protea
473,12,12,1,king protea,king protea
474,12,12,1,king protea,king protea
475,12,12,1,king protea,king protea
476,12,12,1,king protea,king protea
477,12,12,1,king protea,king protea
478,12,12,1,king protea,king protea
479,12,12,1,king protea,king protea
480,12,12,1,king protea,king protea
481,12,12,1,king protea,king protea
482,12,12,1,king protea,king protea
483,12,12,1,king protea,king protea
484,12,12,1,king protea,king protea
485,13,13,1,spear thistle,spear thistle
486,13,13,1,spear thistle,spear thistle
487,13,13,1,spear thistle,spear thistle
488,13,13,1,spear thistle,spear thistle
489,13,13,1,spear thistle,spear thistle
490,13,13,1,spear thistle,spear thistle
491,13,13,1,spear thistle,spear thistle
492,13,13,1,spear thistle,spear thistle
493,13,13,1,spear thistle,spear thistle
494,13,13,1,spear thistle,spear thistle
495,13,13,1,spear thistle,spear thistle
496,13,13,1,spear thistle,spear thistle
497,13,13,1,spear thistle,spear thistle
498,13,13,1,spear thistle,spear thistle
499,13,13,1,spear thistle,spear thistle
500,13,13,1,spear thistle,spear thistle
501,13,13,1,spear thistle,spear thistle
502,13,13,1,spear thistle,spear thistle
503,13,13,1,spear thistle,spear thistle
504,13,13,1,spear thistle,spear thistle
505,13,13,1,spear thistle,spear thistle
506,13,13,1,spear thistle,spear thistle
507,13,13,1,spear thistle,spear thistle
508,13,13,1,spear thistle,spear thistle
509,13,13,1,spear thistle,spear thistle
510,13,13,1,spear thistle,spear thistle
511,13,13,1,spear thistle,spear thistle
512,13,13,1,spear thistle,spear thistle
513,14,14,1,yellow iris,yellow iris
514,14,14,1,yellow iris,yellow iris
515,14,14,1,yellow iris,yellow iris
516,14,14,1,yellow iris,yellow iris
517,14,14,1,yellow iris,yellow iris
518,14,14,1,yellow iris,yellow iris
519,14,14,1,yellow iris,yellow iris
520,14,14,1,yellow iris,yellow iris
521,14,14,1,yellow iris,yellow iris
522,14,14,1,yellow iris,yellow iris
523,14,14,1,yellow iris,yellow iris
524,14,14,1,yellow iris,yellow iris
525,14,14,1,yellow iris,yellow iris
526,14,14,1,yellow iris,yellow iris
527,14,14,1,yellow iris,yellow iris
528,14,14,1,yellow iris,yellow iris
529,14,14,1,yellow iris,yellow iris
530,14,14,1,yellow iris,yellow iris
531,14,14,1,yellow iris,yellow iris
532,14,14,1,yellow iris,yellow iris
533,14,14,1,yellow iris,yellow iris
534,14,14,1,yellow iris,yellow iris
535,14,14,1,yellow iris,yellow iris
536,14,14,1,yellow iris,yellow iris
537,14,14,1,yellow iris,yellow iris
538,14,14,1,yellow iris,yellow iris
539,14,14,1,yellow iris,yellow iris
540,14,14,1,yellow iris,yellow iris
541,14,14,1,yellow iris,yellow iris
542,15,15,1,globe-flower,globe-flower
543,15,15,1,globe-flower,globe-flower
544,15,15,1,globe-flower,globe-flower
545,15,15,1,globe-flower,globe-flower
546,15,15,1,globe-flower,globe-flower
547,15,15,1,globe-flower,globe-flower
548,15,15,1,globe-flower,globe-flower
549,15,15,1,globe-flower,globe-flower
550,15,15,1,globe-flower,globe-flower
551,15,15,1,globe-flower,globe-flower
552,15,15,1,globe-flower,globe-flower
553,15,15,1,globe-flower,globe-flower
554,15,15,1,globe-flower,globe-flower
555,15,15,1,globe-flower,globe-flower
556,15,15,1,globe-flower,globe-flower
557,15,15,1,globe-flower,globe-flower
558,15,95,0,globe-flower,camellia
559,15,15,1,globe-flower,globe-flower
560,15,15,1,globe-flower,globe-flower
561,15,15,1,globe-flower,globe-flower
562,15,15,1,globe-flower,globe-flower
563,20,20,1,fire lily,fire lily
564,20,20,1,fire lily,fire lily
565,20,20,1,fire lily,fire lily
566,20,20,1,fire lily,fire lily
567,20,20,1,fire lily,fire lily
568,20,20,1,fire lily,fire lily
569,20,20,1,fire lily,fire lily
570,20,20,1,fire lily,fire lily
571,20,20,1,fire lily,fire lily
572,20,20,1,fire lily,fire lily
573,20,20,1,fire lily,fire lily
574,20,20,1,fire lily,fire lily
575,20,20,1,fire lily,fire lily
576,20,20,1,fire lily,fire lily
577,20,20,1,fire lily,fire lily
578,20,20,1,fire lily,fire lily
579,20,20,1,fire lily,fire lily
580,20,20,1,fire lily,fire lily
581,20,20,1,fire lily,fire lily
582,20,20,1,fire lily,fire lily
583,16,16,1,purple coneflower,purple coneflower
584,16,16,1,purple coneflower,purple coneflower
585,16,16,1,purple coneflower,purple coneflower
586,16,16,1,purple coneflower,purple coneflower
587,16,16,1,purple coneflower,purple coneflower
588,16,16,1,purple coneflower,purple coneflower
589,16,16,1,purple coneflower,purple coneflower
590,16,16,1,purple coneflower,purple coneflower
591,16,16,1,purple coneflower,purple coneflower
592,16,16,1,purple coneflower,purple coneflower
593,16,16,1,purple coneflower,purple coneflower
594,16,16,1,purple coneflower,purple coneflower
595,16,48,0,purple coneflower,oxeye daisy
596,16,16,1,purple coneflower,purple coneflower
597,16,16,1,purple coneflower,purple coneflower
598,16,16,1,purple coneflower,purple coneflower
599,16,16,1,purple coneflower,purple coneflower
600,16,16,1,purple coneflower,purple coneflower
601,16,16,1,purple coneflower,purple coneflower
602,16,5,0,purple coneflower,tiger lily
603,16,16,1,purple coneflower,purple coneflower
604,16,16,1,purple coneflower,purple coneflower
605,16,16,1,purple coneflower,purple coneflower
606,16,16,1,purple coneflower,purple coneflower
607,16,16,1,purple coneflower,purple coneflower
608,16,16,1,purple coneflower,purple coneflower
609,16,16,1,purple coneflower,purple coneflower
610,16,16,1,purple coneflower,purple coneflower
611,16,16,1,purple coneflower,purple coneflower
612,16,16,1,purple coneflower,purple coneflower
613,16,16,1,purple coneflower,purple coneflower
614,16,16,1,purple coneflower,purple coneflower
615,16,16,1,purple coneflower,purple coneflower
616,16,16,1,purple coneflower,purple coneflower
617,16,16,1,purple coneflower,purple coneflower
618,16,16,1,purple coneflower,purple coneflower
619,16,16,1,purple coneflower,purple coneflower
620,16,16,1,purple coneflower,purple coneflower
621,16,16,1,purple coneflower,purple coneflower
622,16,16,1,purple coneflower,purple coneflower
623,16,16,1,purple coneflower,purple coneflower
624,16,16,1,purple coneflower,purple coneflower
625,16,16,1,purple coneflower,purple coneflower
626,16,16,1,purple coneflower,purple coneflower
627,16,16,1,purple coneflower,purple coneflower
628,16,16,1,purple coneflower,purple coneflower
629,16,16,1,purple coneflower,purple coneflower
630,16,16,1,purple coneflower,purple coneflower
631,16,16,1,purple coneflower,purple coneflower
632,16,16,1,purple coneflower,purple coneflower
633,16,16,1,purple coneflower,purple coneflower
634,16,16,1,purple coneflower,purple coneflower
635,16,16,1,purple coneflower,purple coneflower
636,16,16,1,purple coneflower,purple coneflower
637,16,16,1,purple coneflower,purple coneflower
638,16,16,1,purple coneflower,purple coneflower
639,16,16,1,purple coneflower,purple coneflower
640,16,16,1,purple coneflower,purple coneflower
641,16,16,1,purple coneflower,purple coneflower
642,16,16,1,purple coneflower,purple coneflower
643,16,16,1,purple coneflower,purple coneflower
644,16,16,1,purple coneflower,purple coneflower
645,16,16,1,purple coneflower,purple coneflower
646,16,16,1,purple coneflower,purple coneflower
647,16,16,1,purple coneflower,purple coneflower
648,17,17,1,peruvian lily,peruvian lily
649,17,17,1,peruvian lily,peruvian lily
650,17,14,0,peruvian lily,yellow iris
651,17,45,0,peruvian lily,wallflower
652,17,17,1,peruvian lily,peruvian lily
653,17,17,1,peruvian lily,peruvian lily
654,17,101,0,peruvian lily,blackberry lily
655,17,17,1,peruvian lily,peruvian lily
656,17,17,1,peruvian lily,peruvian lily
657,17,17,1,peruvian lily,peruvian lily
658,17,17,1,peruvian lily,peruvian lily
659,17,17,1,peruvian lily,peruvian lily
660,17,17,1,peruvian lily,peruvian lily
661,17,17,1,peruvian lily,peruvian lily
662,17,88,0,peruvian lily,watercress
663,17,17,1,peruvian lily,peruvian lily
664,17,17,1,peruvian lily,peruvian lily
665,17,17,1,peruvian lily,peruvian lily
666,17,17,1,peruvian lily,peruvian lily
667,17,17,1,peruvian lily,peruvian lily
668,17,17,1,peruvian lily,peruvian lily
669,17,17,1,peruvian lily,peruvian lily
670,17,17,1,peruvian lily,peruvian lily
671,17,17,1,peruvian lily,peruvian lily
672,17,17,1,peruvian lily,peruvian lily
673,17,17,1,peruvian lily,peruvian lily
674,17,17,1,peruvian lily,peruvian lily
675,17,17,1,peruvian lily,peruvian lily
676,17,17,1,peruvian lily,peruvian lily
677,17,17,1,peruvian lily,peruvian lily
678,17,17,1,peruvian lily,peruvian lily
679,17,17,1,peruvian lily,peruvian lily
680,17,17,1,peruvian lily,peruvian lily
681,17,17,1,peruvian lily,peruvian lily
682,17,17,1,peruvian lily,peruvian lily
683,17,17,1,peruvian lily,peruvian lily
684,17,88,0,peruvian lily,watercress
685,17,17,1,peruvian lily,peruvian lily
686,17,17,1,peruvian lily,peruvian lily
687,17,17,1,peruvian lily,peruvian lily
688,17,17,1,peruvian lily,peruvian lily
689,17,17,1,peruvian lily,peruvian lily
690,17,17,1,peruvian lily,peruvian lily
691,17,17,1,peruvian lily,peruvian lily
692,17,17,1,peruvian lily,peruvian lily
693,17,17,1,peruvian lily,peruvian lily
694,17,17,1,peruvian lily,peruvian lily
695,17,17,1,peruvian lily,peruvian lily
696,17,17,1,peruvian lily,peruvian lily
697,17,17,1,peruvian lily,peruvian lily
698,17,17,1,peruvian lily,peruvian lily
699,17,88,0,peruvian lily,watercress
700,17,17,1,peruvian lily,peruvian lily
701,17,17,1,peruvian lily,peruvian lily
702,17,17,1,peruvian lily,peruvian lily
703,17,17,1,peruvian lily,peruvian lily
704,17,17,1,peruvian lily,peruvian lily
705,17,17,1,peruvian lily,peruvian lily
706,17,17,1,peruvian lily,peruvian lily
707,17,17,1,peruvian lily,peruvian lily
708,17,17,1,peruvian lily,peruvian lily
709,17,17,1,peruvian lily,peruvian lily
710,18,18,1,balloon flower,balloon flower
711,18,18,1,balloon flower,balloon flower
712,18,18,1,balloon flower,balloon flower
713,18,18,1,balloon flower,balloon flower
714,18,39,0,balloon flower,lenten rose
715,18,81,0,balloon flower,clematis
716,18,18,1,balloon flower,balloon flower
717,18,18,1,balloon flower,balloon flower
718,18,83,0,balloon flower,columbine
719,18,18,1,balloon flower,balloon flower
720,18,18,1,balloon flower,balloon flower
721,18,18,1,balloon flower,balloon flower
722,18,18,1,balloon flower,balloon flower
723,18,83,0,balloon flower,columbine
724,18,18,1,balloon flower,balloon flower
725,18,18,1,balloon flower,balloon flower
726,18,18,1,balloon flower,balloon flower
727,18,18,1,balloon flower,balloon flower
728,18,18,1,balloon flower,balloon flower
729,18,18,1,balloon flower,balloon flower
730,18,2,0,balloon flower,canterbury bells
731,18,18,1,balloon flower,balloon flower
732,18,79,0,balloon flower,anthurium
733,18,18,1,balloon flower,balloon flower
734,18,18,1,balloon flower,balloon flower
735,18,18,1,balloon flower,balloon flower
736,18,74,0,balloon flower,thorn apple
737,18,18,1,balloon flower,balloon flower
738,18,18,1,balloon flower,balloon flower
739,19,19,1,giant white arum lily,giant white arum lily
740,19,19,1,giant white arum lily,giant white arum lily
741,19,19,1,giant white arum lily,giant white arum lily
742,19,19,1,giant white arum lily,giant white arum lily
743,19,19,1,giant white arum lily,giant white arum lily
744,19,19,1,giant white arum lily,giant white arum lily
745,19,19,1,giant white arum lily,giant white arum lily
746,19,19,1,giant white arum lily,giant white arum lily
747,19,19,1,giant white arum lily,giant white arum lily
748,19,19,1,giant white arum lily,giant white arum lily
749,19,19,1,giant white arum lily,giant white arum lily
750,19,19,1,giant white arum lily,giant white arum lily
751,19,19,1,giant white arum lily,giant white arum lily
752,19,19,1,giant white arum lily,giant white arum lily
753,19,19,1,giant white arum lily,giant white arum lily
754,19,19,1,giant white arum lily,giant white arum lily
755,19,19,1,giant white arum lily,giant white arum lily
756,19,19,1,giant white arum lily,giant white arum lily
757,19,19,1,giant white arum lily,giant white arum lily
758,19,19,1,giant white arum lily,giant white arum lily
759,19,19,1,giant white arum lily,giant white arum lily
760,19,19,1,giant white arum lily,giant white arum lily
761,19,19,1,giant white arum lily,giant white arum lily
762,19,19,1,giant white arum lily,giant white arum lily
763,19,19,1,giant white arum lily,giant white arum lily
764,19,19,1,giant white arum lily,giant white arum lily
765,19,19,1,giant white arum lily,giant white arum lily
766,19,19,1,giant white arum lily,giant white arum lily
767,19,19,1,giant white arum lily,giant white arum lily
768,19,19,1,giant white arum lily,giant white arum lily
769,19,19,1,giant white arum lily,giant white arum lily
770,19,79,0,giant white arum lily,anthurium
771,19,19,1,giant white arum lily,giant white arum lily
772,19,19,1,giant white arum lily,giant white arum lily
773,19,19,1,giant white arum lily,giant white arum lily
774,19,19,1,giant white arum lily,giant white arum lily
775,21,21,1,pincushion flower,pincushion flower
776,21,21,1,pincushion flower,pincushion flower
777,21,21,1,pincushion flower,pincushion flower
778,21,21,1,pincushion flower,pincushion flower
779,21,21,1,pincushion flower,pincushion flower
780,21,21,1,pincushion flower,pincushion flower
781,21,21,1,pincushion flower,pincushion flower
782,21,21,1,pincushion flower,pincushion flower
783,21,21,1,pincushion flower,pincushion flower
784,21,21,1,pincushion flower,pincushion flower
785,21,37,0,pincushion flower,great masterwort
786,21,21,1,pincushion flower,pincushion flower
787,21,21,1,pincushion flower,pincushion flower
788,21,21,1,pincushion flower,pincushion flower
789,21,21,1,pincushion flower,pincushion flower
790,21,21,1,pincushion flower,pincushion flower
791,21,21,1,pincushion flower,pincushion flower
792,21,21,1,pincushion flower,pincushion flower
793,21,21,1,pincushion flower,pincushion flower
794,21,21,1,pincushion flower,pincushion flower
795,21,21,1,pincushion flower,pincushion flower
796,21,21,1,pincushion flower,pincushion flower
797,21,21,1,pincushion flower,pincushion flower
798,21,9,0,pincushion flower,globe thistle
799,21,21,1,pincushion flower,pincushion flower
800,21,21,1,pincushion flower,pincushion flower
801,21,21,1,pincushion flower,pincushion flower
802,21,21,1,pincushion flower,pincushion flower
803,21,21,1,pincushion flower,pincushion flower
804,21,21,1,pincushion flower,pincushion flower
805,21,21,1,pincushion flower,pincushion flower
806,21,21,1,pincushion flower,pincushion flower
807,21,21,1,pincushion flower,pincushion flower
808,21,21,1,pincushion flower,pincushion flower
809,21,21,1,pincushion flower,pincushion flower
810,21,21,1,pincushion flower,pincushion flower
811,21,21,1,pincushion flower,pincushion flower
812,21,21,1,pincushion flower,pincushion flower
813,21,21,1,pincushion flower,pincushion flower
814,22,22,1,fritillary,fritillary
815,22,96,0,fritillary,mallow
816,22,73,0,fritillary,rose
817,22,22,1,fritillary,fritillary
818,22,22,1,fritillary,fritillary
819,22,22,1,fritillary,fritillary
820,22,22,1,fritillary,fritillary
821,22,96,0,fritillary,mallow
822,22,22,1,fritillary,fritillary
823,22,22,1,fritillary,fritillary
824,22,22,1,fritillary,fritillary
825,22,22,1,fritillary,fritillary
826,22,54,0,fritillary,pelargonium
827,22,22,1,fritillary,fritillary
828,22,19,0,fritillary,giant white arum lily
829,22,22,1,fritillary,fritillary
830,22,22,1,fritillary,fritillary
831,22,39,0,fritillary,lenten rose
832,22,22,1,fritillary,fritillary
833,22,22,1,fritillary,fritillary
834,22,22,1,fritillary,fritillary
835,22,22,1,fritillary,fritillary
836,22,22,1,fritillary,fritillary
837,22,22,1,fritillary,fritillary
838,22,22,1,fritillary,fritillary
839,22,22,1,fritillary,fritillary
840,22,22,1,fritillary,fritillary
841,22,22,1,fritillary,fritillary
842,22,22,1,fritillary,fritillary
843,22,22,1,fritillary,fritillary
844,22,54,0,fritillary,pelargonium
845,22,22,1,fritillary,fritillary
846,22,22,1,fritillary,fritillary
847,22,22,1,fritillary,fritillary
848,22,22,1,fritillary,fritillary
849,22,22,1,fritillary,fritillary
850,22,79,0,fritillary,anthurium
851,22,22,1,fritillary,fritillary
852,22,22,1,fritillary,fritillary
853,22,22,1,fritillary,fritillary
854,22,86,0,fritillary,magnolia
855,22,22,1,fritillary,fritillary
856,22,22,1,fritillary,fritillary
857,22,22,1,fritillary,fritillary
858,22,22,1,fritillary,fritillary
859,22,22,1,fritillary,fritillary
860,22,22,1,fritillary,fritillary
861,22,22,1,fritillary,fritillary
862,22,22,1,fritillary,fritillary
863,22,22,1,fritillary,fritillary
864,22,22,1,fritillary,fritillary
865,22,22,1,fritillary,fritillary
866,22,22,1,fritillary,fritillary
867,22,22,1,fritillary,fritillary
868,22,22,1,fritillary,fritillary
869,22,22,1,fritillary,fritillary
870,22,22,1,fritillary,fritillary
871,22,22,1,fritillary,fritillary
872,22,22,1,fritillary,fritillary
873,22,22,1,fritillary,fritillary
874,22,22,1,fritillary,fritillary
875,22,22,1,fritillary,fritillary
876,22,22,1,fritillary,fritillary
877,22,22,1,fritillary,fritillary
878,22,22,1,fritillary,fritillary
879,22,22,1,fritillary,fritillary
880,22,22,1,fritillary,fritillary
881,22,22,1,fritillary,fritillary
882,22,22,1,fritillary,fritillary
883,22,96,0,fritillary,mallow
884,22,22,1,fritillary,fritillary
885,23,23,1,red ginger,red ginger
886,23,23,1,red ginger,red ginger
887,23,23,1,red ginger,red ginger
888,23,23,1,red ginger,red ginger
889,23,23,1,red ginger,red ginger
890,23,23,1,red ginger,red ginger
891,23,23,1,red ginger,red ginger
892,23,23,1,red ginger,red ginger
893,23,23,1,red ginger,red ginger
894,23,23,1,red ginger,red ginger
895,23,23,1,red ginger,red ginger
896,23,23,1,red ginger,red ginger
897,23,23,1,red ginger,red ginger
898,23,23,1,red ginger,red ginger
899,23,23,1,red ginger,red ginger
900,23,23,1,red ginger,red ginger
901,23,23,1,red ginger,red ginger
902,23,23,1,red ginger,red ginger
903,23,23,1,red ginger,red ginger
904,23,23,1,red ginger,red ginger
905,23,23,1,red ginger,red ginger
906,23,23,1,red ginger,red ginger
907,24,24,1,grape hyacinth,grape hyacinth
908,24,24,1,grape hyacinth,grape hyacinth
909,24,24,1,grape hyacinth,grape hyacinth
910,24,24,1,grape hyacinth,grape hyacinth
911,24,24,1,grape hyacinth,grape hyacinth
912,24,24,1,grape hyacinth,grape hyacinth
913,24,24,1,grape hyacinth,grape hyacinth
914,24,24,1,grape hyacinth,grape hyacinth
915,24,24,1,grape hyacinth,grape hyacinth
916,24,24,1,grape hyacinth,grape hyacinth
917,24,24,1,grape hyacinth,grape hyacinth
918,24,24,1,grape hyacinth,grape hyacinth
919,24,24,1,grape hyacinth,grape hyacinth
920,24,24,1,grape hyacinth,grape hyacinth
921,24,24,1,grape hyacinth,grape hyacinth
922,24,24,1,grape hyacinth,grape hyacinth
923,24,24,1,grape hyacinth,grape hyacinth
924,24,24,1,grape hyacinth,grape hyacinth
925,24,24,1,grape hyacinth,grape hyacinth
926,24,24,1,grape hyacinth,grape hyacinth
927,24,24,1,grape hyacinth,grape hyacinth
928,25,25,1,corn poppy,corn poppy
929,25,25,1,corn poppy,corn poppy
930,25,25,1,corn poppy,corn poppy
931,25,25,1,corn poppy,corn poppy
932,25,79,0,corn poppy,anthurium
933,25,87,0,corn poppy,cyclamen
934,25,25,1,corn poppy,corn poppy
935,25,79,0,corn poppy,anthurium
936,25,100,0,corn poppy,trumpet creeper
937,25,25,1,corn poppy,corn poppy
938,25,25,1,corn poppy,corn poppy
939,25,25,1,corn poppy,corn poppy
940,25,25,1,corn poppy,corn poppy
941,25,25,1,corn poppy,corn poppy
942,25,25,1,corn poppy,corn poppy
943,25,25,1,corn poppy,corn poppy
944,25,25,1,corn poppy,corn poppy
945,25,25,1,corn poppy,corn poppy
946,25,25,1,corn poppy,corn poppy
947,25,25,1,corn poppy,corn poppy
948,25,25,1,corn poppy,corn poppy
949,26,26,1,prince of wales feathers,prince of wales feathers
950,26,26,1,prince of wales feathers,prince of wales feathers
951,26,26,1,prince of wales feathers,prince of wales feathers
952,26,26,1,prince of wales feathers,prince of wales feathers
953,26,26,1,prince of wales feathers,prince of wales feathers
954,26,26,1,prince of wales feathers,prince of wales feathers
955,26,26,1,prince of wales feathers,prince of wales feathers
956,26,26,1,prince of wales feathers,prince of wales feathers
957,26,26,1,prince of wales feathers,prince of wales feathers
958,26,26,1,prince of wales feathers,prince of wales feathers
959,26,26,1,prince of wales feathers,prince of wales feathers
960,26,26,1,prince of wales feathers,prince of wales feathers
961,26,26,1,prince of wales feathers,prince of wales feathers
962,26,26,1,prince of wales feathers,prince of wales feathers
963,26,26,1,prince of wales feathers,prince of wales feathers
964,26,26,1,prince of wales feathers,prince of wales feathers
965,26,26,1,prince of wales feathers,prince of wales feathers
966,26,26,1,prince of wales feathers,prince of wales feathers
967,26,26,1,prince of wales feathers,prince of wales feathers
968,26,26,1,prince of wales feathers,prince of wales feathers
969,27,27,1,stemless gentian,stemless gentian
970,27,27,1,stemless gentian,stemless gentian
971,27,27,1,stemless gentian,stemless gentian
972,27,27,1,stemless gentian,stemless gentian
973,27,27,1,stemless gentian,stemless gentian
974,27,27,1,stemless gentian,stemless gentian
975,27,24,0,stemless gentian,grape hyacinth
976,27,27,1,stemless gentian,stemless gentian
977,27,27,1,stemless gentian,stemless gentian
978,27,27,1,stemless gentian,stemless gentian
979,27,27,1,stemless gentian,stemless gentian
980,27,27,1,stemless gentian,stemless gentian
981,27,27,1,stemless gentian,stemless gentian
982,27,27,1,stemless gentian,stemless gentian
983,27,27,1,stemless gentian,stemless gentian
984,27,27,1,stemless gentian,stemless gentian
985,27,27,1,stemless gentian,stemless gentian
986,27,27,1,stemless gentian,stemless gentian
987,27,27,1,stemless gentian,stemless gentian
988,27,27,1,stemless gentian,stemless gentian
989,27,27,1,stemless gentian,stemless gentian
990,27,27,1,stemless gentian,stemless gentian
991,27,27,1,stemless gentian,stemless gentian
992,27,27,1,stemless gentian,stemless gentian
993,27,27,1,stemless gentian,stemless gentian
994,27,27,1,stemless gentian,stemless gentian
995,27,27,1,stemless gentian,stemless gentian
996,27,27,1,stemless gentian,stemless gentian
997,27,27,1,stemless gentian,stemless gentian
998,27,27,1,stemless gentian,stemless gentian
999,27,27,1,stemless gentian,stemless gentian
1000,27,27,1,stemless gentian,stemless gentian
1001,27,27,1,stemless gentian,stemless gentian
1002,27,27,1,stemless gentian,stemless gentian
1003,27,27,1,stemless gentian,stemless gentian
1004,27,27,1,stemless gentian,stemless gentian
1005,27,27,1,stemless gentian,stemless gentian
1006,27,27,1,stemless gentian,stemless gentian
1007,27,27,1,stemless gentian,stemless gentian
1008,27,27,1,stemless gentian,stemless gentian
1009,27,27,1,stemless gentian,stemless gentian
1010,27,27,1,stemless gentian,stemless gentian
1011,27,27,1,stemless gentian,stemless gentian
1012,27,27,1,stemless gentian,stemless gentian
1013,27,27,1,stemless gentian,stemless gentian
1014,27,27,1,stemless gentian,stemless gentian
1015,28,28,1,artichoke,artichoke
1016,28,28,1,artichoke,artichoke
1017,28,28,1,artichoke,artichoke
1018,28,13,0,artichoke,spear thistle
1019,28,28,1,artichoke,artichoke
1020,28,13,0,artichoke,spear thistle
1021,28,28,1,artichoke,artichoke
1022,28,13,0,artichoke,spear thistle
1023,28,28,1,artichoke,artichoke
1024,28,13,0,artichoke,spear thistle
1025,28,28,1,artichoke,artichoke
1026,28,28,1,artichoke,artichoke
1027,28,28,1,artichoke,artichoke
1028,28,28,1,artichoke,artichoke
1029,28,28,1,artichoke,artichoke
1030,28,28,1,artichoke,artichoke
1031,28,28,1,artichoke,artichoke
1032,28,28,1,artichoke,artichoke
1033,28,28,1,artichoke,artichoke
1034,28,28,1,artichoke,artichoke
1035,28,28,1,artichoke,artichoke
1036,28,28,1,artichoke,artichoke
1037,28,28,1,artichoke,artichoke
1038,28,28,1,artichoke,artichoke
1039,28,28,1,artichoke,artichoke
1040,28,28,1,artichoke,artichoke
1041,28,28,1,artichoke,artichoke
1042,28,28,1,artichoke,artichoke
1043,28,28,1,artichoke,artichoke
1044,28,28,1,artichoke,artichoke
1045,28,28,1,artichoke,artichoke
1046,28,28,1,artichoke,artichoke
1047,28,28,1,artichoke,artichoke
1048,28,28,1,artichoke,artichoke
1049,28,28,1,artichoke,artichoke
1050,28,28,1,artichoke,artichoke
1051,28,28,1,artichoke,artichoke
1052,28,28,1,artichoke,artichoke
1053,28,28,1,artichoke,artichoke
1054,28,28,1,artichoke,artichoke
1055,28,28,1,artichoke,artichoke
1056,28,28,1,artichoke,artichoke
1057,28,28,1,artichoke,artichoke
1058,28,28,1,artichoke,artichoke
1059,28,28,1,artichoke,artichoke
1060,28,28,1,artichoke,artichoke
1061,28,28,1,artichoke,artichoke
1062,28,28,1,artichoke,artichoke
1063,28,28,1,artichoke,artichoke
1064,28,28,1,artichoke,artichoke
1065,28,28,1,artichoke,artichoke
1066,28,28,1,artichoke,artichoke
1067,28,28,1,artichoke,artichoke
1068,28,28,1,artichoke,artichoke
1069,28,28,1,artichoke,artichoke
1070,28,28,1,artichoke,artichoke
1071,28,28,1,artichoke,artichoke
1072,28,28,1,artichoke,artichoke
1073,29,85,0,sweet william,tree mallow
1074,29,29,1,sweet william,sweet william
1075,29,29,1,sweet william,sweet william
1076,29,29,1,sweet william,sweet william
1077,29,21,0,sweet william,pincushion flower
1078,29,31,0,sweet william,garden phlox
1079,29,23,0,sweet william,red ginger
1080,29,21,0,sweet william,pincushion flower
1081,29,30,0,sweet william,carnation
1082,29,29,1,sweet william,sweet william
1083,29,29,1,sweet william,sweet william
1084,29,29,1,sweet william,sweet william
1085,29,29,1,sweet william,sweet william
1086,29,93,0,sweet william,foxglove
1087,29,29,1,sweet william,sweet william
1088,29,29,1,sweet william,sweet william
1089,29,31,0,sweet william,garden phlox
1090,29,29,1,sweet william,sweet william
1091,29,29,1,sweet william,sweet william
1092,29,30,0,sweet william,carnation
1093,29,30,0,sweet william,carnation
1094,29,26,0,sweet william,prince of wales feathers
1095,29,21,0,sweet william,pincushion flower
1096,29,21,0,sweet william,pincushion flower
1097,29,21,0,sweet william,pincushion flower
1098,29,29,1,sweet william,sweet william
1099,29,84,0,sweet william,desert-rose
1100,29,29,1,sweet william,sweet william
1101,29,29,1,sweet william,sweet william
1102,29,29,1,sweet william,sweet william
1103,29,29,1,sweet william,sweet william
1104,29,29,1,sweet william,sweet william
1105,29,29,1,sweet william,sweet william
1106,29,29,1,sweet william,sweet william
1107,29,29,1,sweet william,sweet william
1108,29,29,1,sweet william,sweet william
1109,29,29,1,sweet william,sweet william
1110,29,29,1,sweet william,sweet william
1111,29,29,1,sweet william,sweet william
1112,29,29,1,sweet william,sweet william
1113,29,29,1,sweet william,sweet william
1114,29,29,1,sweet william,sweet william
1115,29,29,1,sweet william,sweet william
1116,29,29,1,sweet william,sweet william
1117,29,29,1,sweet william,sweet william
1118,29,29,1,sweet william,sweet william
1119,29,29,1,sweet william,sweet william
1120,29,29,1,sweet william,sweet william
1121,29,29,1,sweet william,sweet william
1122,29,29,1,sweet william,sweet william
1123,29,29,1,sweet william,sweet william
1124,29,29,1,sweet william,sweet william
1125,29,29,1,sweet william,sweet william
1126,29,29,1,sweet william,sweet william
1127,29,29,1,sweet william,sweet william
1128,29,29,1,sweet william,sweet william
1129,29,59,0,sweet william,pink-yellow dahlia?
1130,29,29,1,sweet william,sweet william
1131,29,29,1,sweet william,sweet william
1132,29,29,1,sweet william,sweet william
1133,29,29,1,sweet william,sweet william
1134,29,31,0,sweet william,garden phlox
1135,29,29,1,sweet william,sweet william
1136,29,29,1,sweet william,sweet william
1137,29,29,1,sweet william,sweet william
1138,30,29,0,carnation,sweet william
1139,30,30,1,carnation,carnation
1140,30,30,1,carnation,carnation
1141,30,30,1,carnation,carnation
1142,30,30,1,carnation,carnation
1143,30,30,1,carnation,carnation
1144,30,30,1,carnation,carnation
1145,30,30,1,carnation,carnation
1146,30,30,1,carnation,carnation
1147,30,30,1,carnation,carnation
1148,30,29,0,carnation,sweet william
1149,30,91,0,carnation,bee balm
1150,30,30,1,carnation,carnation
1151,30,30,1,carnation,carnation
1152,30,30,1,carnation,carnation
1153,30,30,1,carnation,carnation
1154,30,30,1,carnation,carnation
1155,30,30,1,carnation,carnation
1156,30,30,1,carnation,carnation
1157,30,30,1,carnation,carnation
1158,30,30,1,carnation,carnation
1159,30,30,1,carnation,carnation
1160,30,30,1,carnation,carnation
1161,30,30,1,carnation,carnation
1162,30,30,1,carnation,carnation
1163,30,11,0,carnation,colt's foot
1164,30,30,1,carnation,carnation
1165,30,30,1,carnation,carnation
1166,30,30,1,carnation,carnation
1167,30,30,1,carnation,carnation
1168,30,30,1,carnation,carnation
1169,30,30,1,carnation,carnation
1170,31,31,1,garden phlox,garden phlox
1171,31,75,0,garden phlox,morning glory
1172,31,31,1,garden phlox,garden phlox
1173,31,84,0,garden phlox,desert-rose
1174,31,84,0,garden phlox,desert-rose
1175,31,31,1,garden phlox,garden phlox
1176,31,31,1,garden phlox,garden phlox
1177,31,31,1,garden phlox,garden phlox
1178,31,31,1,garden phlox,garden phlox
1179,31,31,1,garden phlox,garden phlox
1180,31,31,1,garden phlox,garden phlox
1181,31,31,1,garden phlox,garden phlox
1182,31,29,0,garden phlox,sweet william
1183,31,21,0,garden phlox,pincushion flower
1184,31,31,1,garden phlox,garden phlox
1185,31,84,0,garden phlox,desert-rose
1186,31,31,1,garden phlox,garden phlox
1187,31,31,1,garden phlox,garden phlox
1188,31,31,1,garden phlox,garden phlox
1189,31,31,1,garden phlox,garden phlox
1190,31,59,0,garden phlox,pink-yellow dahlia?
1191,31,31,1,garden phlox,garden phlox
1192,31,31,1,garden phlox,garden phlox
1193,31,31,1,garden phlox,garden phlox
1194,31,31,1,garden phlox,garden phlox
1195,32,32,1,love in the mist,love in the mist
1196,32,32,1,love in the mist,love in the mist
1197,32,32,1,love in the mist,love in the mist
1198,32,32,1,love in the mist,love in the mist
1199,32,32,1,love in the mist,love in the mist
1200,32,32,1,love in the mist,love in the mist
1201,32,32,1,love in the mist,love in the mist
1202,32,32,1,love in the mist,love in the mist
1203,32,32,1,love in the mist,love in the mist
1204,32,34,0,love in the mist,alpine sea holly
1205,32,32,1,love in the mist,love in the mist
1206,32,32,1,love in the mist,love in the mist
1207,32,32,1,love in the mist,love in the mist
1208,32,32,1,love in the mist,love in the mist
1209,32,32,1,love in the mist,love in the mist
1210,32,32,1,love in the mist,love in the mist
1211,32,32,1,love in the mist,love in the mist
1212,32,32,1,love in the mist,love in the mist
1213,32,32,1,love in the mist,love in the mist
1214,32,32,1,love in the mist,love in the mist
1215,32,32,1,love in the mist,love in the mist
1216,32,32,1,love in the mist,love in the mist
1217,32,32,1,love in the mist,love in the mist
1218,32,32,1,love in the mist,love in the mist
1219,32,32,1,love in the mist,love in the mist
1220,32,32,1,love in the mist,love in the mist
1221,33,33,1,mexican aster,mexican aster
1222,33,33,1,mexican aster,mexican aster
1223,33,33,1,mexican aster,mexican aster
1224,33,33,1,mexican aster,mexican aster
1225,33,33,1,mexican aster,mexican aster
1226,33,33,1,mexican aster,mexican aster
1227,33,33,1,mexican aster,mexican aster
1228,33,33,1,mexican aster,mexican aster
1229,33,33,1,mexican aster,mexican aster
1230,33,33,1,mexican aster,mexican aster
1231,33,33,1,mexican aster,mexican aster
1232,33,65,0,mexican aster,osteospermum
1233,33,33,1,mexican aster,mexican aster
1234,33,33,1,mexican aster,mexican aster
1235,33,33,1,mexican aster,mexican aster
1236,33,33,1,mexican aster,mexican aster
1237,33,33,1,mexican aster,mexican aster
1238,33,33,1,mexican aster,mexican aster
1239,33,86,0,mexican aster,magnolia
1240,33,33,1,mexican aster,mexican aster
1241,34,34,1,alpine sea holly,alpine sea holly
1242,34,34,1,alpine sea holly,alpine sea holly
1243,34,34,1,alpine sea holly,alpine sea holly
1244,34,34,1,alpine sea holly,alpine sea holly
1245,34,34,1,alpine sea holly,alpine sea holly
1246,34,34,1,alpine sea holly,alpine sea holly
1247,34,34,1,alpine sea holly,alpine sea holly
1248,34,34,1,alpine sea holly,alpine sea holly
1249,34,34,1,alpine sea holly,alpine sea holly
1250,34,34,1,alpine sea holly,alpine sea holly
1251,34,34,1,alpine sea holly,alpine sea holly
1252,34,34,1,alpine sea holly,alpine sea holly
1253,34,34,1,alpine sea holly,alpine sea holly
1254,34,34,1,alpine sea holly,alpine sea holly
1255,34,34,1,alpine sea holly,alpine sea holly
1256,34,34,1,alpine sea holly,alpine sea holly
1257,34,34,1,alpine sea holly,alpine sea holly
1258,34,34,1,alpine sea holly,alpine sea holly
1259,34,34,1,alpine sea holly,alpine sea holly
1260,34,34,1,alpine sea holly,alpine sea holly
1261,34,34,1,alpine sea holly,alpine sea holly
1262,34,34,1,alpine sea holly,alpine sea holly
1263,34,34,1,alpine sea holly,alpine sea holly
1264,35,35,1,ruby-lipped cattleya,ruby-lipped cattleya
1265,35,35,1,ruby-lipped cattleya,ruby-lipped cattleya
1266,35,35,1,ruby-lipped cattleya,ruby-lipped cattleya
1267,35,35,1,ruby-lipped cattleya,ruby-lipped cattleya
1268,35,35,1,ruby-lipped cattleya,ruby-lipped cattleya
1269,35,35,1,ruby-lipped cattleya,ruby-lipped cattleya
1270,35,35,1,ruby-lipped cattleya,ruby-lipped cattleya
1271,35,31,0,ruby-lipped cattleya,garden phlox
1272,35,35,1,ruby-lipped cattleya,ruby-lipped cattleya
1273,35,35,1,ruby-lipped cattleya,ruby-lipped cattleya
1274,35,35,1,ruby-lipped cattleya,ruby-lipped cattleya
1275,35,35,1,ruby-lipped cattleya,ruby-lipped cattleya
1276,35,35,1,ruby-lipped cattleya,ruby-lipped cattleya
1277,35,35,1,ruby-lipped cattleya,ruby-lipped cattleya
1278,35,35,1,ruby-lipped cattleya,ruby-lipped cattleya
1279,35,35,1,ruby-lipped cattleya,ruby-lipped cattleya
1280,35,35,1,ruby-lipped cattleya,ruby-lipped cattleya
1281,35,35,1,ruby-lipped cattleya,ruby-lipped cattleya
1282,35,35,1,ruby-lipped cattleya,ruby-lipped cattleya
1283,35,3,0,ruby-lipped cattleya,sweet pea
1284,35,74,0,ruby-lipped cattleya,thorn apple
1285,35,35,1,ruby-lipped cattleya,ruby-lipped cattleya
1286,35,35,1,ruby-lipped cattleya,ruby-lipped cattleya
1287,35,35,1,ruby-lipped cattleya,ruby-lipped cattleya
1288,35,35,1,ruby-lipped cattleya,ruby-lipped cattleya
1289,35,35,1,ruby-lipped cattleya,ruby-lipped cattleya
1290,35,35,1,ruby-lipped cattleya,ruby-lipped cattleya
1291,35,35,1,ruby-lipped cattleya,ruby-lipped cattleya
1292,35,35,1,ruby-lipped cattleya,ruby-lipped cattleya
1293,35,35,1,ruby-lipped cattleya,ruby-lipped cattleya
1294,35,35,1,ruby-lipped cattleya,ruby-lipped cattleya
1295,35,35,1,ruby-lipped cattleya,ruby-lipped cattleya
1296,35,35,1,ruby-lipped cattleya,ruby-lipped cattleya
1297,35,35,1,ruby-lipped cattleya,ruby-lipped cattleya
1298,35,35,1,ruby-lipped cattleya,ruby-lipped cattleya
1299,35,35,1,ruby-lipped cattleya,ruby-lipped cattleya
1300,35,35,1,ruby-lipped cattleya,ruby-lipped cattleya
1301,35,35,1,ruby-lipped cattleya,ruby-lipped cattleya
1302,35,35,1,ruby-lipped cattleya,ruby-lipped cattleya
1303,35,3,0,ruby-lipped cattleya,sweet pea
1304,35,35,1,ruby-lipped cattleya,ruby-lipped cattleya
1305,35,35,1,ruby-lipped cattleya,ruby-lipped cattleya
1306,35,35,1,ruby-lipped cattleya,ruby-lipped cattleya
1307,35,35,1,ruby-lipped cattleya,ruby-lipped cattleya
1308,35,35,1,ruby-lipped cattleya,ruby-lipped cattleya
1309,35,35,1,ruby-lipped cattleya,ruby-lipped cattleya
1310,35,35,1,ruby-lipped cattleya,ruby-lipped cattleya
1311,35,35,1,ruby-lipped cattleya,ruby-lipped cattleya
1312,35,35,1,ruby-lipped cattleya,ruby-lipped cattleya
1313,35,35,1,ruby-lipped cattleya,ruby-lipped cattleya
1314,35,35,1,ruby-lipped cattleya,ruby-lipped cattleya
1315,35,35,1,ruby-lipped cattleya,ruby-lipped cattleya
1316,35,35,1,ruby-lipped cattleya,ruby-lipped cattleya
1317,35,35,1,ruby-lipped cattleya,ruby-lipped cattleya
1318,35,35,1,ruby-lipped cattleya,ruby-lipped cattleya
1319,36,36,1,cape flower,cape flower
1320,36,36,1,cape flower,cape flower
1321,36,56,0,cape flower,gaura
1322,36,36,1,cape flower,cape flower
1323,36,31,0,cape flower,garden phlox
1324,36,36,1,cape flower,cape flower
1325,36,36,1,cape flower,cape flower
1326,36,36,1,cape flower,cape flower
1327,36,36,1,cape flower,cape flower
1328,36,36,1,cape flower,cape flower
1329,36,36,1,cape flower,cape flower
1330,36,36,1,cape flower,cape flower
1331,36,36,1,cape flower,cape flower
1332,36,36,1,cape flower,cape flower
1333,36,36,1,cape flower,cape flower
1334,36,36,1,cape flower,cape flower
1335,36,36,1,cape flower,cape flower
1336,36,36,1,cape flower,cape flower
1337,36,36,1,cape flower,cape flower
1338,36,36,1,cape flower,cape flower
1339,36,36,1,cape flower,cape flower
1340,36,36,1,cape flower,cape flower
1341,36,36,1,cape flower,cape flower
1342,36,36,1,cape flower,cape flower
1343,36,36,1,cape flower,cape flower
1344,36,36,1,cape flower,cape flower
1345,36,36,1,cape flower,cape flower
1346,36,36,1,cape flower,cape flower
1347,36,36,1,cape flower,cape flower
1348,36,36,1,cape flower,cape flower
1349,36,36,1,cape flower,cape flower
1350,36,36,1,cape flower,cape flower
1351,36,36,1,cape flower,cape flower
1352,36,36,1,cape flower,cape flower
1353,36,36,1,cape flower,cape flower
1354,36,36,1,cape flower,cape flower
1355,36,36,1,cape flower,cape flower
1356,36,36,1,cape flower,cape flower
1357,36,36,1,cape flower,cape flower
1358,36,36,1,cape flower,cape flower
1359,36,36,1,cape flower,cape flower
1360,36,36,1,cape flower,cape flower
1361,36,36,1,cape flower,cape flower
1362,36,36,1,cape flower,cape flower
1363,36,36,1,cape flower,cape flower
1364,36,36,1,cape flower,cape flower
1365,36,36,1,cape flower,cape flower
1366,36,36,1,cape flower,cape flower
1367,36,36,1,cape flower,cape flower
1368,36,36,1,cape flower,cape flower
1369,36,36,1,cape flower,cape flower
1370,36,36,1,cape flower,cape flower
1371,36,36,1,cape flower,cape flower
1372,36,36,1,cape flower,cape flower
1373,36,36,1,cape flower,cape flower
1374,36,36,1,cape flower,cape flower
1375,36,36,1,cape flower,cape flower
1376,36,36,1,cape flower,cape flower
1377,36,36,1,cape flower,cape flower
1378,36,36,1,cape flower,cape flower
1379,36,36,1,cape flower,cape flower
1380,36,36,1,cape flower,cape flower
1381,36,36,1,cape flower,cape flower
1382,36,36,1,cape flower,cape flower
1383,36,36,1,cape flower,cape flower
1384,36,36,1,cape flower,cape flower
1385,36,36,1,cape flower,cape flower
1386,36,36,1,cape flower,cape flower
1387,36,36,1,cape flower,cape flower
1388,36,36,1,cape flower,cape flower
1389,36,36,1,cape flower,cape flower
1390,36,36,1,cape flower,cape flower
1391,36,36,1,cape flower,cape flower
1392,36,36,1,cape flower,cape flower
1393,36,36,1,cape flower,cape flower
1394,36,36,1,cape flower,cape flower
1395,36,36,1,cape flower,cape flower
1396,36,36,1,cape flower,cape flower
1397,36,36,1,cape flower,cape flower
1398,36,36,1,cape flower,cape flower
1399,36,36,1,cape flower,cape flower
1400,36,36,1,cape flower,cape flower
1401,36,36,1,cape flower,cape flower
1402,36,36,1,cape flower,cape flower
1403,36,36,1,cape flower,cape flower
1404,36,36,1,cape flower,cape flower
1405,36,36,1,cape flower,cape flower
1406,36,36,1,cape flower,cape flower
1407,37,37,1,great masterwort,great masterwort
1408,37,21,0,great masterwort,pincushion flower
1409,37,37,1,great masterwort,great masterwort
1410,37,37,1,great masterwort,great masterwort
1411,37,21,0,great masterwort,pincushion flower
1412,37,37,1,great masterwort,great masterwort
1413,37,37,1,great masterwort,great masterwort
1414,37,37,1,great masterwort,great masterwort
1415,37,21,0,great masterwort,pincushion flower
1416,37,37,1,great masterwort,great masterwort
1417,37,37,1,great masterwort,great masterwort
1418,37,37,1,great masterwort,great masterwort
1419,37,37,1,great masterwort,great masterwort
1420,37,37,1,great masterwort,great masterwort
1421,37,37,1,great masterwort,great masterwort
1422,37,37,1,great masterwort,great masterwort
1423,37,37,1,great masterwort,great masterwort
1424,37,37,1,great masterwort,great masterwort
1425,37,37,1,great masterwort,great masterwort
1426,37,37,1,great masterwort,great masterwort
1427,37,37,1,great masterwort,great masterwort
1428,37,37,1,great masterwort,great masterwort
1429,37,37,1,great masterwort,great masterwort
1430,37,37,1,great masterwort,great masterwort
1431,37,37,1,great masterwort,great masterwort
1432,37,37,1,great masterwort,great masterwort
1433,37,37,1,great masterwort,great masterwort
1434,37,37,1,great masterwort,great masterwort
1435,37,37,1,great masterwort,great masterwort
1436,37,37,1,great masterwort,great masterwort
1437,37,37,1,great masterwort,great masterwort
1438,37,37,1,great masterwort,great masterwort
1439,37,37,1,great masterwort,great masterwort
1440,37,37,1,great masterwort,great masterwort
1441,37,37,1,great masterwort,great masterwort
1442,37,37,1,great masterwort,great masterwort
1443,38,38,1,siam tulip,siam tulip
1444,38,38,1,siam tulip,siam tulip
1445,38,38,1,siam tulip,siam tulip
1446,38,38,1,siam tulip,siam tulip
1447,38,38,1,siam tulip,siam tulip
1448,38,38,1,siam tulip,siam tulip
1449,38,38,1,siam tulip,siam tulip
1450,38,38,1,siam tulip,siam tulip
1451,38,38,1,siam tulip,siam tulip
1452,38,77,0,siam tulip,lotus
1453,38,38,1,siam tulip,siam tulip
1454,38,38,1,siam tulip,siam tulip
1455,38,38,1,siam tulip,siam tulip
1456,38,38,1,siam tulip,siam tulip
1457,38,38,1,siam tulip,siam tulip
1458,38,38,1,siam tulip,siam tulip
1459,38,38,1,siam tulip,siam tulip
1460,38,38,1,siam tulip,siam tulip
1461,38,38,1,siam tulip,siam tulip
1462,38,38,1,siam tulip,siam tulip
1463,38,38,1,siam tulip,siam tulip
1464,39,39,1,lenten rose,lenten rose
1465,39,39,1,lenten rose,lenten rose
1466,39,39,1,lenten rose,lenten rose
1467,39,39,1,lenten rose,lenten rose
1468,39,39,1,lenten rose,lenten rose
1469,39,39,1,lenten rose,lenten rose
1470,39,39,1,lenten rose,lenten rose
1471,39,39,1,lenten rose,lenten rose
1472,39,39,1,lenten rose,lenten rose
1473,39,39,1,lenten rose,lenten rose
1474,39,39,1,lenten rose,lenten rose
1475,39,39,1,lenten rose,lenten rose
1476,39,39,1,lenten rose,lenten rose
1477,39,39,1,lenten rose,lenten rose
1478,39,39,1,lenten rose,lenten rose
1479,39,39,1,lenten rose,lenten rose
1480,39,39,1,lenten rose,lenten rose
1481,39,96,0,lenten rose,mallow
1482,39,39,1,lenten rose,lenten rose
1483,39,39,1,lenten rose,lenten rose
1484,39,39,1,lenten rose,lenten rose
1485,39,39,1,lenten rose,lenten rose
1486,39,93,0,lenten rose,foxglove
1487,39,39,1,lenten rose,lenten rose
1488,39,39,1,lenten rose,lenten rose
1489,39,39,1,lenten rose,lenten rose
1490,39,39,1,lenten rose,lenten rose
1491,39,39,1,lenten rose,lenten rose
1492,39,39,1,lenten rose,lenten rose
1493,39,39,1,lenten rose,lenten rose
1494,39,39,1,lenten rose,lenten rose
1495,39,39,1,lenten rose,lenten rose
1496,39,39,1,lenten rose,lenten rose
1497,39,39,1,lenten rose,lenten rose
1498,39,39,1,lenten rose,lenten rose
1499,39,39,1,lenten rose,lenten rose
1500,39,39,1,lenten rose,lenten rose
1501,39,39,1,lenten rose,lenten rose
1502,39,39,1,lenten rose,lenten rose
1503,39,79,0,lenten rose,anthurium
1504,39,39,1,lenten rose,lenten rose
1505,39,39,1,lenten rose,lenten rose
1506,39,39,1,lenten rose,lenten rose
1507,39,95,0,lenten rose,camellia
1508,39,39,1,lenten rose,lenten rose
1509,39,39,1,lenten rose,lenten rose
1510,39,39,1,lenten rose,lenten rose
1511,40,40,1,barbeton daisy,barbeton daisy
1512,40,40,1,barbeton daisy,barbeton daisy
1513,40,40,1,barbeton daisy,barbeton daisy
1514,40,40,1,barbeton daisy,barbeton daisy
1515,40,40,1,barbeton daisy,barbeton daisy
1516,40,40,1,barbeton daisy,barbeton daisy
1517,40,40,1,barbeton daisy,barbeton daisy
1518,40,82,0,barbeton daisy,hibiscus
1519,40,40,1,barbeton daisy,barbeton daisy
1520,40,40,1,barbeton daisy,barbeton daisy
1521,40,40,1,barbeton daisy,barbeton daisy
1522,40,40,1,barbeton daisy,barbeton daisy
1523,40,40,1,barbeton daisy,barbeton daisy
1524,40,40,1,barbeton daisy,barbeton daisy
1525,40,40,1,barbeton daisy,barbeton daisy
1526,40,40,1,barbeton daisy,barbeton daisy
1527,40,40,1,barbeton daisy,barbeton daisy
1528,40,49,0,barbeton daisy,common dandelion
1529,40,40,1,barbeton daisy,barbeton daisy
1530,40,40,1,barbeton daisy,barbeton daisy
1531,40,40,1,barbeton daisy,barbeton daisy
1532,40,48,0,barbeton daisy,oxeye daisy
1533,40,40,1,barbeton daisy,barbeton daisy
1534,40,40,1,barbeton daisy,barbeton daisy
1535,40,40,1,barbeton daisy,barbeton daisy
1536,40,40,1,barbeton daisy,barbeton daisy
1537,40,40,1,barbeton daisy,barbeton daisy
1538,40,40,1,barbeton daisy,barbeton daisy
1539,40,40,1,barbeton daisy,barbeton daisy
1540,40,40,1,barbeton daisy,barbeton daisy
1541,40,40,1,barbeton daisy,barbeton daisy
1542,40,40,1,barbeton daisy,barbeton daisy
1543,40,40,1,barbeton daisy,barbeton daisy
1544,40,40,1,barbeton daisy,barbeton daisy
1545,40,48,0,barbeton daisy,oxeye daisy
1546,40,40,1,barbeton daisy,barbeton daisy
1547,40,40,1,barbeton daisy,barbeton daisy
1548,40,40,1,barbeton daisy,barbeton daisy
1549,40,40,1,barbeton daisy,barbeton daisy
1550,40,40,1,barbeton daisy,barbeton daisy
1551,40,40,1,barbeton daisy,barbeton daisy
1552,40,40,1,barbeton daisy,barbeton daisy
1553,40,40,1,barbeton daisy,barbeton daisy
1554,40,55,0,barbeton daisy,bishop of llandaff
1555,40,40,1,barbeton daisy,barbeton daisy
1556,40,40,1,barbeton daisy,barbeton daisy
1557,40,40,1,barbeton daisy,barbeton daisy
1558,40,40,1,barbeton daisy,barbeton daisy
1559,40,40,1,barbeton daisy,barbeton daisy
1560,40,40,1,barbeton daisy,barbeton daisy
1561,40,40,1,barbeton daisy,barbeton daisy
1562,40,40,1,barbeton daisy,barbeton daisy
1563,40,40,1,barbeton daisy,barbeton daisy
1564,40,40,1,barbeton daisy,barbeton daisy
1565,40,40,1,barbeton daisy,barbeton daisy
1566,40,40,1,barbeton daisy,barbeton daisy
1567,40,49,0,barbeton daisy,common dandelion
1568,40,40,1,barbeton daisy,barbeton daisy
1569,40,40,1,barbeton daisy,barbeton daisy
1570,40,40,1,barbeton daisy,barbeton daisy
1571,40,40,1,barbeton daisy,barbeton daisy
1572,40,40,1,barbeton daisy,barbeton daisy
1573,40,40,1,barbeton daisy,barbeton daisy
1574,40,40,1,barbeton daisy,barbeton daisy
1575,40,4,0,barbeton daisy,english marigold
1576,40,40,1,barbeton daisy,barbeton daisy
1577,40,40,1,barbeton daisy,barbeton daisy
1578,40,40,1,barbeton daisy,barbeton daisy
1579,40,40,1,barbeton daisy,barbeton daisy
1580,40,40,1,barbeton daisy,barbeton daisy
1581,40,40,1,barbeton daisy,barbeton daisy
1582,40,40,1,barbeton daisy,barbeton daisy
1583,40,40,1,barbeton daisy,barbeton daisy
1584,40,40,1,barbeton daisy,barbeton daisy
1585,40,40,1,barbeton daisy,barbeton daisy
1586,40,40,1,barbeton daisy,barbeton daisy
1587,40,40,1,barbeton daisy,barbeton daisy
1588,40,40,1,barbeton daisy,barbeton daisy
1589,40,40,1,barbeton daisy,barbeton daisy
1590,40,40,1,barbeton daisy,barbeton daisy
1591,40,40,1,barbeton daisy,barbeton daisy
1592,40,40,1,barbeton daisy,barbeton daisy
1593,40,65,0,barbeton daisy,osteospermum
1594,40,40,1,barbeton daisy,barbeton daisy
1595,40,40,1,barbeton daisy,barbeton daisy
1596,40,40,1,barbeton daisy,barbeton daisy
1597,40,40,1,barbeton daisy,barbeton daisy
1598,40,40,1,barbeton daisy,barbeton daisy
1599,40,40,1,barbeton daisy,barbeton daisy
1600,40,40,1,barbeton daisy,barbeton daisy
1601,40,40,1,barbeton daisy,barbeton daisy
1602,40,40,1,barbeton daisy,barbeton daisy
1603,40,76,0,barbeton daisy,passion flower
1604,40,40,1,barbeton daisy,barbeton daisy
1605,40,40,1,barbeton daisy,barbeton daisy
1606,40,40,1,barbeton daisy,barbeton daisy
1607,40,40,1,barbeton daisy,barbeton daisy
1608,40,40,1,barbeton daisy,barbeton daisy
1609,40,17,0,barbeton daisy,peruvian lily
1610,40,40,1,barbeton daisy,barbeton daisy
1611,40,40,1,barbeton daisy,barbeton daisy
1612,40,40,1,barbeton daisy,barbeton daisy
1613,40,40,1,barbeton daisy,barbeton daisy
1614,40,40,1,barbeton daisy,barbeton daisy
1615,40,40,1,barbeton daisy,barbeton daisy
1616,40,40,1,barbeton daisy,barbeton daisy
1617,40,82,0,barbeton daisy,hibiscus
1618,41,41,1,daffodil,daffodil
1619,41,41,1,daffodil,daffodil
1620,41,41,1,daffodil,daffodil
1621,41,41,1,daffodil,daffodil
1622,41,14,0,daffodil,yellow iris
1623,41,41,1,daffodil,daffodil
1624,41,41,1,daffodil,daffodil
1625,41,41,1,daffodil,daffodil
1626,41,41,1,daffodil,daffodil
1627,41,41,1,daffodil,daffodil
1628,41,41,1,daffodil,daffodil
1629,41,41,1,daffodil,daffodil
1630,41,41,1,daffodil,daffodil
1631,41,41,1,daffodil,daffodil
1632,41,41,1,daffodil,daffodil
1633,41,41,1,daffodil,daffodil
1634,41,41,1,daffodil,daffodil
1635,41,41,1,daffodil,daffodil
1636,41,41,1,daffodil,daffodil
1637,41,41,1,daffodil,daffodil
1638,41,41,1,daffodil,daffodil
1639,41,41,1,daffodil,daffodil
1640,41,41,1,daffodil,daffodil
1641,41,41,1,daffodil,daffodil
1642,41,41,1,daffodil,daffodil
1643,41,41,1,daffodil,daffodil
1644,41,41,1,daffodil,daffodil
1645,41,41,1,daffodil,daffodil
1646,41,41,1,daffodil,daffodil
1647,41,41,1,daffodil,daffodil
1648,41,41,1,daffodil,daffodil
1649,41,41,1,daffodil,daffodil
1650,41,41,1,daffodil,daffodil
1651,41,41,1,daffodil,daffodil
1652,41,41,1,daffodil,daffodil
1653,41,41,1,daffodil,daffodil
1654,41,41,1,daffodil,daffodil
1655,41,41,1,daffodil,daffodil
1656,41,41,1,daffodil,daffodil
1657,42,42,1,sword lily,sword lily
1658,42,42,1,sword lily,sword lily
1659,42,42,1,sword lily,sword lily
1660,42,42,1,sword lily,sword lily
1661,42,42,1,sword lily,sword lily
1662,42,30,0,sword lily,carnation
1663,42,42,1,sword lily,sword lily
1664,42,87,0,sword lily,cyclamen
1665,42,42,1,sword lily,sword lily
1666,42,42,1,sword lily,sword lily
1667,42,42,1,sword lily,sword lily
1668,42,42,1,sword lily,sword lily
1669,42,42,1,sword lily,sword lily
1670,42,73,0,sword lily,rose
1671,42,42,1,sword lily,sword lily
1672,42,42,1,sword lily,sword lily
1673,42,42,1,sword lily,sword lily
1674,42,42,1,sword lily,sword lily
1675,42,42,1,sword lily,sword lily
1676,42,42,1,sword lily,sword lily
1677,42,42,1,sword lily,sword lily
1678,42,74,0,sword lily,thorn apple
1679,42,42,1,sword lily,sword lily
1680,42,42,1,sword lily,sword lily
1681,42,42,1,sword lily,sword lily
1682,42,97,0,sword lily,mexican petunia
1683,42,3,0,sword lily,sweet pea
1684,42,42,1,sword lily,sword lily
1685,42,82,0,sword lily,hibiscus
1686,42,42,1,sword lily,sword lily
1687,42,42,1,sword lily,sword lily
1688,42,10,0,sword lily,snapdragon
1689,42,42,1,sword lily,sword lily
1690,42,27,0,sword lily,stemless gentian
1691,42,42,1,sword lily,sword lily
1692,42,42,1,sword lily,sword lily
1693,42,42,1,sword lily,sword lily
1694,42,42,1,sword lily,sword lily
1695,42,84,0,sword lily,desert-rose
1696,42,42,1,sword lily,sword lily
1697,42,42,1,sword lily,sword lily
1698,42,42,1,sword lily,sword lily
1699,42,42,1,sword lily,sword lily
1700,42,42,1,sword lily,sword lily
1701,42,42,1,sword lily,sword lily
1702,42,42,1,sword lily,sword lily
1703,42,42,1,sword lily,sword lily
1704,42,42,1,sword lily,sword lily
1705,42,42,1,sword lily,sword lily
1706,42,84,0,sword lily,desert-rose
1707,42,44,0,sword lily,bolero deep blue
1708,42,42,1,sword lily,sword lily
1709,42,84,0,sword lily,desert-rose
1710,42,38,0,sword lily,siam tulip
1711,42,42,1,sword lily,sword lily
1712,42,42,1,sword lily,sword lily
1713,42,42,1,sword lily,sword lily
1714,42,84,0,sword lily,desert-rose
1715,42,42,1,sword lily,sword lily
1716,42,74,0,sword lily,thorn apple
1717,42,88,0,sword lily,watercress
1718,42,42,1,sword lily,sword lily
1719,42,42,1,sword lily,sword lily
1720,42,42,1,sword lily,sword lily
1721,42,24,0,sword lily,grape hyacinth
1722,42,42,1,sword lily,sword lily
1723,42,42,1,sword lily,sword lily
1724,42,42,1,sword lily,sword lily
1725,42,42,1,sword lily,sword lily
1726,42,84,0,sword lily,desert-rose
1727,42,42,1,sword lily,sword lily
1728,42,42,1,sword lily,sword lily
1729,42,42,1,sword lily,sword lily
1730,42,84,0,sword lily,desert-rose
1731,42,42,1,sword lily,sword lily
1732,42,42,1,sword lily,sword lily
1733,42,74,0,sword lily,thorn apple
1734,42,42,1,sword lily,sword lily
1735,42,42,1,sword lily,sword lily
1736,42,89,0,sword lily,canna lily
1737,42,42,1,sword lily,sword lily
1738,42,42,1,sword lily,sword lily
1739,42,42,1,sword lily,sword lily
1740,42,42,1,sword lily,sword lily
1741,42,73,0,sword lily,rose
1742,42,88,0,sword lily,watercress
1743,42,97,0,sword lily,mexican petunia
1744,42,92,0,sword lily,ball moss
1745,42,42,1,sword lily,sword lily
1746,42,42,1,sword lily,sword lily
1747,42,15,0,sword lily,globe-flower
1748,42,42,1,sword lily,sword lily
1749,42,90,0,sword lily,hippeastrum
1750,42,31,0,sword lily,garden phlox
1751,42,74,0,sword lily,thorn apple
1752,42,42,1,sword lily,sword lily
1753,42,42,1,sword lily,sword lily
1754,42,42,1,sword lily,sword lily
1755,42,84,0,sword lily,desert-rose
1756,42,42,1,sword lily,sword lily
1757,42,44,0,sword lily,bolero deep blue
1758,42,42,1,sword lily,sword lily
1759,42,42,1,sword lily,sword lily
1760,42,42,1,sword lily,sword lily
1761,42,84,0,sword lily,desert-rose
1762,42,42,1,sword lily,sword lily
1763,42,42,1,sword lily,sword lily
1764,42,3,0,sword lily,sweet pea
1765,42,42,1,sword lily,sword lily
1766,42,42,1,sword lily,sword lily
1767,43,43,1,poinsettia,poinsettia
1768,43,43,1,poinsettia,poinsettia
1769,43,43,1,poinsettia,poinsettia
1770,43,43,1,poinsettia,poinsettia
1771,43,43,1,poinsettia,poinsettia
1772,43,43,1,poinsettia,poinsettia
1773,43,43,1,poinsettia,poinsettia
1774,43,43,1,poinsettia,poinsettia
1775,43,43,1,poinsettia,poinsettia
1776,43,43,1,poinsettia,poinsettia
1777,43,43,1,poinsettia,poinsettia
1778,43,43,1,poinsettia,poinsettia
1779,43,43,1,poinsettia,poinsettia
1780,43,43,1,poinsettia,poinsettia
1781,43,43,1,poinsettia,poinsettia
1782,43,43,1,poinsettia,poinsettia
1783,43,43,1,poinsettia,poinsettia
1784,43,43,1,poinsettia,poinsettia
1785,43,43,1,poinsettia,poinsettia
1786,43,43,1,poinsettia,poinsettia
1787,43,43,1,poinsettia,poinsettia
1788,43,43,1,poinsettia,poinsettia
1789,43,43,1,poinsettia,poinsettia
1790,43,55,0,poinsettia,bishop of llandaff
1791,43,43,1,poinsettia,poinsettia
1792,43,43,1,poinsettia,poinsettia
1793,43,43,1,poinsettia,poinsettia
1794,43,43,1,poinsettia,poinsettia
1795,43,43,1,poinsettia,poinsettia
1796,43,43,1,poinsettia,poinsettia
1797,43,43,1,poinsettia,poinsettia
1798,43,43,1,poinsettia,poinsettia
1799,43,43,1,poinsettia,poinsettia
1800,43,43,1,poinsettia,poinsettia
1801,43,43,1,poinsettia,poinsettia
1802,43,43,1,poinsettia,poinsettia
1803,43,43,1,poinsettia,poinsettia
1804,43,43,1,poinsettia,poinsettia
1805,43,43,1,poinsettia,poinsettia
1806,43,43,1,poinsettia,poinsettia
1807,43,43,1,poinsettia,poinsettia
1808,43,43,1,poinsettia,poinsettia
1809,43,43,1,poinsettia,poinsettia
1810,43,43,1,poinsettia,poinsettia
1811,43,43,1,poinsettia,poinsettia
1812,43,43,1,poinsettia,poinsettia
1813,43,43,1,poinsettia,poinsettia
1814,43,43,1,poinsettia,poinsettia
1815,43,43,1,poinsettia,poinsettia
1816,43,43,1,poinsettia,poinsettia
1817,43,43,1,poinsettia,poinsettia
1818,43,43,1,poinsettia,poinsettia
1819,43,43,1,poinsettia,poinsettia
1820,43,43,1,poinsettia,poinsettia
1821,43,43,1,poinsettia,poinsettia
1822,43,43,1,poinsettia,poinsettia
1823,43,43,1,poinsettia,poinsettia
1824,43,43,1,poinsettia,poinsettia
1825,43,43,1,poinsettia,poinsettia
1826,43,43,1,poinsettia,poinsettia
1827,43,43,1,poinsettia,poinsettia
1828,43,43,1,poinsettia,poinsettia
1829,43,43,1,poinsettia,poinsettia
1830,43,81,0,poinsettia,clematis
1831,43,43,1,poinsettia,poinsettia
1832,43,43,1,poinsettia,poinsettia
1833,43,43,1,poinsettia,poinsettia
1834,43,43,1,poinsettia,poinsettia
1835,43,43,1,poinsettia,poinsettia
1836,43,43,1,poinsettia,poinsettia
1837,43,43,1,poinsettia,poinsettia
1838,43,43,1,poinsettia,poinsettia
1839,43,43,1,poinsettia,poinsettia
1840,44,44,1,bolero deep blue,bolero deep blue
1841,44,44,1,bolero deep blue,bolero deep blue
1842,44,44,1,bolero deep blue,bolero deep blue
1843,44,44,1,bolero deep blue,bolero deep blue
1844,44,44,1,bolero deep blue,bolero deep blue
1845,44,44,1,bolero deep blue,bolero deep blue
1846,44,44,1,bolero deep blue,bolero deep blue
1847,44,44,1,bolero deep blue,bolero deep blue
1848,44,44,1,bolero deep blue,bolero deep blue
1849,44,44,1,bolero deep blue,bolero deep blue
1850,44,44,1,bolero deep blue,bolero deep blue
1851,44,44,1,bolero deep blue,bolero deep blue
1852,44,44,1,bolero deep blue,bolero deep blue
1853,44,44,1,bolero deep blue,bolero deep blue
1854,44,44,1,bolero deep blue,bolero deep blue
1855,44,44,1,bolero deep blue,bolero deep blue
1856,44,44,1,bolero deep blue,bolero deep blue
1857,44,44,1,bolero deep blue,bolero deep blue
1858,44,44,1,bolero deep blue,bolero deep blue
1859,44,44,1,bolero deep blue,bolero deep blue
1860,45,45,1,wallflower,wallflower
1861,45,45,1,wallflower,wallflower
1862,45,45,1,wallflower,wallflower
1863,45,45,1,wallflower,wallflower
1864,45,45,1,wallflower,wallflower
1865,45,45,1,wallflower,wallflower
1866,45,45,1,wallflower,wallflower
1867,45,45,1,wallflower,wallflower
1868,45,45,1,wallflower,wallflower
1869,45,45,1,wallflower,wallflower
1870,45,45,1,wallflower,wallflower
1871,45,45,1,wallflower,wallflower
1872,45,45,1,wallflower,wallflower
1873,45,45,1,wallflower,wallflower
1874,45,45,1,wallflower,wallflower
1875,45,45,1,wallflower,wallflower
1876,45,45,1,wallflower,wallflower
1877,45,45,1,wallflower,wallflower
1878,45,45,1,wallflower,wallflower
1879,45,45,1,wallflower,wallflower
1880,45,45,1,wallflower,wallflower
1881,45,45,1,wallflower,wallflower
1882,45,45,1,wallflower,wallflower
1883,45,88,0,wallflower,watercress
1884,45,45,1,wallflower,wallflower
1885,45,45,1,wallflower,wallflower
1886,45,45,1,wallflower,wallflower
1887,45,45,1,wallflower,wallflower
1888,45,43,0,wallflower,poinsettia
1889,45,45,1,wallflower,wallflower
1890,45,45,1,wallflower,wallflower
1891,45,45,1,wallflower,wallflower
1892,45,45,1,wallflower,wallflower
1893,45,45,1,wallflower,wallflower
1894,45,45,1,wallflower,wallflower
1895,45,45,1,wallflower,wallflower
1896,45,45,1,wallflower,wallflower
1897,45,45,1,wallflower,wallflower
1898,45,45,1,wallflower,wallflower
1899,45,45,1,wallflower,wallflower
1900,45,45,1,wallflower,wallflower
1901,45,45,1,wallflower,wallflower
1902,45,45,1,wallflower,wallflower
1903,45,45,1,wallflower,wallflower
1904,45,45,1,wallflower,wallflower
1905,45,45,1,wallflower,wallflower
1906,45,45,1,wallflower,wallflower
1907,45,45,1,wallflower,wallflower
1908,45,45,1,wallflower,wallflower
1909,45,45,1,wallflower,wallflower
1910,45,45,1,wallflower,wallflower
1911,45,45,1,wallflower,wallflower
1912,45,45,1,wallflower,wallflower
1913,45,45,1,wallflower,wallflower
1914,45,45,1,wallflower,wallflower
1915,45,45,1,wallflower,wallflower
1916,45,45,1,wallflower,wallflower
1917,45,45,1,wallflower,wallflower
1918,45,45,1,wallflower,wallflower
1919,45,4,0,wallflower,english marigold
1920,45,45,1,wallflower,wallflower
1921,45,84,0,wallflower,desert-rose
1922,45,45,1,wallflower,wallflower
1923,45,45,1,wallflower,wallflower
1924,45,45,1,wallflower,wallflower
1925,45,45,1,wallflower,wallflower
1926,45,45,1,wallflower,wallflower
1927,45,45,1,wallflower,wallflower
1928,45,45,1,wallflower,wallflower
1929,45,45,1,wallflower,wallflower
1930,45,45,1,wallflower,wallflower
1931,45,45,1,wallflower,wallflower
1932,45,45,1,wallflower,wallflower
1933,45,45,1,wallflower,wallflower
1934,45,45,1,wallflower,wallflower
1935,45,45,1,wallflower,wallflower
1936,45,45,1,wallflower,wallflower
1937,45,45,1,wallflower,wallflower
1938,45,45,1,wallflower,wallflower
1939,45,45,1,wallflower,wallflower
1940,45,45,1,wallflower,wallflower
1941,45,45,1,wallflower,wallflower
1942,45,45,1,wallflower,wallflower
1943,45,45,1,wallflower,wallflower
1944,45,45,1,wallflower,wallflower
1945,45,45,1,wallflower,wallflower
1946,45,45,1,wallflower,wallflower
1947,45,45,1,wallflower,wallflower
1948,45,45,1,wallflower,wallflower
1949,45,45,1,wallflower,wallflower
1950,45,45,1,wallflower,wallflower
1951,45,45,1,wallflower,wallflower
1952,45,45,1,wallflower,wallflower
1953,45,45,1,wallflower,wallflower
1954,45,45,1,wallflower,wallflower
1955,45,45,1,wallflower,wallflower
1956,45,45,1,wallflower,wallflower
1957,45,45,1,wallflower,wallflower
1958,45,45,1,wallflower,wallflower
1959,45,45,1,wallflower,wallflower
1960,45,45,1,wallflower,wallflower
1961,45,45,1,wallflower,wallflower
1962,45,45,1,wallflower,wallflower
1963,45,45,1,wallflower,wallflower
1964,45,45,1,wallflower,wallflower
1965,45,45,1,wallflower,wallflower
1966,45,45,1,wallflower,wallflower
1967,45,45,1,wallflower,wallflower
1968,45,45,1,wallflower,wallflower
1969,45,45,1,wallflower,wallflower
1970,45,88,0,wallflower,watercress
1971,45,45,1,wallflower,wallflower
1972,45,45,1,wallflower,wallflower
1973,45,45,1,wallflower,wallflower
1974,45,45,1,wallflower,wallflower
1975,45,45,1,wallflower,wallflower
1976,45,45,1,wallflower,wallflower
1977,45,45,1,wallflower,wallflower
1978,45,45,1,wallflower,wallflower
1979,45,45,1,wallflower,wallflower
1980,45,45,1,wallflower,wallflower
1981,45,45,1,wallflower,wallflower
1982,45,45,1,wallflower,wallflower
1983,45,45,1,wallflower,wallflower
1984,45,45,1,wallflower,wallflower
1985,45,45,1,wallflower,wallflower
1986,45,45,1,wallflower,wallflower
1987,45,45,1,wallflower,wallflower
1988,45,45,1,wallflower,wallflower
1989,45,45,1,wallflower,wallflower
1990,45,45,1,wallflower,wallflower
1991,45,45,1,wallflower,wallflower
1992,45,45,1,wallflower,wallflower
1993,45,45,1,wallflower,wallflower
1994,45,45,1,wallflower,wallflower
1995,45,45,1,wallflower,wallflower
1996,45,45,1,wallflower,wallflower
1997,45,45,1,wallflower,wallflower
1998,45,45,1,wallflower,wallflower
1999,45,45,1,wallflower,wallflower
2000,45,45,1,wallflower,wallflower
2001,45,45,1,wallflower,wallflower
2002,45,45,1,wallflower,wallflower
2003,45,45,1,wallflower,wallflower
2004,45,45,1,wallflower,wallflower
2005,45,45,1,wallflower,wallflower
2006,45,45,1,wallflower,wallflower
2007,45,45,1,wallflower,wallflower
2008,45,45,1,wallflower,wallflower
2009,45,45,1,wallflower,wallflower
2010,45,45,1,wallflower,wallflower
2011,45,45,1,wallflower,wallflower
2012,45,45,1,wallflower,wallflower
2013,45,45,1,wallflower,wallflower
2014,45,45,1,wallflower,wallflower
2015,45,45,1,wallflower,wallflower
2016,45,45,1,wallflower,wallflower
2017,45,45,1,wallflower,wallflower
2018,45,45,1,wallflower,wallflower
2019,45,45,1,wallflower,wallflower
2020,45,45,1,wallflower,wallflower
2021,45,45,1,wallflower,wallflower
2022,45,45,1,wallflower,wallflower
2023,45,45,1,wallflower,wallflower
2024,45,45,1,wallflower,wallflower
2025,45,45,1,wallflower,wallflower
2026,45,45,1,wallflower,wallflower
2027,45,45,1,wallflower,wallflower
2028,45,45,1,wallflower,wallflower
2029,45,45,1,wallflower,wallflower
2030,45,45,1,wallflower,wallflower
2031,45,45,1,wallflower,wallflower
2032,45,45,1,wallflower,wallflower
2033,45,45,1,wallflower,wallflower
2034,45,45,1,wallflower,wallflower
2035,45,45,1,wallflower,wallflower
2036,46,46,1,marigold,marigold
2037,46,46,1,marigold,marigold
2038,46,46,1,marigold,marigold
2039,46,46,1,marigold,marigold
2040,46,46,1,marigold,marigold
2041,46,46,1,marigold,marigold
2042,46,46,1,marigold,marigold
2043,46,46,1,marigold,marigold
2044,46,46,1,marigold,marigold
2045,46,46,1,marigold,marigold
2046,46,46,1,marigold,marigold
2047,46,46,1,marigold,marigold
2048,46,46,1,marigold,marigold
2049,46,46,1,marigold,marigold
2050,46,46,1,marigold,marigold
2051,46,46,1,marigold,marigold
2052,46,46,1,marigold,marigold
2053,46,46,1,marigold,marigold
2054,46,46,1,marigold,marigold
2055,46,46,1,marigold,marigold
2056,46,46,1,marigold,marigold
2057,46,46,1,marigold,marigold
2058,46,46,1,marigold,marigold
2059,46,46,1,marigold,marigold
2060,46,46,1,marigold,marigold
2061,46,46,1,marigold,marigold
2062,46,46,1,marigold,marigold
2063,46,46,1,marigold,marigold
2064,46,46,1,marigold,marigold
2065,46,46,1,marigold,marigold
2066,46,46,1,marigold,marigold
2067,46,46,1,marigold,marigold
2068,46,46,1,marigold,marigold
2069,46,46,1,marigold,marigold
2070,46,46,1,marigold,marigold
2071,46,46,1,marigold,marigold
2072,46,46,1,marigold,marigold
2073,46,46,1,marigold,marigold
2074,46,46,1,marigold,marigold
2075,46,46,1,marigold,marigold
2076,46,46,1,marigold,marigold
2077,46,46,1,marigold,marigold
2078,46,46,1,marigold,marigold
2079,46,46,1,marigold,marigold
2080,46,46,1,marigold,marigold
2081,46,46,1,marigold,marigold
2082,46,46,1,marigold,marigold
2083,47,47,1,buttercup,buttercup
2084,47,47,1,buttercup,buttercup
2085,47,47,1,buttercup,buttercup
2086,47,47,1,buttercup,buttercup
2087,47,47,1,buttercup,buttercup
2088,47,47,1,buttercup,buttercup
2089,47,64,0,buttercup,californian poppy
2090,47,47,1,buttercup,buttercup
2091,47,47,1,buttercup,buttercup
2092,47,15,0,buttercup,globe-flower
2093,47,47,1,buttercup,buttercup
2094,47,47,1,buttercup,buttercup
2095,47,47,1,buttercup,buttercup
2096,47,47,1,buttercup,buttercup
2097,47,47,1,buttercup,buttercup
2098,47,47,1,buttercup,buttercup
2099,47,47,1,buttercup,buttercup
2100,47,47,1,buttercup,buttercup
2101,47,47,1,buttercup,buttercup
2102,47,47,1,buttercup,buttercup
2103,47,47,1,buttercup,buttercup
2104,47,47,1,buttercup,buttercup
2105,47,47,1,buttercup,buttercup
2106,47,47,1,buttercup,buttercup
2107,47,47,1,buttercup,buttercup
2108,47,47,1,buttercup,buttercup
2109,47,47,1,buttercup,buttercup
2110,47,47,1,buttercup,buttercup
2111,47,47,1,buttercup,buttercup
2112,47,47,1,buttercup,buttercup
2113,47,47,1,buttercup,buttercup
2114,47,47,1,buttercup,buttercup
2115,47,47,1,buttercup,buttercup
2116,47,47,1,buttercup,buttercup
2117,47,47,1,buttercup,buttercup
2118,47,47,1,buttercup,buttercup
2119,47,79,0,buttercup,anthurium
2120,47,47,1,buttercup,buttercup
2121,47,47,1,buttercup,buttercup
2122,47,47,1,buttercup,buttercup
2123,47,47,1,buttercup,buttercup
2124,47,47,1,buttercup,buttercup
2125,47,47,1,buttercup,buttercup
2126,47,47,1,buttercup,buttercup
2127,47,47,1,buttercup,buttercup
2128,47,47,1,buttercup,buttercup
2129,47,47,1,buttercup,buttercup
2130,47,47,1,buttercup,buttercup
2131,47,47,1,buttercup,buttercup
2132,47,47,1,buttercup,buttercup
2133,47,47,1,buttercup,buttercup
2134,48,48,1,oxeye daisy,oxeye daisy
2135,48,48,1,oxeye daisy,oxeye daisy
2136,48,48,1,oxeye daisy,oxeye daisy
2137,48,48,1,oxeye daisy,oxeye daisy
2138,48,48,1,oxeye daisy,oxeye daisy
2139,48,48,1,oxeye daisy,oxeye daisy
2140,48,48,1,oxeye daisy,oxeye daisy
2141,48,48,1,oxeye daisy,oxeye daisy
2142,48,48,1,oxeye daisy,oxeye daisy
2143,48,48,1,oxeye daisy,oxeye daisy
2144,48,48,1,oxeye daisy,oxeye daisy
2145,48,48,1,oxeye daisy,oxeye daisy
2146,48,48,1,oxeye daisy,oxeye daisy
2147,48,48,1,oxeye daisy,oxeye daisy
2148,48,48,1,oxeye daisy,oxeye daisy
2149,48,48,1,oxeye daisy,oxeye daisy
2150,48,48,1,oxeye daisy,oxeye daisy
2151,48,48,1,oxeye daisy,oxeye daisy
2152,48,48,1,oxeye daisy,oxeye daisy
2153,48,48,1,oxeye daisy,oxeye daisy
2154,48,48,1,oxeye daisy,oxeye daisy
2155,48,48,1,oxeye daisy,oxeye daisy
2156,48,48,1,oxeye daisy,oxeye daisy
2157,48,48,1,oxeye daisy,oxeye daisy
2158,48,48,1,oxeye daisy,oxeye daisy
2159,48,48,1,oxeye daisy,oxeye daisy
2160,48,48,1,oxeye daisy,oxeye daisy
2161,48,48,1,oxeye daisy,oxeye daisy
2162,48,48,1,oxeye daisy,oxeye daisy
2163,49,49,1,common dandelion,common dandelion
2164,49,49,1,common dandelion,common dandelion
2165,49,49,1,common dandelion,common dandelion
2166,49,49,1,common dandelion,common dandelion
2167,49,49,1,common dandelion,common dandelion
2168,49,49,1,common dandelion,common dandelion
2169,49,49,1,common dandelion,common dandelion
2170,49,49,1,common dandelion,common dandelion
2171,49,49,1,common dandelion,common dandelion
2172,49,49,1,common dandelion,common dandelion
2173,49,49,1,common dandelion,common dandelion
2174,49,49,1,common dandelion,common dandelion
2175,49,49,1,common dandelion,common dandelion
2176,49,49,1,common dandelion,common dandelion
2177,49,49,1,common dandelion,common dandelion
2178,49,49,1,common dandelion,common dandelion
2179,49,49,1,common dandelion,common dandelion
2180,49,49,1,common dandelion,common dandelion
2181,49,49,1,common dandelion,common dandelion
2182,49,49,1,common dandelion,common dandelion
2183,49,49,1,common dandelion,common dandelion
2184,49,49,1,common dandelion,common dandelion
2185,49,49,1,common dandelion,common dandelion
2186,49,49,1,common dandelion,common dandelion
2187,49,49,1,common dandelion,common dandelion
2188,49,49,1,common dandelion,common dandelion
2189,49,49,1,common dandelion,common dandelion
2190,49,49,1,common dandelion,common dandelion
2191,49,49,1,common dandelion,common dandelion
2192,49,49,1,common dandelion,common dandelion
2193,49,49,1,common dandelion,common dandelion
2194,49,11,0,common dandelion,colt's foot
2195,49,49,1,common dandelion,common dandelion
2196,49,49,1,common dandelion,common dandelion
2197,49,49,1,common dandelion,common dandelion
2198,49,49,1,common dandelion,common dandelion
2199,49,49,1,common dandelion,common dandelion
2200,49,49,1,common dandelion,common dandelion
2201,49,49,1,common dandelion,common dandelion
2202,49,49,1,common dandelion,common dandelion
2203,49,49,1,common dandelion,common dandelion
2204,49,49,1,common dandelion,common dandelion
2205,49,49,1,common dandelion,common dandelion
2206,49,49,1,common dandelion,common dandelion
2207,49,49,1,common dandelion,common dandelion
2208,49,49,1,common dandelion,common dandelion
2209,49,49,1,common dandelion,common dandelion
2210,49,49,1,common dandelion,common dandelion
2211,49,49,1,common dandelion,common dandelion
2212,49,49,1,common dandelion,common dandelion
2213,49,49,1,common dandelion,common dandelion
2214,49,49,1,common dandelion,common dandelion
2215,49,49,1,common dandelion,common dandelion
2216,49,49,1,common dandelion,common dandelion
2217,49,49,1,common dandelion,common dandelion
2218,49,49,1,common dandelion,common dandelion
2219,49,49,1,common dandelion,common dandelion
2220,49,49,1,common dandelion,common dandelion
2221,49,49,1,common dandelion,common dandelion
2222,49,49,1,common dandelion,common dandelion
2223,49,49,1,common dandelion,common dandelion
2224,49,49,1,common dandelion,common dandelion
2225,49,49,1,common dandelion,common dandelion
2226,49,49,1,common dandelion,common dandelion
2227,49,49,1,common dandelion,common dandelion
2228,49,49,1,common dandelion,common dandelion
2229,49,49,1,common dandelion,common dandelion
2230,49,49,1,common dandelion,common dandelion
2231,49,49,1,common dandelion,common dandelion
2232,49,49,1,common dandelion,common dandelion
2233,49,49,1,common dandelion,common dandelion
2234,49,49,1,common dandelion,common dandelion
2235,50,50,1,petunia,petunia
2236,50,50,1,petunia,petunia
2237,50,50,1,petunia,petunia
2238,50,50,1,petunia,petunia
2239,50,50,1,petunia,petunia
2240,50,50,1,petunia,petunia
2241,50,50,1,petunia,petunia
2242,50,50,1,petunia,petunia
2243,50,50,1,petunia,petunia
2244,50,75,0,petunia,morning glory
2245,50,50,1,petunia,petunia
2246,50,82,0,petunia,hibiscus
2247,50,50,1,petunia,petunia
2248,50,50,1,petunia,petunia
2249,50,75,0,petunia,morning glory
2250,50,31,0,petunia,garden phlox
2251,50,29,0,petunia,sweet william
2252,50,54,0,petunia,pelargonium
2253,50,50,1,petunia,petunia
2254,50,82,0,petunia,hibiscus
2255,50,50,1,petunia,petunia
2256,50,50,1,petunia,petunia
2257,50,50,1,petunia,petunia
2258,50,79,0,petunia,anthurium
2259,50,50,1,petunia,petunia
2260,50,50,1,petunia,petunia
2261,50,97,0,petunia,mexican petunia
2262,50,50,1,petunia,petunia
2263,50,50,1,petunia,petunia
2264,50,87,0,petunia,cyclamen
2265,50,50,1,petunia,petunia
2266,50,50,1,petunia,petunia
2267,50,50,1,petunia,petunia
2268,50,50,1,petunia,petunia
2269,50,50,1,petunia,petunia
2270,50,50,1,petunia,petunia
2271,50,50,1,petunia,petunia
2272,50,50,1,petunia,petunia
2273,50,0,0,petunia,pink primrose
2274,50,85,0,petunia,tree mallow
2275,50,50,1,petunia,petunia
2276,50,50,1,petunia,petunia
2277,50,50,1,petunia,petunia
2278,50,8,0,petunia,monkshood
2279,50,50,1,petunia,petunia
2280,50,50,1,petunia,petunia
2281,50,50,1,petunia,petunia
2282,50,50,1,petunia,petunia
2283,50,50,1,petunia,petunia
2284,50,95,0,petunia,camellia
2285,50,31,0,petunia,garden phlox
2286,50,50,1,petunia,petunia
2287,50,85,0,petunia,tree mallow
2288,50,25,0,petunia,corn poppy
2289,50,50,1,petunia,petunia
2290,50,10,0,petunia,snapdragon
2291,50,50,1,petunia,petunia
2292,50,18,0,petunia,balloon flower
2293,50,50,1,petunia,petunia
2294,50,50,1,petunia,petunia
2295,50,82,0,petunia,hibiscus
2296,50,50,1,petunia,petunia
2297,50,84,0,petunia,desert-rose
2298,50,50,1,petunia,petunia
2299,50,50,1,petunia,petunia
2300,50,50,1,petunia,petunia
2301,50,50,1,petunia,petunia
2302,50,82,0,petunia,hibiscus
2303,50,50,1,petunia,petunia
2304,50,3,0,petunia,sweet pea
2305,50,50,1,petunia,petunia
2306,50,50,1,petunia,petunia
2307,50,0,0,petunia,pink primrose
2308,50,0,0,petunia,pink primrose
2309,50,50,1,petunia,petunia
2310,50,82,0,petunia,hibiscus
2311,50,50,1,petunia,petunia
2312,50,50,1,petunia,petunia
2313,50,50,1,petunia,petunia
2314,50,50,1,petunia,petunia
2315,50,54,0,petunia,pelargonium
2316,50,82,0,petunia,hibiscus
2317,50,50,1,petunia,petunia
2318,50,97,0,petunia,mexican petunia
2319,50,31,0,petunia,garden phlox
2320,50,50,1,petunia,petunia
2321,50,25,0,petunia,corn poppy
2322,50,50,1,petunia,petunia
2323,50,18,0,petunia,balloon flower
2324,50,50,1,petunia,petunia
2325,50,50,1,petunia,petunia
2326,50,25,0,petunia,corn poppy
2327,50,50,1,petunia,petunia
2328,50,50,1,petunia,petunia
2329,50,50,1,petunia,petunia
2330,50,54,0,petunia,pelargonium
2331,50,50,1,petunia,petunia
2332,50,50,1,petunia,petunia
2333,50,50,1,petunia,petunia
2334,50,50,1,petunia,petunia
2335,50,50,1,petunia,petunia
2336,50,50,1,petunia,petunia
2337,50,50,1,petunia,petunia
2338,50,50,1,petunia,petunia
2339,50,50,1,petunia,petunia
2340,50,31,0,petunia,garden phlox
2341,50,31,0,petunia,garden phlox
2342,50,50,1,petunia,petunia
2343,50,25,0,petunia,corn poppy
2344,50,50,1,petunia,petunia
2345,50,50,1,petunia,petunia
2346,50,75,0,petunia,morning glory
2347,50,50,1,petunia,petunia
2348,50,50,1,petunia,petunia
2349,50,84,0,petunia,desert-rose
2350,50,50,1,petunia,petunia
2351,50,50,1,petunia,petunia
2352,50,95,0,petunia,camellia
2353,50,50,1,petunia,petunia
2354,50,25,0,petunia,corn poppy
2355,50,100,0,petunia,trumpet creeper
2356,50,26,0,petunia,prince of wales feathers
2357,50,85,0,petunia,tree mallow
2358,50,3,0,petunia,sweet pea
2359,50,50,1,petunia,petunia
2360,50,50,1,petunia,petunia
2361,50,82,0,petunia,hibiscus
2362,50,50,1,petunia,petunia
2363,50,50,1,petunia,petunia
2364,50,50,1,petunia,petunia
2365,50,50,1,petunia,petunia
2366,50,50,1,petunia,petunia
2367,50,75,0,petunia,morning glory
2368,50,50,1,petunia,petunia
2369,50,50,1,petunia,petunia
2370,50,50,1,petunia,petunia
2371,50,50,1,petunia,petunia
2372,50,50,1,petunia,petunia
2373,50,50,1,petunia,petunia
2374,50,43,0,petunia,poinsettia
2375,50,10,0,petunia,snapdragon
2376,50,31,0,petunia,garden phlox
2377,50,50,1,petunia,petunia
2378,50,50,1,petunia,petunia
2379,50,50,1,petunia,petunia
2380,50,50,1,petunia,petunia
2381,50,50,1,petunia,petunia
2382,50,50,1,petunia,petunia
2383,50,50,1,petunia,petunia
2384,50,50,1,petunia,petunia
2385,50,50,1,petunia,petunia
2386,50,50,1,petunia,petunia
2387,50,50,1,petunia,petunia
2388,50,31,0,petunia,garden phlox
2389,50,100,0,petunia,trumpet creeper
2390,50,0,0,petunia,pink primrose
2391,50,50,1,petunia,petunia
2392,50,50,1,petunia,petunia
2393,50,84,0,petunia,desert-rose
2394,50,50,1,petunia,petunia
2395,50,50,1,petunia,petunia
2396,50,50,1,petunia,petunia
2397,50,25,0,petunia,corn poppy
2398,50,50,1,petunia,petunia
2399,50,50,1,petunia,petunia
2400,50,50,1,petunia,petunia
2401,50,50,1,petunia,petunia
2402,50,85,0,petunia,tree mallow
2403,50,10,0,petunia,snapdragon
2404,50,55,0,petunia,bishop of llandaff
2405,50,97,0,petunia,mexican petunia
2406,50,50,1,petunia,petunia
2407,50,73,0,petunia,rose
2408,50,82,0,petunia,hibiscus
2409,50,50,1,petunia,petunia
2410,50,50,1,petunia,petunia
2411,50,50,1,petunia,petunia
2412,50,52,0,petunia,primula
2413,50,50,1,petunia,petunia
2414,50,50,1,petunia,petunia
2415,50,50,1,petunia,petunia
2416,50,31,0,petunia,garden phlox
2417,50,50,1,petunia,petunia
2418,50,50,1,petunia,petunia
2419,50,50,1,petunia,petunia
2420,50,85,0,petunia,tree mallow
2421,50,50,1,petunia,petunia
2422,50,50,1,petunia,petunia
2423,50,50,1,petunia,petunia
2424,50,50,1,petunia,petunia
2425,50,75,0,petunia,morning glory
2426,50,50,1,petunia,petunia
2427,50,31,0,petunia,garden phlox
2428,50,95,0,petunia,camellia
2429,50,50,1,petunia,petunia
2430,50,82,0,petunia,hibiscus
2431,50,50,1,petunia,petunia
2432,50,82,0,petunia,hibiscus
2433,50,71,0,petunia,azalea
2434,50,10,0,petunia,snapdragon
2435,50,75,0,petunia,morning glory
2436,50,75,0,petunia,morning glory
2437,50,25,0,petunia,corn poppy
2438,50,50,1,petunia,petunia
2439,50,50,1,petunia,petunia
2440,50,50,1,petunia,petunia
2441,50,87,0,petunia,cyclamen
2442,50,50,1,petunia,petunia
2443,50,0,0,petunia,pink primrose
2444,50,0,0,petunia,pink primrose
2445,50,74,0,petunia,thorn apple
2446,50,85,0,petunia,tree mallow
2447,50,31,0,petunia,garden phlox
2448,50,31,0,petunia,garden phlox
2449,50,50,1,petunia,petunia
2450,50,50,1,petunia,petunia
2451,50,50,1,petunia,petunia
2452,50,50,1,petunia,petunia
2453,50,50,1,petunia,petunia
2454,50,50,1,petunia,petunia
2455,50,31,0,petunia,garden phlox
2456,50,82,0,petunia,hibiscus
2457,50,50,1,petunia,petunia
2458,50,85,0,petunia,tree mallow
2459,50,31,0,petunia,garden phlox
2460,50,97,0,petunia,mexican petunia
2461,50,50,1,petunia,petunia
2462,50,50,1,petunia,petunia
2463,50,18,0,petunia,balloon flower
2464,50,82,0,petunia,hibiscus
2465,50,50,1,petunia,petunia
2466,50,99,0,petunia,blanket flower
2467,50,50,1,petunia,petunia
2468,50,10,0,petunia,snapdragon
2469,50,29,0,petunia,sweet william
2470,50,50,1,petunia,petunia
2471,50,50,1,petunia,petunia
2472,50,31,0,petunia,garden phlox
2473,51,51,1,wild pansy,wild pansy
2474,51,51,1,wild pansy,wild pansy
2475,51,51,1,wild pansy,wild pansy
2476,51,51,1,wild pansy,wild pansy
2477,51,51,1,wild pansy,wild pansy
2478,51,51,1,wild pansy,wild pansy
2479,51,51,1,wild pansy,wild pansy
2480,51,51,1,wild pansy,wild pansy
2481,51,51,1,wild pansy,wild pansy
2482,51,51,1,wild pansy,wild pansy
2483,51,51,1,wild pansy,wild pansy
2484,51,51,1,wild pansy,wild pansy
2485,51,51,1,wild pansy,wild pansy
2486,51,51,1,wild pansy,wild pansy
2487,51,51,1,wild pansy,wild pansy
2488,51,51,1,wild pansy,wild pansy
2489,51,51,1,wild pansy,wild pansy
2490,51,51,1,wild pansy,wild pansy
2491,51,51,1,wild pansy,wild pansy
2492,51,51,1,wild pansy,wild pansy
2493,51,51,1,wild pansy,wild pansy
2494,51,51,1,wild pansy,wild pansy
2495,51,51,1,wild pansy,wild pansy
2496,51,51,1,wild pansy,wild pansy
2497,51,51,1,wild pansy,wild pansy
2498,51,51,1,wild pansy,wild pansy
2499,51,51,1,wild pansy,wild pansy
2500,51,51,1,wild pansy,wild pansy
2501,51,51,1,wild pansy,wild pansy
2502,51,51,1,wild pansy,wild pansy
2503,51,51,1,wild pansy,wild pansy
2504,51,51,1,wild pansy,wild pansy
2505,51,51,1,wild pansy,wild pansy
2506,51,51,1,wild pansy,wild pansy
2507,51,51,1,wild pansy,wild pansy
2508,51,51,1,wild pansy,wild pansy
2509,51,51,1,wild pansy,wild pansy
2510,51,51,1,wild pansy,wild pansy
2511,51,51,1,wild pansy,wild pansy
2512,51,51,1,wild pansy,wild pansy
2513,51,51,1,wild pansy,wild pansy
2514,51,51,1,wild pansy,wild pansy
2515,51,51,1,wild pansy,wild pansy
2516,51,51,1,wild pansy,wild pansy
2517,51,51,1,wild pansy,wild pansy
2518,51,51,1,wild pansy,wild pansy
2519,51,51,1,wild pansy,wild pansy
2520,51,51,1,wild pansy,wild pansy
2521,51,51,1,wild pansy,wild pansy
2522,51,51,1,wild pansy,wild pansy
2523,51,51,1,wild pansy,wild pansy
2524,51,51,1,wild pansy,wild pansy
2525,51,51,1,wild pansy,wild pansy
2526,51,51,1,wild pansy,wild pansy
2527,51,51,1,wild pansy,wild pansy
2528,51,51,1,wild pansy,wild pansy
2529,51,51,1,wild pansy,wild pansy
2530,51,51,1,wild pansy,wild pansy
2531,51,51,1,wild pansy,wild pansy
2532,51,51,1,wild pansy,wild pansy
2533,51,51,1,wild pansy,wild pansy
2534,51,51,1,wild pansy,wild pansy
2535,51,51,1,wild pansy,wild pansy
2536,51,51,1,wild pansy,wild pansy
2537,51,51,1,wild pansy,wild pansy
2538,52,45,0,primula,wallflower
2539,52,88,0,primula,watercress
2540,52,45,0,primula,wallflower
2541,52,52,1,primula,primula
2542,52,52,1,primula,primula
2543,52,52,1,primula,primula
2544,52,52,1,primula,primula
2545,52,45,0,primula,wallflower
2546,52,45,0,primula,wallflower
2547,52,52,1,primula,primula
2548,52,52,1,primula,primula
2549,52,52,1,primula,primula
2550,52,52,1,primula,primula
2551,52,45,0,primula,wallflower
2552,52,52,1,primula,primula
2553,52,52,1,primula,primula
2554,52,52,1,primula,primula
2555,52,52,1,primula,primula
2556,52,2,0,primula,canterbury bells
2557,52,52,1,primula,primula
2558,52,52,1,primula,primula
2559,52,88,0,primula,watercress
2560,52,52,1,primula,primula
2561,52,88,0,primula,watercress
2562,52,52,1,primula,primula
2563,52,64,0,primula,californian poppy
2564,52,52,1,primula,primula
2565,52,52,1,primula,primula
2566,52,15,0,primula,globe-flower
2567,52,52,1,primula,primula
2568,52,52,1,primula,primula
2569,52,45,0,primula,wallflower
2570,52,52,1,primula,primula
2571,52,52,1,primula,primula
2572,52,52,1,primula,primula
2573,52,52,1,primula,primula
2574,52,52,1,primula,primula
2575,52,52,1,primula,primula
2576,52,52,1,primula,primula
2577,52,52,1,primula,primula
2578,52,52,1,primula,primula
2579,52,52,1,primula,primula
2580,52,52,1,primula,primula
2581,52,52,1,primula,primula
2582,52,52,1,primula,primula
2583,52,52,1,primula,primula
2584,52,52,1,primula,primula
2585,52,88,0,primula,watercress
2586,52,52,1,primula,primula
2587,52,52,1,primula,primula
2588,52,52,1,primula,primula
2589,52,88,0,primula,watercress
2590,52,52,1,primula,primula
2591,52,52,1,primula,primula
2592,52,64,0,primula,californian poppy
2593,52,52,1,primula,primula
2594,52,52,1,primula,primula
2595,52,52,1,primula,primula
2596,52,52,1,primula,primula
2597,52,45,0,primula,wallflower
2598,52,27,0,primula,stemless gentian
2599,52,52,1,primula,primula
2600,52,52,1,primula,primula
2601,52,52,1,primula,primula
2602,52,64,0,primula,californian poppy
2603,52,52,1,primula,primula
2604,52,52,1,primula,primula
2605,52,52,1,primula,primula
2606,52,52,1,primula,primula
2607,52,52,1,primula,primula
2608,52,52,1,primula,primula
2609,52,15,0,primula,globe-flower
2610,52,52,1,primula,primula
2611,53,53,1,sunflower,sunflower
2612,53,53,1,sunflower,sunflower
2613,53,53,1,sunflower,sunflower
2614,53,53,1,sunflower,sunflower
2615,53,34,0,sunflower,alpine sea holly
2616,53,53,1,sunflower,sunflower
2617,53,53,1,sunflower,sunflower
2618,53,53,1,sunflower,sunflower
2619,53,53,1,sunflower,sunflower
2620,53,53,1,sunflower,sunflower
2621,53,53,1,sunflower,sunflower
2622,53,53,1,sunflower,sunflower
2623,53,53,1,sunflower,sunflower
2624,53,53,1,sunflower,sunflower
2625,53,53,1,sunflower,sunflower
2626,53,53,1,sunflower,sunflower
2627,53,53,1,sunflower,sunflower
2628,53,53,1,sunflower,sunflower
2629,53,53,1,sunflower,sunflower
2630,53,53,1,sunflower,sunflower
2631,53,53,1,sunflower,sunflower
2632,53,53,1,sunflower,sunflower
2633,53,53,1,sunflower,sunflower
2634,53,53,1,sunflower,sunflower
2635,53,53,1,sunflower,sunflower
2636,53,53,1,sunflower,sunflower
2637,53,53,1,sunflower,sunflower
2638,53,53,1,sunflower,sunflower
2639,53,53,1,sunflower,sunflower
2640,53,53,1,sunflower,sunflower
2641,53,53,1,sunflower,sunflower
2642,53,53,1,sunflower,sunflower
2643,53,41,0,sunflower,daffodil
2644,53,53,1,sunflower,sunflower
2645,53,53,1,sunflower,sunflower
2646,53,53,1,sunflower,sunflower
2647,53,53,1,sunflower,sunflower
2648,53,53,1,sunflower,sunflower
2649,53,53,1,sunflower,sunflower
2650,53,53,1,sunflower,sunflower
2651,53,53,1,sunflower,sunflower
2652,54,54,1,pelargonium,pelargonium
2653,54,54,1,pelargonium,pelargonium
2654,54,54,1,pelargonium,pelargonium
2655,54,54,1,pelargonium,pelargonium
2656,54,54,1,pelargonium,pelargonium
2657,54,54,1,pelargonium,pelargonium
2658,54,54,1,pelargonium,pelargonium
2659,54,54,1,pelargonium,pelargonium
2660,54,54,1,pelargonium,pelargonium
2661,54,54,1,pelargonium,pelargonium
2662,54,54,1,pelargonium,pelargonium
2663,54,54,1,pelargonium,pelargonium
2664,54,54,1,pelargonium,pelargonium
2665,54,54,1,pelargonium,pelargonium
2666,54,54,1,pelargonium,pelargonium
2667,54,54,1,pelargonium,pelargonium
2668,54,54,1,pelargonium,pelargonium
2669,54,54,1,pelargonium,pelargonium
2670,54,54,1,pelargonium,pelargonium
2671,54,54,1,pelargonium,pelargonium
2672,54,54,1,pelargonium,pelargonium
2673,54,54,1,pelargonium,pelargonium
2674,54,54,1,pelargonium,pelargonium
2675,54,54,1,pelargonium,pelargonium
2676,54,54,1,pelargonium,pelargonium
2677,54,54,1,pelargonium,pelargonium
2678,54,54,1,pelargonium,pelargonium
2679,54,54,1,pelargonium,pelargonium
2680,54,54,1,pelargonium,pelargonium
2681,54,54,1,pelargonium,pelargonium
2682,54,54,1,pelargonium,pelargonium
2683,54,54,1,pelargonium,pelargonium
2684,54,54,1,pelargonium,pelargonium
2685,54,54,1,pelargonium,pelargonium
2686,54,54,1,pelargonium,pelargonium
2687,54,54,1,pelargonium,pelargonium
2688,54,54,1,pelargonium,pelargonium
2689,54,54,1,pelargonium,pelargonium
2690,54,54,1,pelargonium,pelargonium
2691,54,36,0,pelargonium,cape flower
2692,54,54,1,pelargonium,pelargonium
2693,54,54,1,pelargonium,pelargonium
2694,54,54,1,pelargonium,pelargonium
2695,54,54,1,pelargonium,pelargonium
2696,54,54,1,pelargonium,pelargonium
2697,54,54,1,pelargonium,pelargonium
2698,54,54,1,pelargonium,pelargonium
2699,54,54,1,pelargonium,pelargonium
2700,54,54,1,pelargonium,pelargonium
2701,54,54,1,pelargonium,pelargonium
2702,54,54,1,pelargonium,pelargonium
2703,55,55,1,bishop of llandaff,bishop of llandaff
2704,55,55,1,bishop of llandaff,bishop of llandaff
2705,55,55,1,bishop of llandaff,bishop of llandaff
2706,55,55,1,bishop of llandaff,bishop of llandaff
2707,55,55,1,bishop of llandaff,bishop of llandaff
2708,55,55,1,bishop of llandaff,bishop of llandaff
2709,55,55,1,bishop of llandaff,bishop of llandaff
2710,55,55,1,bishop of llandaff,bishop of llandaff
2711,55,55,1,bishop of llandaff,bishop of llandaff
2712,55,17,0,bishop of llandaff,peruvian lily
2713,55,55,1,bishop of llandaff,bishop of llandaff
2714,55,55,1,bishop of llandaff,bishop of llandaff
2715,55,55,1,bishop of llandaff,bishop of llandaff
2716,55,55,1,bishop of llandaff,bishop of llandaff
2717,55,55,1,bishop of llandaff,bishop of llandaff
2718,55,55,1,bishop of llandaff,bishop of llandaff
2719,55,55,1,bishop of llandaff,bishop of llandaff
2720,55,55,1,bishop of llandaff,bishop of llandaff
2721,55,55,1,bishop of llandaff,bishop of llandaff
2722,55,55,1,bishop of llandaff,bishop of llandaff
2723,55,55,1,bishop of llandaff,bishop of llandaff
2724,55,55,1,bishop of llandaff,bishop of llandaff
2725,55,55,1,bishop of llandaff,bishop of llandaff
2726,55,55,1,bishop of llandaff,bishop of llandaff
2727,55,55,1,bishop of llandaff,bishop of llandaff
2728,55,55,1,bishop of llandaff,bishop of llandaff
2729,55,55,1,bishop of llandaff,bishop of llandaff
2730,55,55,1,bishop of llandaff,bishop of llandaff
2731,55,55,1,bishop of llandaff,bishop of llandaff
2732,55,55,1,bishop of llandaff,bishop of llandaff
2733,55,55,1,bishop of llandaff,bishop of llandaff
2734,55,55,1,bishop of llandaff,bishop of llandaff
2735,55,55,1,bishop of llandaff,bishop of llandaff
2736,55,55,1,bishop of llandaff,bishop of llandaff
2737,55,55,1,bishop of llandaff,bishop of llandaff
2738,55,55,1,bishop of llandaff,bishop of llandaff
2739,55,55,1,bishop of llandaff,bishop of llandaff
2740,55,55,1,bishop of llandaff,bishop of llandaff
2741,55,55,1,bishop of llandaff,bishop of llandaff
2742,55,55,1,bishop of llandaff,bishop of llandaff
2743,55,55,1,bishop of llandaff,bishop of llandaff
2744,55,55,1,bishop of llandaff,bishop of llandaff
2745,55,55,1,bishop of llandaff,bishop of llandaff
2746,55,55,1,bishop of llandaff,bishop of llandaff
2747,55,55,1,bishop of llandaff,bishop of llandaff
2748,55,55,1,bishop of llandaff,bishop of llandaff
2749,55,55,1,bishop of llandaff,bishop of llandaff
2750,55,55,1,bishop of llandaff,bishop of llandaff
2751,55,55,1,bishop of llandaff,bishop of llandaff
2752,55,55,1,bishop of llandaff,bishop of llandaff
2753,55,56,0,bishop of llandaff,gaura
2754,55,55,1,bishop of llandaff,bishop of llandaff
2755,55,55,1,bishop of llandaff,bishop of llandaff
2756,55,55,1,bishop of llandaff,bishop of llandaff
2757,55,55,1,bishop of llandaff,bishop of llandaff
2758,55,55,1,bishop of llandaff,bishop of llandaff
2759,55,55,1,bishop of llandaff,bishop of llandaff
2760,55,55,1,bishop of llandaff,bishop of llandaff
2761,55,55,1,bishop of llandaff,bishop of llandaff
2762,55,55,1,bishop of llandaff,bishop of llandaff
2763,55,55,1,bishop of llandaff,bishop of llandaff
2764,55,55,1,bishop of llandaff,bishop of llandaff
2765,55,55,1,bishop of llandaff,bishop of llandaff
2766,55,55,1,bishop of llandaff,bishop of llandaff
2767,55,55,1,bishop of llandaff,bishop of llandaff
2768,55,55,1,bishop of llandaff,bishop of llandaff
2769,55,55,1,bishop of llandaff,bishop of llandaff
2770,55,55,1,bishop of llandaff,bishop of llandaff
2771,55,55,1,bishop of llandaff,bishop of llandaff
2772,55,55,1,bishop of llandaff,bishop of llandaff
2773,55,55,1,bishop of llandaff,bishop of llandaff
2774,55,55,1,bishop of llandaff,bishop of llandaff
2775,55,55,1,bishop of llandaff,bishop of llandaff
2776,55,55,1,bishop of llandaff,bishop of llandaff
2777,55,55,1,bishop of llandaff,bishop of llandaff
2778,55,55,1,bishop of llandaff,bishop of llandaff
2779,55,55,1,bishop of llandaff,bishop of llandaff
2780,55,55,1,bishop of llandaff,bishop of llandaff
2781,55,55,1,bishop of llandaff,bishop of llandaff
2782,55,55,1,bishop of llandaff,bishop of llandaff
2783,55,55,1,bishop of llandaff,bishop of llandaff
2784,55,55,1,bishop of llandaff,bishop of llandaff
2785,55,55,1,bishop of llandaff,bishop of llandaff
2786,55,55,1,bishop of llandaff,bishop of llandaff
2787,55,55,1,bishop of llandaff,bishop of llandaff
2788,55,55,1,bishop of llandaff,bishop of llandaff
2789,55,55,1,bishop of llandaff,bishop of llandaff
2790,55,45,0,bishop of llandaff,wallflower
2791,55,55,1,bishop of llandaff,bishop of llandaff
2792,56,56,1,gaura,gaura
2793,56,56,1,gaura,gaura
2794,56,56,1,gaura,gaura
2795,56,56,1,gaura,gaura
2796,56,56,1,gaura,gaura
2797,56,56,1,gaura,gaura
2798,56,56,1,gaura,gaura
2799,56,56,1,gaura,gaura
2800,56,56,1,gaura,gaura
2801,56,56,1,gaura,gaura
2802,56,56,1,gaura,gaura
2803,56,56,1,gaura,gaura
2804,56,56,1,gaura,gaura
2805,56,56,1,gaura,gaura
2806,56,56,1,gaura,gaura
2807,56,56,1,gaura,gaura
2808,56,56,1,gaura,gaura
2809,56,56,1,gaura,gaura
2810,56,56,1,gaura,gaura
2811,56,56,1,gaura,gaura
2812,56,56,1,gaura,gaura
2813,56,56,1,gaura,gaura
2814,56,56,1,gaura,gaura
2815,56,56,1,gaura,gaura
2816,56,56,1,gaura,gaura
2817,56,56,1,gaura,gaura
2818,56,56,1,gaura,gaura
2819,56,56,1,gaura,gaura
2820,56,51,0,gaura,wild pansy
2821,56,56,1,gaura,gaura
2822,56,56,1,gaura,gaura
2823,56,56,1,gaura,gaura
2824,56,56,1,gaura,gaura
2825,56,56,1,gaura,gaura
2826,56,56,1,gaura,gaura
2827,56,56,1,gaura,gaura
2828,56,56,1,gaura,gaura
2829,56,56,1,gaura,gaura
2830,56,56,1,gaura,gaura
2831,56,56,1,gaura,gaura
2832,56,56,1,gaura,gaura
2833,56,56,1,gaura,gaura
2834,56,56,1,gaura,gaura
2835,56,56,1,gaura,gaura
2836,56,56,1,gaura,gaura
2837,56,56,1,gaura,gaura
2838,56,56,1,gaura,gaura
2839,57,57,1,geranium,geranium
2840,57,57,1,geranium,geranium
2841,57,57,1,geranium,geranium
2842,57,57,1,geranium,geranium
2843,57,57,1,geranium,geranium
2844,57,57,1,geranium,geranium
2845,57,57,1,geranium,geranium
2846,57,57,1,geranium,geranium
2847,57,57,1,geranium,geranium
2848,57,57,1,geranium,geranium
2849,57,57,1,geranium,geranium
2850,57,57,1,geranium,geranium
2851,57,57,1,geranium,geranium
2852,57,57,1,geranium,geranium
2853,57,57,1,geranium,geranium
2854,57,57,1,geranium,geranium
2855,57,57,1,geranium,geranium
2856,57,57,1,geranium,geranium
2857,57,57,1,geranium,geranium
2858,57,57,1,geranium,geranium
2859,57,57,1,geranium,geranium
2860,57,57,1,geranium,geranium
2861,57,57,1,geranium,geranium
2862,57,57,1,geranium,geranium
2863,57,57,1,geranium,geranium
2864,57,57,1,geranium,geranium
2865,57,57,1,geranium,geranium
2866,57,57,1,geranium,geranium
2867,57,57,1,geranium,geranium
2868,57,57,1,geranium,geranium
2869,57,57,1,geranium,geranium
2870,57,57,1,geranium,geranium
2871,57,57,1,geranium,geranium
2872,57,57,1,geranium,geranium
2873,57,57,1,geranium,geranium
2874,57,57,1,geranium,geranium
2875,57,57,1,geranium,geranium
2876,57,57,1,geranium,geranium
2877,57,57,1,geranium,geranium
2878,57,57,1,geranium,geranium
2879,57,57,1,geranium,geranium
2880,57,57,1,geranium,geranium
2881,57,57,1,geranium,geranium
2882,57,57,1,geranium,geranium
2883,57,57,1,geranium,geranium
2884,57,57,1,geranium,geranium
2885,57,57,1,geranium,geranium
2886,57,57,1,geranium,geranium
2887,57,57,1,geranium,geranium
2888,57,57,1,geranium,geranium
2889,57,57,1,geranium,geranium
2890,57,57,1,geranium,geranium
2891,57,57,1,geranium,geranium
2892,57,57,1,geranium,geranium
2893,57,57,1,geranium,geranium
2894,57,57,1,geranium,geranium
2895,57,57,1,geranium,geranium
2896,57,57,1,geranium,geranium
2897,57,57,1,geranium,geranium
2898,57,57,1,geranium,geranium
2899,57,57,1,geranium,geranium
2900,57,57,1,geranium,geranium
2901,57,57,1,geranium,geranium
2902,57,57,1,geranium,geranium
2903,57,57,1,geranium,geranium
2904,57,57,1,geranium,geranium
2905,57,57,1,geranium,geranium
2906,57,57,1,geranium,geranium
2907,57,57,1,geranium,geranium
2908,57,57,1,geranium,geranium
2909,57,57,1,geranium,geranium
2910,57,57,1,geranium,geranium
2911,57,57,1,geranium,geranium
2912,57,57,1,geranium,geranium
2913,57,57,1,geranium,geranium
2914,57,57,1,geranium,geranium
2915,57,57,1,geranium,geranium
2916,57,57,1,geranium,geranium
2917,57,57,1,geranium,geranium
2918,57,57,1,geranium,geranium
2919,57,57,1,geranium,geranium
2920,57,57,1,geranium,geranium
2921,57,57,1,geranium,geranium
2922,57,57,1,geranium,geranium
2923,57,57,1,geranium,geranium
2924,57,57,1,geranium,geranium
2925,57,57,1,geranium,geranium
2926,57,57,1,geranium,geranium
2927,57,57,1,geranium,geranium
2928,57,57,1,geranium,geranium
2929,57,57,1,geranium,geranium
2930,57,57,1,geranium,geranium
2931,57,57,1,geranium,geranium
2932,57,57,1,geranium,geranium
2933,58,58,1,orange dahlia,orange dahlia
2934,58,58,1,orange dahlia,orange dahlia
2935,58,58,1,orange dahlia,orange dahlia
2936,58,58,1,orange dahlia,orange dahlia
2937,58,58,1,orange dahlia,orange dahlia
2938,58,58,1,orange dahlia,orange dahlia
2939,58,58,1,orange dahlia,orange dahlia
2940,58,58,1,orange dahlia,orange dahlia
2941,58,58,1,orange dahlia,orange dahlia
2942,58,58,1,orange dahlia,orange dahlia
2943,58,58,1,orange dahlia,orange dahlia
2944,58,58,1,orange dahlia,orange dahlia
2945,58,58,1,orange dahlia,orange dahlia
2946,58,58,1,orange dahlia,orange dahlia
2947,58,58,1,orange dahlia,orange dahlia
2948,58,58,1,orange dahlia,orange dahlia
2949,58,58,1,orange dahlia,orange dahlia
2950,58,58,1,orange dahlia,orange dahlia
2951,58,58,1,orange dahlia,orange dahlia
2952,58,58,1,orange dahlia,orange dahlia
2953,58,58,1,orange dahlia,orange dahlia
2954,58,58,1,orange dahlia,orange dahlia
2955,58,58,1,orange dahlia,orange dahlia
2956,58,58,1,orange dahlia,orange dahlia
2957,58,58,1,orange dahlia,orange dahlia
2958,58,58,1,orange dahlia,orange dahlia
2959,58,58,1,orange dahlia,orange dahlia
2960,58,58,1,orange dahlia,orange dahlia
2961,58,58,1,orange dahlia,orange dahlia
2962,58,58,1,orange dahlia,orange dahlia
2963,58,58,1,orange dahlia,orange dahlia
2964,58,58,1,orange dahlia,orange dahlia
2965,58,58,1,orange dahlia,orange dahlia
2966,58,58,1,orange dahlia,orange dahlia
2967,58,58,1,orange dahlia,orange dahlia
2968,58,58,1,orange dahlia,orange dahlia
2969,58,58,1,orange dahlia,orange dahlia
2970,58,58,1,orange dahlia,orange dahlia
2971,58,58,1,orange dahlia,orange dahlia
2972,58,58,1,orange dahlia,orange dahlia
2973,58,58,1,orange dahlia,orange dahlia
2974,58,58,1,orange dahlia,orange dahlia
2975,58,58,1,orange dahlia,orange dahlia
2976,58,58,1,orange dahlia,orange dahlia
2977,58,58,1,orange dahlia,orange dahlia
2978,58,58,1,orange dahlia,orange dahlia
2979,58,58,1,orange dahlia,orange dahlia
2980,59,59,1,pink-yellow dahlia?,pink-yellow dahlia?
2981,59,59,1,pink-yellow dahlia?,pink-yellow dahlia?
2982,59,59,1,pink-yellow dahlia?,pink-yellow dahlia?
2983,59,59,1,pink-yellow dahlia?,pink-yellow dahlia?
2984,59,59,1,pink-yellow dahlia?,pink-yellow dahlia?
2985,59,59,1,pink-yellow dahlia?,pink-yellow dahlia?
2986,59,59,1,pink-yellow dahlia?,pink-yellow dahlia?
2987,59,59,1,pink-yellow dahlia?,pink-yellow dahlia?
2988,59,59,1,pink-yellow dahlia?,pink-yellow dahlia?
2989,59,59,1,pink-yellow dahlia?,pink-yellow dahlia?
2990,59,59,1,pink-yellow dahlia?,pink-yellow dahlia?
2991,59,59,1,pink-yellow dahlia?,pink-yellow dahlia?
2992,59,59,1,pink-yellow dahlia?,pink-yellow dahlia?
2993,59,59,1,pink-yellow dahlia?,pink-yellow dahlia?
2994,59,59,1,pink-yellow dahlia?,pink-yellow dahlia?
2995,59,59,1,pink-yellow dahlia?,pink-yellow dahlia?
2996,59,59,1,pink-yellow dahlia?,pink-yellow dahlia?
2997,59,59,1,pink-yellow dahlia?,pink-yellow dahlia?
2998,59,59,1,pink-yellow dahlia?,pink-yellow dahlia?
2999,59,59,1,pink-yellow dahlia?,pink-yellow dahlia?
3000,59,59,1,pink-yellow dahlia?,pink-yellow dahlia?
3001,59,59,1,pink-yellow dahlia?,pink-yellow dahlia?
3002,59,59,1,pink-yellow dahlia?,pink-yellow dahlia?
3003,59,59,1,pink-yellow dahlia?,pink-yellow dahlia?
3004,59,59,1,pink-yellow dahlia?,pink-yellow dahlia?
3005,59,59,1,pink-yellow dahlia?,pink-yellow dahlia?
3006,59,59,1,pink-yellow dahlia?,pink-yellow dahlia?
3007,59,59,1,pink-yellow dahlia?,pink-yellow dahlia?
3008,59,59,1,pink-yellow dahlia?,pink-yellow dahlia?
3009,59,59,1,pink-yellow dahlia?,pink-yellow dahlia?
3010,59,59,1,pink-yellow dahlia?,pink-yellow dahlia?
3011,59,59,1,pink-yellow dahlia?,pink-yellow dahlia?
3012,59,59,1,pink-yellow dahlia?,pink-yellow dahlia?
3013,59,59,1,pink-yellow dahlia?,pink-yellow dahlia?
3014,59,59,1,pink-yellow dahlia?,pink-yellow dahlia?
3015,59,59,1,pink-yellow dahlia?,pink-yellow dahlia?
3016,59,59,1,pink-yellow dahlia?,pink-yellow dahlia?
3017,59,59,1,pink-yellow dahlia?,pink-yellow dahlia?
3018,59,59,1,pink-yellow dahlia?,pink-yellow dahlia?
3019,59,59,1,pink-yellow dahlia?,pink-yellow dahlia?
3020,59,59,1,pink-yellow dahlia?,pink-yellow dahlia?
3021,59,59,1,pink-yellow dahlia?,pink-yellow dahlia?
3022,59,59,1,pink-yellow dahlia?,pink-yellow dahlia?
3023,59,59,1,pink-yellow dahlia?,pink-yellow dahlia?
3024,59,59,1,pink-yellow dahlia?,pink-yellow dahlia?
3025,59,59,1,pink-yellow dahlia?,pink-yellow dahlia?
3026,59,59,1,pink-yellow dahlia?,pink-yellow dahlia?
3027,59,59,1,pink-yellow dahlia?,pink-yellow dahlia?
3028,59,59,1,pink-yellow dahlia?,pink-yellow dahlia?
3029,59,59,1,pink-yellow dahlia?,pink-yellow dahlia?
3030,59,59,1,pink-yellow dahlia?,pink-yellow dahlia?
3031,59,59,1,pink-yellow dahlia?,pink-yellow dahlia?
3032,59,59,1,pink-yellow dahlia?,pink-yellow dahlia?
3033,59,59,1,pink-yellow dahlia?,pink-yellow dahlia?
3034,59,59,1,pink-yellow dahlia?,pink-yellow dahlia?
3035,59,59,1,pink-yellow dahlia?,pink-yellow dahlia?
3036,59,59,1,pink-yellow dahlia?,pink-yellow dahlia?
3037,59,59,1,pink-yellow dahlia?,pink-yellow dahlia?
3038,59,59,1,pink-yellow dahlia?,pink-yellow dahlia?
3039,59,59,1,pink-yellow dahlia?,pink-yellow dahlia?
3040,59,59,1,pink-yellow dahlia?,pink-yellow dahlia?
3041,59,59,1,pink-yellow dahlia?,pink-yellow dahlia?
3042,59,59,1,pink-yellow dahlia?,pink-yellow dahlia?
3043,59,59,1,pink-yellow dahlia?,pink-yellow dahlia?
3044,59,59,1,pink-yellow dahlia?,pink-yellow dahlia?
3045,59,59,1,pink-yellow dahlia?,pink-yellow dahlia?
3046,59,59,1,pink-yellow dahlia?,pink-yellow dahlia?
3047,59,59,1,pink-yellow dahlia?,pink-yellow dahlia?
3048,59,59,1,pink-yellow dahlia?,pink-yellow dahlia?
3049,59,59,1,pink-yellow dahlia?,pink-yellow dahlia?
3050,59,59,1,pink-yellow dahlia?,pink-yellow dahlia?
3051,59,59,1,pink-yellow dahlia?,pink-yellow dahlia?
3052,59,59,1,pink-yellow dahlia?,pink-yellow dahlia?
3053,59,59,1,pink-yellow dahlia?,pink-yellow dahlia?
3054,59,59,1,pink-yellow dahlia?,pink-yellow dahlia?
3055,59,59,1,pink-yellow dahlia?,pink-yellow dahlia?
3056,59,59,1,pink-yellow dahlia?,pink-yellow dahlia?
3057,59,59,1,pink-yellow dahlia?,pink-yellow dahlia?
3058,59,59,1,pink-yellow dahlia?,pink-yellow dahlia?
3059,59,59,1,pink-yellow dahlia?,pink-yellow dahlia?
3060,59,59,1,pink-yellow dahlia?,pink-yellow dahlia?
3061,59,59,1,pink-yellow dahlia?,pink-yellow dahlia?
3062,59,59,1,pink-yellow dahlia?,pink-yellow dahlia?
3063,59,59,1,pink-yellow dahlia?,pink-yellow dahlia?
3064,59,59,1,pink-yellow dahlia?,pink-yellow dahlia?
3065,59,59,1,pink-yellow dahlia?,pink-yellow dahlia?
3066,59,59,1,pink-yellow dahlia?,pink-yellow dahlia?
3067,59,59,1,pink-yellow dahlia?,pink-yellow dahlia?
3068,59,59,1,pink-yellow dahlia?,pink-yellow dahlia?
3069,60,60,1,cautleya spicata,cautleya spicata
3070,60,60,1,cautleya spicata,cautleya spicata
3071,60,60,1,cautleya spicata,cautleya spicata
3072,60,60,1,cautleya spicata,cautleya spicata
3073,60,60,1,cautleya spicata,cautleya spicata
3074,60,60,1,cautleya spicata,cautleya spicata
3075,60,60,1,cautleya spicata,cautleya spicata
3076,60,60,1,cautleya spicata,cautleya spicata
3077,60,60,1,cautleya spicata,cautleya spicata
3078,60,60,1,cautleya spicata,cautleya spicata
3079,60,60,1,cautleya spicata,cautleya spicata
3080,60,60,1,cautleya spicata,cautleya spicata
3081,60,60,1,cautleya spicata,cautleya spicata
3082,60,60,1,cautleya spicata,cautleya spicata
3083,60,60,1,cautleya spicata,cautleya spicata
3084,60,60,1,cautleya spicata,cautleya spicata
3085,60,60,1,cautleya spicata,cautleya spicata
3086,60,60,1,cautleya spicata,cautleya spicata
3087,60,60,1,cautleya spicata,cautleya spicata
3088,60,60,1,cautleya spicata,cautleya spicata
3089,60,60,1,cautleya spicata,cautleya spicata
3090,60,60,1,cautleya spicata,cautleya spicata
3091,60,60,1,cautleya spicata,cautleya spicata
3092,60,60,1,cautleya spicata,cautleya spicata
3093,60,60,1,cautleya spicata,cautleya spicata
3094,60,60,1,cautleya spicata,cautleya spicata
3095,60,60,1,cautleya spicata,cautleya spicata
3096,60,60,1,cautleya spicata,cautleya spicata
3097,60,60,1,cautleya spicata,cautleya spicata
3098,60,60,1,cautleya spicata,cautleya spicata
3099,61,61,1,japanese anemone,japanese anemone
3100,61,61,1,japanese anemone,japanese anemone
3101,61,61,1,japanese anemone,japanese anemone
3102,61,61,1,japanese anemone,japanese anemone
3103,61,61,1,japanese anemone,japanese anemone
3104,61,61,1,japanese anemone,japanese anemone
3105,61,61,1,japanese anemone,japanese anemone
3106,61,61,1,japanese anemone,japanese anemone
3107,61,61,1,japanese anemone,japanese anemone
3108,61,61,1,japanese anemone,japanese anemone
3109,61,61,1,japanese anemone,japanese anemone
3110,61,61,1,japanese anemone,japanese anemone
3111,61,69,0,japanese anemone,tree poppy
3112,61,61,1,japanese anemone,japanese anemone
3113,61,61,1,japanese anemone,japanese anemone
3114,61,61,1,japanese anemone,japanese anemone
3115,61,68,0,japanese anemone,windflower
3116,61,61,1,japanese anemone,japanese anemone
3117,61,61,1,japanese anemone,japanese anemone
3118,61,61,1,japanese anemone,japanese anemone
3119,61,61,1,japanese anemone,japanese anemone
3120,61,61,1,japanese anemone,japanese anemone
3121,61,61,1,japanese anemone,japanese anemone
3122,61,61,1,japanese anemone,japanese anemone
3123,61,61,1,japanese anemone,japanese anemone
3124,61,61,1,japanese anemone,japanese anemone
3125,61,61,1,japanese anemone,japanese anemone
3126,61,61,1,japanese anemone,japanese anemone
3127,61,61,1,japanese anemone,japanese anemone
3128,61,61,1,japanese anemone,japanese anemone
3129,61,61,1,japanese anemone,japanese anemone
3130,61,61,1,japanese anemone,japanese anemone
3131,61,69,0,japanese anemone,tree poppy
3132,61,61,1,japanese anemone,japanese anemone
3133,61,61,1,japanese anemone,japanese anemone
3134,62,62,1,black-eyed susan,black-eyed susan
3135,62,62,1,black-eyed susan,black-eyed susan
3136,62,62,1,black-eyed susan,black-eyed susan
3137,62,62,1,black-eyed susan,black-eyed susan
3138,62,62,1,black-eyed susan,black-eyed susan
3139,62,62,1,black-eyed susan,black-eyed susan
3140,62,62,1,black-eyed susan,black-eyed susan
3141,62,62,1,black-eyed susan,black-eyed susan
3142,62,62,1,black-eyed susan,black-eyed susan
3143,62,62,1,black-eyed susan,black-eyed susan
3144,62,62,1,black-eyed susan,black-eyed susan
3145,62,62,1,black-eyed susan,black-eyed susan
3146,62,62,1,black-eyed susan,black-eyed susan
3147,62,62,1,black-eyed susan,black-eyed susan
3148,62,62,1,black-eyed susan,black-eyed susan
3149,62,62,1,black-eyed susan,black-eyed susan
3150,62,62,1,black-eyed susan,black-eyed susan
3151,62,62,1,black-eyed susan,black-eyed susan
3152,62,62,1,black-eyed susan,black-eyed susan
3153,62,62,1,black-eyed susan,black-eyed susan
3154,62,62,1,black-eyed susan,black-eyed susan
3155,62,62,1,black-eyed susan,black-eyed susan
3156,62,62,1,black-eyed susan,black-eyed susan
3157,62,62,1,black-eyed susan,black-eyed susan
3158,62,62,1,black-eyed susan,black-eyed susan
3159,62,62,1,black-eyed susan,black-eyed susan
3160,62,62,1,black-eyed susan,black-eyed susan
3161,62,62,1,black-eyed susan,black-eyed susan
3162,62,62,1,black-eyed susan,black-eyed susan
3163,62,62,1,black-eyed susan,black-eyed susan
3164,62,62,1,black-eyed susan,black-eyed susan
3165,62,62,1,black-eyed susan,black-eyed susan
3166,62,62,1,black-eyed susan,black-eyed susan
3167,62,62,1,black-eyed susan,black-eyed susan
3168,63,63,1,silverbush,silverbush
3169,63,63,1,silverbush,silverbush
3170,63,63,1,silverbush,silverbush
3171,63,63,1,silverbush,silverbush
3172,63,63,1,silverbush,silverbush
3173,63,63,1,silverbush,silverbush
3174,63,63,1,silverbush,silverbush
3175,63,63,1,silverbush,silverbush
3176,63,63,1,silverbush,silverbush
3177,63,63,1,silverbush,silverbush
3178,63,63,1,silverbush,silverbush
3179,63,63,1,silverbush,silverbush
3180,63,63,1,silverbush,silverbush
3181,63,63,1,silverbush,silverbush
3182,63,63,1,silverbush,silverbush
3183,63,63,1,silverbush,silverbush
3184,63,63,1,silverbush,silverbush
3185,63,63,1,silverbush,silverbush
3186,63,63,1,silverbush,silverbush
3187,63,63,1,silverbush,silverbush
3188,63,63,1,silverbush,silverbush
3189,63,63,1,silverbush,silverbush
3190,63,63,1,silverbush,silverbush
3191,63,63,1,silverbush,silverbush
3192,63,63,1,silverbush,silverbush
3193,63,63,1,silverbush,silverbush
3194,63,63,1,silverbush,silverbush
3195,63,63,1,silverbush,silverbush
3196,63,63,1,silverbush,silverbush
3197,63,63,1,silverbush,silverbush
3198,63,63,1,silverbush,silverbush
3199,63,63,1,silverbush,silverbush
3200,64,64,1,californian poppy,californian poppy
3201,64,64,1,californian poppy,californian poppy
3202,64,64,1,californian poppy,californian poppy
3203,64,64,1,californian poppy,californian poppy
3204,64,64,1,californian poppy,californian poppy
3205,64,45,0,californian poppy,wallflower
3206,64,64,1,californian poppy,californian poppy
3207,64,63,0,californian poppy,silverbush
3208,64,64,1,californian poppy,californian poppy
3209,64,64,1,californian poppy,californian poppy
3210,64,64,1,californian poppy,californian poppy
3211,64,64,1,californian poppy,californian poppy
3212,64,64,1,californian poppy,californian poppy
3213,64,64,1,californian poppy,californian poppy
3214,64,47,0,californian poppy,buttercup
3215,64,64,1,californian poppy,californian poppy
3216,64,64,1,californian poppy,californian poppy
3217,64,64,1,californian poppy,californian poppy
3218,64,64,1,californian poppy,californian poppy
3219,64,64,1,californian poppy,californian poppy
3220,64,64,1,californian poppy,californian poppy
3221,64,64,1,californian poppy,californian poppy
3222,64,64,1,californian poppy,californian poppy
3223,64,64,1,californian poppy,californian poppy
3224,64,64,1,californian poppy,californian poppy
3225,64,64,1,californian poppy,californian poppy
3226,64,64,1,californian poppy,californian poppy
3227,64,64,1,californian poppy,californian poppy
3228,64,64,1,californian poppy,californian poppy
3229,64,64,1,californian poppy,californian poppy
3230,64,64,1,californian poppy,californian poppy
3231,64,64,1,californian poppy,californian poppy
3232,64,64,1,californian poppy,californian poppy
3233,64,64,1,californian poppy,californian poppy
3234,64,64,1,californian poppy,californian poppy
3235,64,64,1,californian poppy,californian poppy
3236,64,64,1,californian poppy,californian poppy
3237,64,64,1,californian poppy,californian poppy
3238,64,64,1,californian poppy,californian poppy
3239,64,64,1,californian poppy,californian poppy
3240,64,64,1,californian poppy,californian poppy
3241,64,64,1,californian poppy,californian poppy
3242,64,64,1,californian poppy,californian poppy
3243,64,64,1,californian poppy,californian poppy
3244,64,64,1,californian poppy,californian poppy
3245,64,64,1,californian poppy,californian poppy
3246,64,64,1,californian poppy,californian poppy
3247,64,64,1,californian poppy,californian poppy
3248,64,64,1,californian poppy,californian poppy
3249,64,64,1,californian poppy,californian poppy
3250,64,64,1,californian poppy,californian poppy
3251,64,64,1,californian poppy,californian poppy
3252,64,64,1,californian poppy,californian poppy
3253,64,47,0,californian poppy,buttercup
3254,64,64,1,californian poppy,californian poppy
3255,64,64,1,californian poppy,californian poppy
3256,64,64,1,californian poppy,californian poppy
3257,64,64,1,californian poppy,californian poppy
3258,64,64,1,californian poppy,californian poppy
3259,64,64,1,californian poppy,californian poppy
3260,64,63,0,californian poppy,silverbush
3261,64,63,0,californian poppy,silverbush
3262,64,64,1,californian poppy,californian poppy
3263,64,64,1,californian poppy,californian poppy
3264,64,64,1,californian poppy,californian poppy
3265,64,64,1,californian poppy,californian poppy
3266,64,64,1,californian poppy,californian poppy
3267,64,50,0,californian poppy,petunia
3268,64,64,1,californian poppy,californian poppy
3269,64,64,1,californian poppy,californian poppy
3270,64,64,1,californian poppy,californian poppy
3271,64,64,1,californian poppy,californian poppy
3272,64,64,1,californian poppy,californian poppy
3273,64,64,1,californian poppy,californian poppy
3274,64,64,1,californian poppy,californian poppy
3275,64,64,1,californian poppy,californian poppy
3276,64,64,1,californian poppy,californian poppy
3277,64,64,1,californian poppy,californian poppy
3278,64,64,1,californian poppy,californian poppy
3279,64,64,1,californian poppy,californian poppy
3280,64,63,0,californian poppy,silverbush
3281,64,64,1,californian poppy,californian poppy
3282,65,65,1,osteospermum,osteospermum
3283,65,65,1,osteospermum,osteospermum
3284,65,65,1,osteospermum,osteospermum
3285,65,65,1,osteospermum,osteospermum
3286,65,65,1,osteospermum,osteospermum
3287,65,65,1,osteospermum,osteospermum
3288,65,65,1,osteospermum,osteospermum
3289,65,65,1,osteospermum,osteospermum
3290,65,65,1,osteospermum,osteospermum
3291,65,65,1,osteospermum,osteospermum
3292,65,65,1,osteospermum,osteospermum
3293,65,65,1,osteospermum,osteospermum
3294,65,65,1,osteospermum,osteospermum
3295,65,65,1,osteospermum,osteospermum
3296,65,65,1,osteospermum,osteospermum
3297,65,65,1,osteospermum,osteospermum
3298,65,65,1,osteospermum,osteospermum
3299,65,65,1,osteospermum,osteospermum
3300,65,65,1,osteospermum,osteospermum
3301,65,65,1,osteospermum,osteospermum
3302,65,65,1,osteospermum,osteospermum
3303,65,65,1,osteospermum,osteospermum
3304,65,65,1,osteospermum,osteospermum
3305,65,65,1,osteospermum,osteospermum
3306,65,65,1,osteospermum,osteospermum
3307,65,65,1,osteospermum,osteospermum
3308,65,65,1,osteospermum,osteospermum
3309,65,65,1,osteospermum,osteospermum
3310,65,65,1,osteospermum,osteospermum
3311,65,65,1,osteospermum,osteospermum
3312,65,65,1,osteospermum,osteospermum
3313,65,65,1,osteospermum,osteospermum
3314,65,65,1,osteospermum,osteospermum
3315,65,65,1,osteospermum,osteospermum
3316,65,65,1,osteospermum,osteospermum
3317,65,65,1,osteospermum,osteospermum
3318,65,65,1,osteospermum,osteospermum
3319,65,65,1,osteospermum,osteospermum
3320,65,65,1,osteospermum,osteospermum
3321,65,65,1,osteospermum,osteospermum
3322,65,65,1,osteospermum,osteospermum
3323,66,66,1,spring crocus,spring crocus
3324,66,66,1,spring crocus,spring crocus
3325,66,66,1,spring crocus,spring crocus
3326,66,66,1,spring crocus,spring crocus
3327,66,66,1,spring crocus,spring crocus
3328,66,66,1,spring crocus,spring crocus
3329,66,72,0,spring crocus,water lily
3330,66,66,1,spring crocus,spring crocus
3331,66,66,1,spring crocus,spring crocus
3332,66,95,0,spring crocus,camellia
3333,66,66,1,spring crocus,spring crocus
3334,66,66,1,spring crocus,spring crocus
3335,66,66,1,spring crocus,spring crocus
3336,66,66,1,spring crocus,spring crocus
3337,66,66,1,spring crocus,spring crocus
3338,66,66,1,spring crocus,spring crocus
3339,66,66,1,spring crocus,spring crocus
3340,66,61,0,spring crocus,japanese anemone
3341,66,27,0,spring crocus,stemless gentian
3342,66,52,0,spring crocus,primula
3343,66,66,1,spring crocus,spring crocus
3344,66,66,1,spring crocus,spring crocus
3345,67,27,0,bearded iris,stemless gentian
3346,67,67,1,bearded iris,bearded iris
3347,67,67,1,bearded iris,bearded iris
3348,67,67,1,bearded iris,bearded iris
3349,67,67,1,bearded iris,bearded iris
3350,67,67,1,bearded iris,bearded iris
3351,67,67,1,bearded iris,bearded iris
3352,67,67,1,bearded iris,bearded iris
3353,67,67,1,bearded iris,bearded iris
3354,67,67,1,bearded iris,bearded iris
3355,67,67,1,bearded iris,bearded iris
3356,67,67,1,bearded iris,bearded iris
3357,67,67,1,bearded iris,bearded iris
3358,67,67,1,bearded iris,bearded iris
3359,67,67,1,bearded iris,bearded iris
3360,67,67,1,bearded iris,bearded iris
3361,67,67,1,bearded iris,bearded iris
3362,67,67,1,bearded iris,bearded iris
3363,67,67,1,bearded iris,bearded iris
3364,67,67,1,bearded iris,bearded iris
3365,67,67,1,bearded iris,bearded iris
3366,67,67,1,bearded iris,bearded iris
3367,67,67,1,bearded iris,bearded iris
3368,67,67,1,bearded iris,bearded iris
3369,67,3,0,bearded iris,sweet pea
3370,67,67,1,bearded iris,bearded iris
3371,67,27,0,bearded iris,stemless gentian
3372,67,67,1,bearded iris,bearded iris
3373,67,67,1,bearded iris,bearded iris
3374,67,67,1,bearded iris,bearded iris
3375,67,67,1,bearded iris,bearded iris
3376,67,67,1,bearded iris,bearded iris
3377,67,67,1,bearded iris,bearded iris
3378,67,2,0,bearded iris,canterbury bells
3379,68,68,1,windflower,windflower
3380,68,68,1,windflower,windflower
3381,68,68,1,windflower,windflower
3382,68,68,1,windflower,windflower
3383,68,68,1,windflower,windflower
3384,68,68,1,windflower,windflower
3385,68,68,1,windflower,windflower
3386,68,68,1,windflower,windflower
3387,68,68,1,windflower,windflower
3388,68,68,1,windflower,windflower
3389,68,68,1,windflower,windflower
3390,68,68,1,windflower,windflower
3391,68,68,1,windflower,windflower
3392,68,68,1,windflower,windflower
3393,68,68,1,windflower,windflower
3394,68,68,1,windflower,windflower
3395,68,68,1,windflower,windflower
3396,68,68,1,windflower,windflower
3397,68,68,1,windflower,windflower
3398,68,68,1,windflower,windflower
3399,68,68,1,windflower,windflower
3400,68,68,1,windflower,windflower
3401,68,68,1,windflower,windflower
3402,68,68,1,windflower,windflower
3403,68,68,1,windflower,windflower
3404,68,68,1,windflower,windflower
3405,68,61,0,windflower,japanese anemone
3406,68,68,1,windflower,windflower
3407,68,68,1,windflower,windflower
3408,68,68,1,windflower,windflower
3409,68,68,1,windflower,windflower
3410,68,68,1,windflower,windflower
3411,68,68,1,windflower,windflower
3412,68,68,1,windflower,windflower
3413,69,69,1,tree poppy,tree poppy
3414,69,69,1,tree poppy,tree poppy
3415,69,69,1,tree poppy,tree poppy
3416,69,69,1,tree poppy,tree poppy
3417,69,69,1,tree poppy,tree poppy
3418,69,69,1,tree poppy,tree poppy
3419,69,69,1,tree poppy,tree poppy
3420,69,69,1,tree poppy,tree poppy
3421,69,69,1,tree poppy,tree poppy
3422,69,69,1,tree poppy,tree poppy
3423,69,69,1,tree poppy,tree poppy
3424,69,69,1,tree poppy,tree poppy
3425,69,69,1,tree poppy,tree poppy
3426,69,69,1,tree poppy,tree poppy
3427,69,69,1,tree poppy,tree poppy
3428,69,69,1,tree poppy,tree poppy
3429,69,69,1,tree poppy,tree poppy
3430,69,69,1,tree poppy,tree poppy
3431,69,69,1,tree poppy,tree poppy
3432,69,69,1,tree poppy,tree poppy
3433,69,69,1,tree poppy,tree poppy
3434,69,69,1,tree poppy,tree poppy
3435,69,69,1,tree poppy,tree poppy
3436,69,69,1,tree poppy,tree poppy
3437,69,69,1,tree poppy,tree poppy
3438,69,69,1,tree poppy,tree poppy
3439,69,69,1,tree poppy,tree poppy
3440,69,69,1,tree poppy,tree poppy
3441,69,69,1,tree poppy,tree poppy
3442,69,69,1,tree poppy,tree poppy
3443,69,69,1,tree poppy,tree poppy
3444,69,69,1,tree poppy,tree poppy
3445,69,69,1,tree poppy,tree poppy
3446,69,69,1,tree poppy,tree poppy
3447,69,69,1,tree poppy,tree poppy
3448,69,69,1,tree poppy,tree poppy
3449,69,69,1,tree poppy,tree poppy
3450,69,69,1,tree poppy,tree poppy
3451,69,69,1,tree poppy,tree poppy
3452,69,69,1,tree poppy,tree poppy
3453,69,69,1,tree poppy,tree poppy
3454,69,69,1,tree poppy,tree poppy
3455,70,70,1,gazania,gazania
3456,70,70,1,gazania,gazania
3457,70,70,1,gazania,gazania
3458,70,70,1,gazania,gazania
3459,70,70,1,gazania,gazania
3460,70,70,1,gazania,gazania
3461,70,70,1,gazania,gazania
3462,70,70,1,gazania,gazania
3463,70,70,1,gazania,gazania
3464,70,70,1,gazania,gazania
3465,70,70,1,gazania,gazania
3466,70,70,1,gazania,gazania
3467,70,70,1,gazania,gazania
3468,70,70,1,gazania,gazania
3469,70,70,1,gazania,gazania
3470,70,70,1,gazania,gazania
3471,70,70,1,gazania,gazania
3472,70,70,1,gazania,gazania
3473,70,70,1,gazania,gazania
3474,70,70,1,gazania,gazania
3475,70,70,1,gazania,gazania
3476,70,70,1,gazania,gazania
3477,70,70,1,gazania,gazania
3478,70,70,1,gazania,gazania
3479,70,70,1,gazania,gazania
3480,70,70,1,gazania,gazania
3481,70,70,1,gazania,gazania
3482,70,70,1,gazania,gazania
3483,70,70,1,gazania,gazania
3484,70,70,1,gazania,gazania
3485,70,70,1,gazania,gazania
3486,70,70,1,gazania,gazania
3487,70,70,1,gazania,gazania
3488,70,70,1,gazania,gazania
3489,70,70,1,gazania,gazania
3490,70,70,1,gazania,gazania
3491,70,70,1,gazania,gazania
3492,70,70,1,gazania,gazania
3493,70,70,1,gazania,gazania
3494,70,70,1,gazania,gazania
3495,70,70,1,gazania,gazania
3496,70,70,1,gazania,gazania
3497,70,70,1,gazania,gazania
3498,70,70,1,gazania,gazania
3499,70,70,1,gazania,gazania
3500,70,70,1,gazania,gazania
3501,70,70,1,gazania,gazania
3502,70,70,1,gazania,gazania
3503,70,70,1,gazania,gazania
3504,70,70,1,gazania,gazania
3505,70,70,1,gazania,gazania
3506,70,70,1,gazania,gazania
3507,70,70,1,gazania,gazania
3508,70,70,1,gazania,gazania
3509,70,70,1,gazania,gazania
3510,70,70,1,gazania,gazania
3511,70,70,1,gazania,gazania
3512,70,70,1,gazania,gazania
3513,71,71,1,azalea,azalea
3514,71,81,0,azalea,clematis
3515,71,89,0,azalea,canna lily
3516,71,71,1,azalea,azalea
3517,71,71,1,azalea,azalea
3518,71,71,1,azalea,azalea
3519,71,71,1,azalea,azalea
3520,71,71,1,azalea,azalea
3521,71,84,0,azalea,desert-rose
3522,71,71,1,azalea,azalea
3523,71,4,0,azalea,english marigold
3524,71,71,1,azalea,azalea
3525,71,71,1,azalea,azalea
3526,71,31,0,azalea,garden phlox
3527,71,71,1,azalea,azalea
3528,71,71,1,azalea,azalea
3529,71,30,0,azalea,carnation
3530,71,84,0,azalea,desert-rose
3531,71,71,1,azalea,azalea
3532,71,84,0,azalea,desert-rose
3533,71,94,0,azalea,bougainvillea
3534,71,71,1,azalea,azalea
3535,71,71,1,azalea,azalea
3536,71,71,1,azalea,azalea
3537,71,71,1,azalea,azalea
3538,71,71,1,azalea,azalea
3539,71,71,1,azalea,azalea
3540,71,50,0,azalea,petunia
3541,71,71,1,azalea,azalea
3542,71,71,1,azalea,azalea
3543,71,36,0,azalea,cape flower
3544,71,71,1,azalea,azalea
3545,71,71,1,azalea,azalea
3546,71,71,1,azalea,azalea
3547,71,71,1,azalea,azalea
3548,71,71,1,azalea,azalea
3549,71,71,1,azalea,azalea
3550,71,71,1,azalea,azalea
3551,71,21,0,azalea,pincushion flower
3552,71,71,1,azalea,azalea
3553,71,71,1,azalea,azalea
3554,71,74,0,azalea,thorn apple
3555,71,71,1,azalea,azalea
3556,71,71,1,azalea,azalea
3557,71,71,1,azalea,azalea
3558,71,71,1,azalea,azalea
3559,71,71,1,azalea,azalea
3560,71,71,1,azalea,azalea
3561,71,71,1,azalea,azalea
3562,71,71,1,azalea,azalea
3563,71,71,1,azalea,azalea
3564,71,71,1,azalea,azalea
3565,71,43,0,azalea,poinsettia
3566,71,71,1,azalea,azalea
3567,71,71,1,azalea,azalea
3568,71,25,0,azalea,corn poppy
3569,71,71,1,azalea,azalea
3570,71,71,1,azalea,azalea
3571,71,30,0,azalea,carnation
3572,71,71,1,azalea,azalea
3573,71,71,1,azalea,azalea
3574,71,17,0,azalea,peruvian lily
3575,71,31,0,azalea,garden phlox
3576,71,71,1,azalea,azalea
3577,71,71,1,azalea,azalea
3578,71,71,1,azalea,azalea
3579,71,93,0,azalea,foxglove
3580,71,71,1,azalea,azalea
3581,71,71,1,azalea,azalea
3582,71,71,1,azalea,azalea
3583,71,8,0,azalea,monkshood
3584,71,71,1,azalea,azalea
3585,71,71,1,azalea,azalea
3586,71,71,1,azalea,azalea
3587,71,71,1,azalea,azalea
3588,71,71,1,azalea,azalea
3589,72,72,1,water lily,water lily
3590,72,72,1,water lily,water lily
3591,72,77,0,water lily,lotus
3592,72,72,1,water lily,water lily
3593,72,72,1,water lily,water lily
3594,72,72,1,water lily,water lily
3595,72,72,1,water lily,water lily
3596,72,72,1,water lily,water lily
3597,72,72,1,water lily,water lily
3598,72,72,1,water lily,water lily
3599,72,72,1,water lily,water lily
3600,72,72,1,water lily,water lily
3601,72,72,1,water lily,water lily
3602,72,72,1,water lily,water lily
3603,72,72,1,water lily,water lily
3604,72,72,1,water lily,water lily
3605,72,72,1,water lily,water lily
3606,72,72,1,water lily,water lily
3607,72,72,1,water lily,water lily
3608,72,72,1,water lily,water lily
3609,72,72,1,water lily,water lily
3610,72,72,1,water lily,water lily
3611,72,72,1,water lily,water lily
3612,72,72,1,water lily,water lily
3613,72,72,1,water lily,water lily
3614,72,72,1,water lily,water lily
3615,72,72,1,water lily,water lily
3616,72,72,1,water lily,water lily
3617,72,26,0,water lily,prince of wales feathers
3618,72,72,1,water lily,water lily
3619,72,72,1,water lily,water lily
3620,72,72,1,water lily,water lily
3621,72,72,1,water lily,water lily
3622,72,72,1,water lily,water lily
3623,72,72,1,water lily,water lily
3624,72,72,1,water lily,water lily
3625,72,77,0,water lily,lotus
3626,72,72,1,water lily,water lily
3627,72,72,1,water lily,water lily
3628,72,72,1,water lily,water lily
3629,72,72,1,water lily,water lily
3630,72,72,1,water lily,water lily
3631,72,72,1,water lily,water lily
3632,72,23,0,water lily,red ginger
3633,72,72,1,water lily,water lily
3634,72,72,1,water lily,water lily
3635,72,72,1,water lily,water lily
3636,72,72,1,water lily,water lily
3637,72,72,1,water lily,water lily
3638,72,72,1,water lily,water lily
3639,72,72,1,water lily,water lily
3640,72,72,1,water lily,water lily
3641,72,72,1,water lily,water lily
3642,72,72,1,water lily,water lily
3643,72,72,1,water lily,water lily
3644,72,72,1,water lily,water lily
3645,72,72,1,water lily,water lily
3646,72,72,1,water lily,water lily
3647,72,72,1,water lily,water lily
3648,72,72,1,water lily,water lily
3649,72,72,1,water lily,water lily
3650,72,72,1,water lily,water lily
3651,72,72,1,water lily,water lily
3652,72,72,1,water lily,water lily
3653,72,77,0,water lily,lotus
3654,72,28,0,water lily,artichoke
3655,72,72,1,water lily,water lily
3656,72,72,1,water lily,water lily
3657,72,72,1,water lily,water lily
3658,72,72,1,water lily,water lily
3659,72,72,1,water lily,water lily
3660,72,72,1,water lily,water lily
3661,72,72,1,water lily,water lily
3662,72,72,1,water lily,water lily
3663,72,72,1,water lily,water lily
3664,72,72,1,water lily,water lily
3665,72,72,1,water lily,water lily
3666,72,72,1,water lily,water lily
3667,72,72,1,water lily,water lily
3668,72,72,1,water lily,water lily
3669,72,72,1,water lily,water lily
3670,72,72,1,water lily,water lily
3671,72,72,1,water lily,water lily
3672,72,72,1,water lily,water lily
3673,72,72,1,water lily,water lily
3674,72,72,1,water lily,water lily
3675,72,72,1,water lily,water lily
3676,72,72,1,water lily,water lily
3677,72,72,1,water lily,water lily
3678,72,72,1,water lily,water lily
3679,72,72,1,water lily,water lily
3680,72,72,1,water lily,water lily
3681,72,72,1,water lily,water lily
3682,72,72,1,water lily,water lily
3683,72,72,1,water lily,water lily
3684,72,72,1,water lily,water lily
3685,72,72,1,water lily,water lily
3686,72,72,1,water lily,water lily
3687,72,72,1,water lily,water lily
3688,72,72,1,water lily,water lily
3689,72,72,1,water lily,water lily
3690,72,72,1,water lily,water lily
3691,72,72,1,water lily,water lily
3692,72,72,1,water lily,water lily
3693,72,72,1,water lily,water lily
3694,72,72,1,water lily,water lily
3695,72,72,1,water lily,water lily
3696,72,72,1,water lily,water lily
3697,72,86,0,water lily,magnolia
3698,72,72,1,water lily,water lily
3699,72,72,1,water lily,water lily
3700,72,72,1,water lily,water lily
3701,72,72,1,water lily,water lily
3702,72,72,1,water lily,water lily
3703,72,72,1,water lily,water lily
3704,72,72,1,water lily,water lily
3705,72,72,1,water lily,water lily
3706,72,72,1,water lily,water lily
3707,72,72,1,water lily,water lily
3708,72,72,1,water lily,water lily
3709,72,72,1,water lily,water lily
3710,72,72,1,water lily,water lily
3711,72,72,1,water lily,water lily
3712,72,72,1,water lily,water lily
3713,72,72,1,water lily,water lily
3714,72,72,1,water lily,water lily
3715,72,72,1,water lily,water lily
3716,72,72,1,water lily,water lily
3717,72,72,1,water lily,water lily
3718,72,72,1,water lily,water lily
3719,72,72,1,water lily,water lily
3720,72,72,1,water lily,water lily
3721,72,72,1,water lily,water lily
3722,72,98,0,water lily,bromelia
3723,72,72,1,water lily,water lily
3724,72,72,1,water lily,water lily
3725,72,72,1,water lily,water lily
3726,72,72,1,water lily,water lily
3727,72,72,1,water lily,water lily
3728,72,72,1,water lily,water lily
3729,72,72,1,water lily,water lily
3730,72,72,1,water lily,water lily
3731,72,72,1,water lily,water lily
3732,72,72,1,water lily,water lily
3733,72,72,1,water lily,water lily
3734,72,72,1,water lily,water lily
3735,72,72,1,water lily,water lily
3736,72,72,1,water lily,water lily
3737,72,72,1,water lily,water lily
3738,72,72,1,water lily,water lily
3739,72,72,1,water lily,water lily
3740,72,72,1,water lily,water lily
3741,72,72,1,water lily,water lily
3742,72,72,1,water lily,water lily
3743,72,72,1,water lily,water lily
3744,72,72,1,water lily,water lily
3745,72,72,1,water lily,water lily
3746,72,72,1,water lily,water lily
3747,72,72,1,water lily,water lily
3748,72,72,1,water lily,water lily
3749,72,77,0,water lily,lotus
3750,72,72,1,water lily,water lily
3751,72,72,1,water lily,water lily
3752,72,72,1,water lily,water lily
3753,72,72,1,water lily,water lily
3754,72,72,1,water lily,water lily
3755,72,72,1,water lily,water lily
3756,72,72,1,water lily,water lily
3757,72,72,1,water lily,water lily
3758,72,72,1,water lily,water lily
3759,72,72,1,water lily,water lily
3760,72,72,1,water lily,water lily
3761,72,72,1,water lily,water lily
3762,72,72,1,water lily,water lily
3763,73,73,1,rose,rose
3764,73,73,1,rose,rose
3765,73,42,0,rose,sword lily
3766,73,73,1,rose,rose
3767,73,73,1,rose,rose
3768,73,73,1,rose,rose
3769,73,87,0,rose,cyclamen
3770,73,73,1,rose,rose
3771,73,73,1,rose,rose
3772,73,73,1,rose,rose
3773,73,73,1,rose,rose
3774,73,73,1,rose,rose
3775,73,73,1,rose,rose
3776,73,73,1,rose,rose
3777,73,73,1,rose,rose
3778,73,73,1,rose,rose
3779,73,87,0,rose,cyclamen
3780,73,73,1,rose,rose
3781,73,73,1,rose,rose
3782,73,73,1,rose,rose
3783,73,73,1,rose,rose
3784,73,73,1,rose,rose
3785,73,15,0,rose,globe-flower
3786,73,73,1,rose,rose
3787,73,73,1,rose,rose
3788,73,73,1,rose,rose
3789,73,73,1,rose,rose
3790,73,95,0,rose,camellia
3791,73,73,1,rose,rose
3792,73,15,0,rose,globe-flower
3793,73,15,0,rose,globe-flower
3794,73,87,0,rose,cyclamen
3795,73,73,1,rose,rose
3796,73,73,1,rose,rose
3797,73,73,1,rose,rose
3798,73,73,1,rose,rose
3799,73,15,0,rose,globe-flower
3800,73,73,1,rose,rose
3801,73,73,1,rose,rose
3802,73,87,0,rose,cyclamen
3803,73,73,1,rose,rose
3804,73,84,0,rose,desert-rose
3805,73,73,1,rose,rose
3806,73,73,1,rose,rose
3807,73,73,1,rose,rose
3808,73,73,1,rose,rose
3809,73,73,1,rose,rose
3810,73,73,1,rose,rose
3811,73,73,1,rose,rose
3812,73,73,1,rose,rose
3813,73,73,1,rose,rose
3814,73,73,1,rose,rose
3815,73,73,1,rose,rose
3816,73,73,1,rose,rose
3817,73,73,1,rose,rose
3818,73,87,0,rose,cyclamen
3819,73,73,1,rose,rose
3820,73,73,1,rose,rose
3821,73,73,1,rose,rose
3822,73,73,1,rose,rose
3823,73,73,1,rose,rose
3824,73,95,0,rose,camellia
3825,73,73,1,rose,rose
3826,73,73,1,rose,rose
3827,73,73,1,rose,rose
3828,73,73,1,rose,rose
3829,73,73,1,rose,rose
3830,73,73,1,rose,rose
3831,73,15,0,rose,globe-flower
3832,73,73,1,rose,rose
3833,73,84,0,rose,desert-rose
3834,73,73,1,rose,rose
3835,73,73,1,rose,rose
3836,73,73,1,rose,rose
3837,73,90,0,rose,hippeastrum
3838,73,87,0,rose,cyclamen
3839,73,73,1,rose,rose
3840,73,87,0,rose,cyclamen
3841,73,73,1,rose,rose
3842,73,87,0,rose,cyclamen
3843,73,73,1,rose,rose
3844,73,73,1,rose,rose
3845,73,89,0,rose,canna lily
3846,73,73,1,rose,rose
3847,73,73,1,rose,rose
3848,73,73,1,rose,rose
3849,73,87,0,rose,cyclamen
3850,73,15,0,rose,globe-flower
3851,73,73,1,rose,rose
3852,73,73,1,rose,rose
3853,73,73,1,rose,rose
3854,73,73,1,rose,rose
3855,73,95,0,rose,camellia
3856,73,73,1,rose,rose
3857,73,73,1,rose,rose
3858,73,73,1,rose,rose
3859,73,10,0,rose,snapdragon
3860,73,73,1,rose,rose
3861,73,95,0,rose,camellia
3862,73,73,1,rose,rose
3863,73,73,1,rose,rose
3864,73,73,1,rose,rose
3865,73,73,1,rose,rose
3866,73,73,1,rose,rose
3867,73,73,1,rose,rose
3868,73,73,1,rose,rose
3869,73,87,0,rose,cyclamen
3870,73,73,1,rose,rose
3871,73,20,0,rose,fire lily
3872,73,73,1,rose,rose
3873,73,57,0,rose,geranium
3874,73,73,1,rose,rose
3875,73,73,1,rose,rose
3876,73,73,1,rose,rose
3877,73,89,0,rose,canna lily
3878,73,73,1,rose,rose
3879,73,73,1,rose,rose
3880,73,73,1,rose,rose
3881,73,73,1,rose,rose
3882,73,73,1,rose,rose
3883,73,79,0,rose,anthurium
3884,73,87,0,rose,cyclamen
3885,73,95,0,rose,camellia
3886,73,73,1,rose,rose
3887,73,73,1,rose,rose
3888,73,73,1,rose,rose
3889,73,73,1,rose,rose
3890,73,87,0,rose,cyclamen
3891,73,73,1,rose,rose
3892,73,3,0,rose,sweet pea
3893,73,73,1,rose,rose
3894,73,73,1,rose,rose
3895,73,87,0,rose,cyclamen
3896,73,73,1,rose,rose
3897,73,15,0,rose,globe-flower
3898,73,89,0,rose,canna lily
3899,73,73,1,rose,rose
3900,73,73,1,rose,rose
3901,73,73,1,rose,rose
3902,73,84,0,rose,desert-rose
3903,73,15,0,rose,globe-flower
3904,73,73,1,rose,rose
3905,73,73,1,rose,rose
3906,73,73,1,rose,rose
3907,73,73,1,rose,rose
3908,73,73,1,rose,rose
3909,73,73,1,rose,rose
3910,73,73,1,rose,rose
3911,73,73,1,rose,rose
3912,73,73,1,rose,rose
3913,73,42,0,rose,sword lily
3914,74,74,1,thorn apple,thorn apple
3915,74,74,1,thorn apple,thorn apple
3916,74,74,1,thorn apple,thorn apple
3917,74,74,1,thorn apple,thorn apple
3918,74,75,0,thorn apple,morning glory
3919,74,74,1,thorn apple,thorn apple
3920,74,74,1,thorn apple,thorn apple
3921,74,74,1,thorn apple,thorn apple
3922,74,74,1,thorn apple,thorn apple
3923,74,74,1,thorn apple,thorn apple
3924,74,74,1,thorn apple,thorn apple
3925,74,74,1,thorn apple,thorn apple
3926,74,74,1,thorn apple,thorn apple
3927,74,74,1,thorn apple,thorn apple
3928,74,74,1,thorn apple,thorn apple
3929,74,74,1,thorn apple,thorn apple
3930,74,74,1,thorn apple,thorn apple
3931,74,74,1,thorn apple,thorn apple
3932,74,74,1,thorn apple,thorn apple
3933,74,74,1,thorn apple,thorn apple
3934,74,74,1,thorn apple,thorn apple
3935,74,74,1,thorn apple,thorn apple
3936,74,74,1,thorn apple,thorn apple
3937,74,74,1,thorn apple,thorn apple
3938,74,74,1,thorn apple,thorn apple
3939,74,19,0,thorn apple,giant white arum lily
3940,74,74,1,thorn apple,thorn apple
3941,74,74,1,thorn apple,thorn apple
3942,74,74,1,thorn apple,thorn apple
3943,74,74,1,thorn apple,thorn apple
3944,74,74,1,thorn apple,thorn apple
3945,74,74,1,thorn apple,thorn apple
3946,74,74,1,thorn apple,thorn apple
3947,74,74,1,thorn apple,thorn apple
3948,74,74,1,thorn apple,thorn apple
3949,74,74,1,thorn apple,thorn apple
3950,74,74,1,thorn apple,thorn apple
3951,74,74,1,thorn apple,thorn apple
3952,74,74,1,thorn apple,thorn apple
3953,74,74,1,thorn apple,thorn apple
3954,74,74,1,thorn apple,thorn apple
3955,74,74,1,thorn apple,thorn apple
3956,74,74,1,thorn apple,thorn apple
3957,74,74,1,thorn apple,thorn apple
3958,74,74,1,thorn apple,thorn apple
3959,74,74,1,thorn apple,thorn apple
3960,74,74,1,thorn apple,thorn apple
3961,74,74,1,thorn apple,thorn apple
3962,74,74,1,thorn apple,thorn apple
3963,74,74,1,thorn apple,thorn apple
3964,74,74,1,thorn apple,thorn apple
3965,74,74,1,thorn apple,thorn apple
3966,74,74,1,thorn apple,thorn apple
3967,74,74,1,thorn apple,thorn apple
3968,74,74,1,thorn apple,thorn apple
3969,74,74,1,thorn apple,thorn apple
3970,74,74,1,thorn apple,thorn apple
3971,74,74,1,thorn apple,thorn apple
3972,74,74,1,thorn apple,thorn apple
3973,74,74,1,thorn apple,thorn apple
3974,74,74,1,thorn apple,thorn apple
3975,74,74,1,thorn apple,thorn apple
3976,74,74,1,thorn apple,thorn apple
3977,74,74,1,thorn apple,thorn apple
3978,74,74,1,thorn apple,thorn apple
3979,74,74,1,thorn apple,thorn apple
3980,74,74,1,thorn apple,thorn apple
3981,74,74,1,thorn apple,thorn apple
3982,74,74,1,thorn apple,thorn apple
3983,74,74,1,thorn apple,thorn apple
3984,74,74,1,thorn apple,thorn apple
3985,74,74,1,thorn apple,thorn apple
3986,74,74,1,thorn apple,thorn apple
3987,74,74,1,thorn apple,thorn apple
3988,74,74,1,thorn apple,thorn apple
3989,74,74,1,thorn apple,thorn apple
3990,74,74,1,thorn apple,thorn apple
3991,74,74,1,thorn apple,thorn apple
3992,74,74,1,thorn apple,thorn apple
3993,74,74,1,thorn apple,thorn apple
3994,74,74,1,thorn apple,thorn apple
3995,74,74,1,thorn apple,thorn apple
3996,74,74,1,thorn apple,thorn apple
3997,74,74,1,thorn apple,thorn apple
3998,74,74,1,thorn apple,thorn apple
3999,74,74,1,thorn apple,thorn apple
4000,74,74,1,thorn apple,thorn apple
4001,74,74,1,thorn apple,thorn apple
4002,74,74,1,thorn apple,thorn apple
4003,74,74,1,thorn apple,thorn apple
4004,74,74,1,thorn apple,thorn apple
4005,74,74,1,thorn apple,thorn apple
4006,74,74,1,thorn apple,thorn apple
4007,74,74,1,thorn apple,thorn apple
4008,74,74,1,thorn apple,thorn apple
4009,74,74,1,thorn apple,thorn apple
4010,74,74,1,thorn apple,thorn apple
4011,74,74,1,thorn apple,thorn apple
4012,74,74,1,thorn apple,thorn apple
4013,74,74,1,thorn apple,thorn apple
4014,75,75,1,morning glory,morning glory
4015,75,75,1,morning glory,morning glory
4016,75,75,1,morning glory,morning glory
4017,75,75,1,morning glory,morning glory
4018,75,75,1,morning glory,morning glory
4019,75,75,1,morning glory,morning glory
4020,75,75,1,morning glory,morning glory
4021,75,75,1,morning glory,morning glory
4022,75,97,0,morning glory,mexican petunia
4023,75,75,1,morning glory,morning glory
4024,75,27,0,morning glory,stemless gentian
4025,75,75,1,morning glory,morning glory
4026,75,75,1,morning glory,morning glory
4027,75,75,1,morning glory,morning glory
4028,75,75,1,morning glory,morning glory
4029,75,75,1,morning glory,morning glory
4030,75,75,1,morning glory,morning glory
4031,75,75,1,morning glory,morning glory
4032,75,75,1,morning glory,morning glory
4033,75,74,0,morning glory,thorn apple
4034,75,75,1,morning glory,morning glory
4035,75,75,1,morning glory,morning glory
4036,75,75,1,morning glory,morning glory
4037,75,27,0,morning glory,stemless gentian
4038,75,75,1,morning glory,morning glory
4039,75,75,1,morning glory,morning glory
4040,75,75,1,morning glory,morning glory
4041,75,75,1,morning glory,morning glory
4042,75,75,1,morning glory,morning glory
4043,75,75,1,morning glory,morning glory
4044,75,75,1,morning glory,morning glory
4045,75,75,1,morning glory,morning glory
4046,75,75,1,morning glory,morning glory
4047,75,75,1,morning glory,morning glory
4048,75,75,1,morning glory,morning glory
4049,75,75,1,morning glory,morning glory
4050,75,75,1,morning glory,morning glory
4051,75,75,1,morning glory,morning glory
4052,75,75,1,morning glory,morning glory
4053,75,75,1,morning glory,morning glory
4054,75,75,1,morning glory,morning glory
4055,75,75,1,morning glory,morning glory
4056,75,75,1,morning glory,morning glory
4057,75,75,1,morning glory,morning glory
4058,75,75,1,morning glory,morning glory
4059,75,75,1,morning glory,morning glory
4060,75,27,0,morning glory,stemless gentian
4061,75,75,1,morning glory,morning glory
4062,75,75,1,morning glory,morning glory
4063,75,75,1,morning glory,morning glory
4064,75,75,1,morning glory,morning glory
4065,75,75,1,morning glory,morning glory
4066,75,74,0,morning glory,thorn apple
4067,75,87,0,morning glory,cyclamen
4068,75,75,1,morning glory,morning glory
4069,75,27,0,morning glory,stemless gentian
4070,75,75,1,morning glory,morning glory
4071,75,75,1,morning glory,morning glory
4072,75,75,1,morning glory,morning glory
4073,75,75,1,morning glory,morning glory
4074,75,75,1,morning glory,morning glory
4075,75,75,1,morning glory,morning glory
4076,75,75,1,morning glory,morning glory
4077,75,75,1,morning glory,morning glory
4078,75,75,1,morning glory,morning glory
4079,75,75,1,morning glory,morning glory
4080,75,75,1,morning glory,morning glory
4081,75,75,1,morning glory,morning glory
4082,75,75,1,morning glory,morning glory
4083,75,75,1,morning glory,morning glory
4084,75,75,1,morning glory,morning glory
4085,75,75,1,morning glory,morning glory
4086,75,75,1,morning glory,morning glory
4087,75,75,1,morning glory,morning glory
4088,75,75,1,morning glory,morning glory
4089,75,75,1,morning glory,morning glory
4090,75,75,1,morning glory,morning glory
4091,75,50,0,morning glory,petunia
4092,75,75,1,morning glory,morning glory
4093,75,75,1,morning glory,morning glory
4094,75,75,1,morning glory,morning glory
4095,75,75,1,morning glory,morning glory
4096,75,75,1,morning glory,morning glory
4097,75,75,1,morning glory,morning glory
4098,75,75,1,morning glory,morning glory
4099,75,75,1,morning glory,morning glory
4100,75,75,1,morning glory,morning glory
4101,76,76,1,passion flower,passion flower
4102,76,76,1,passion flower,passion flower
4103,76,76,1,passion flower,passion flower
4104,76,37,0,passion flower,great masterwort
4105,76,76,1,passion flower,passion flower
4106,76,76,1,passion flower,passion flower
4107,76,76,1,passion flower,passion flower
4108,76,76,1,passion flower,passion flower
4109,76,76,1,passion flower,passion flower
4110,76,76,1,passion flower,passion flower
4111,76,76,1,passion flower,passion flower
4112,76,76,1,passion flower,passion flower
4113,76,76,1,passion flower,passion flower
4114,76,37,0,passion flower,great masterwort
4115,76,76,1,passion flower,passion flower
4116,76,76,1,passion flower,passion flower
4117,76,76,1,passion flower,passion flower
4118,76,76,1,passion flower,passion flower
4119,76,37,0,passion flower,great masterwort
4120,76,76,1,passion flower,passion flower
4121,76,76,1,passion flower,passion flower
4122,76,76,1,passion flower,passion flower
4123,76,76,1,passion flower,passion flower
4124,76,76,1,passion flower,passion flower
4125,76,76,1,passion flower,passion flower
4126,76,76,1,passion flower,passion flower
4127,76,76,1,passion flower,passion flower
4128,76,76,1,passion flower,passion flower
4129,76,76,1,passion flower,passion flower
4130,76,37,0,passion flower,great masterwort
4131,76,76,1,passion flower,passion flower
4132,76,76,1,passion flower,passion flower
4133,76,76,1,passion flower,passion flower
4134,76,76,1,passion flower,passion flower
4135,76,76,1,passion flower,passion flower
4136,76,76,1,passion flower,passion flower
4137,76,76,1,passion flower,passion flower
4138,76,76,1,passion flower,passion flower
4139,76,76,1,passion flower,passion flower
4140,76,32,0,passion flower,love in the mist
4141,76,76,1,passion flower,passion flower
4142,76,76,1,passion flower,passion flower
4143,76,76,1,passion flower,passion flower
4144,76,76,1,passion flower,passion flower
4145,76,76,1,passion flower,passion flower
4146,76,76,1,passion flower,passion flower
4147,76,76,1,passion flower,passion flower
4148,76,76,1,passion flower,passion flower
4149,76,76,1,passion flower,passion flower
4150,76,76,1,passion flower,passion flower
4151,76,76,1,passion flower,passion flower
4152,76,76,1,passion flower,passion flower
4153,76,76,1,passion flower,passion flower
4154,76,76,1,passion flower,passion flower
4155,76,76,1,passion flower,passion flower
4156,76,76,1,passion flower,passion flower
4157,76,76,1,passion flower,passion flower
4158,76,76,1,passion flower,passion flower
4159,76,76,1,passion flower,passion flower
4160,76,76,1,passion flower,passion flower
4161,76,76,1,passion flower,passion flower
4162,76,76,1,passion flower,passion flower
4163,76,32,0,passion flower,love in the mist
4164,76,76,1,passion flower,passion flower
4165,76,76,1,passion flower,passion flower
4166,76,76,1,passion flower,passion flower
4167,76,76,1,passion flower,passion flower
4168,76,76,1,passion flower,passion flower
4169,76,76,1,passion flower,passion flower
4170,76,37,0,passion flower,great masterwort
4171,76,76,1,passion flower,passion flower
4172,76,37,0,passion flower,great masterwort
4173,76,76,1,passion flower,passion flower
4174,76,76,1,passion flower,passion flower
4175,76,76,1,passion flower,passion flower
4176,76,76,1,passion flower,passion flower
4177,76,76,1,passion flower,passion flower
4178,76,76,1,passion flower,passion flower
4179,76,76,1,passion flower,passion flower
4180,76,37,0,passion flower,great masterwort
4181,76,76,1,passion flower,passion flower
4182,76,76,1,passion flower,passion flower
4183,76,76,1,passion flower,passion flower
4184,76,76,1,passion flower,passion flower
4185,76,76,1,passion flower,passion flower
4186,76,76,1,passion flower,passion flower
4187,76,76,1,passion flower,passion flower
4188,76,76,1,passion flower,passion flower
4189,76,76,1,passion flower,passion flower
4190,76,76,1,passion flower,passion flower
4191,76,76,1,passion flower,passion flower
4192,76,76,1,passion flower,passion flower
4193,76,76,1,passion flower,passion flower
4194,76,76,1,passion flower,passion flower
4195,76,76,1,passion flower,passion flower
4196,76,76,1,passion flower,passion flower
4197,76,76,1,passion flower,passion flower
4198,76,76,1,passion flower,passion flower
4199,76,76,1,passion flower,passion flower
4200,76,76,1,passion flower,passion flower
4201,76,76,1,passion flower,passion flower
4202,76,76,1,passion flower,passion flower
4203,76,37,0,passion flower,great masterwort
4204,76,76,1,passion flower,passion flower
4205,76,76,1,passion flower,passion flower
4206,76,76,1,passion flower,passion flower
4207,76,76,1,passion flower,passion flower
4208,76,76,1,passion flower,passion flower
4209,76,76,1,passion flower,passion flower
4210,76,76,1,passion flower,passion flower
4211,76,76,1,passion flower,passion flower
4212,76,76,1,passion flower,passion flower
4213,76,76,1,passion flower,passion flower
4214,76,76,1,passion flower,passion flower
4215,76,76,1,passion flower,passion flower
4216,76,76,1,passion flower,passion flower
4217,76,76,1,passion flower,passion flower
4218,76,76,1,passion flower,passion flower
4219,76,90,0,passion flower,hippeastrum
4220,76,76,1,passion flower,passion flower
4221,76,37,0,passion flower,great masterwort
4222,76,76,1,passion flower,passion flower
4223,76,76,1,passion flower,passion flower
4224,76,76,1,passion flower,passion flower
4225,76,76,1,passion flower,passion flower
4226,76,76,1,passion flower,passion flower
4227,76,76,1,passion flower,passion flower
4228,76,76,1,passion flower,passion flower
4229,76,76,1,passion flower,passion flower
4230,76,76,1,passion flower,passion flower
4231,76,76,1,passion flower,passion flower
4232,76,76,1,passion flower,passion flower
4233,76,76,1,passion flower,passion flower
4234,76,76,1,passion flower,passion flower
4235,76,83,0,passion flower,columbine
4236,76,76,1,passion flower,passion flower
4237,76,76,1,passion flower,passion flower
4238,76,76,1,passion flower,passion flower
4239,76,76,1,passion flower,passion flower
4240,76,76,1,passion flower,passion flower
4241,76,76,1,passion flower,passion flower
4242,76,76,1,passion flower,passion flower
4243,76,76,1,passion flower,passion flower
4244,76,76,1,passion flower,passion flower
4245,76,76,1,passion flower,passion flower
4246,76,76,1,passion flower,passion flower
4247,76,76,1,passion flower,passion flower
4248,76,76,1,passion flower,passion flower
4249,76,76,1,passion flower,passion flower
4250,76,76,1,passion flower,passion flower
4251,76,76,1,passion flower,passion flower
4252,76,76,1,passion flower,passion flower
4253,76,76,1,passion flower,passion flower
4254,76,76,1,passion flower,passion flower
4255,76,76,1,passion flower,passion flower
4256,76,81,0,passion flower,clematis
4257,76,76,1,passion flower,passion flower
4258,76,76,1,passion flower,passion flower
4259,76,76,1,passion flower,passion flower
4260,76,76,1,passion flower,passion flower
4261,76,76,1,passion flower,passion flower
4262,76,76,1,passion flower,passion flower
4263,76,76,1,passion flower,passion flower
4264,76,76,1,passion flower,passion flower
4265,76,76,1,passion flower,passion flower
4266,76,76,1,passion flower,passion flower
4267,76,5,0,passion flower,tiger lily
4268,76,76,1,passion flower,passion flower
4269,76,76,1,passion flower,passion flower
4270,76,76,1,passion flower,passion flower
4271,76,76,1,passion flower,passion flower
4272,76,76,1,passion flower,passion flower
4273,76,76,1,passion flower,passion flower
4274,76,76,1,passion flower,passion flower
4275,76,76,1,passion flower,passion flower
4276,76,76,1,passion flower,passion flower
4277,76,76,1,passion flower,passion flower
4278,76,76,1,passion flower,passion flower
4279,76,76,1,passion flower,passion flower
4280,76,76,1,passion flower,passion flower
4281,76,76,1,passion flower,passion flower
4282,76,76,1,passion flower,passion flower
4283,76,76,1,passion flower,passion flower
4284,76,76,1,passion flower,passion flower
4285,76,76,1,passion flower,passion flower
4286,76,76,1,passion flower,passion flower
4287,76,76,1,passion flower,passion flower
4288,76,76,1,passion flower,passion flower
4289,76,76,1,passion flower,passion flower
4290,76,76,1,passion flower,passion flower
4291,76,76,1,passion flower,passion flower
4292,76,76,1,passion flower,passion flower
4293,76,76,1,passion flower,passion flower
4294,76,76,1,passion flower,passion flower
4295,76,76,1,passion flower,passion flower
4296,76,76,1,passion flower,passion flower
4297,76,76,1,passion flower,passion flower
4298,76,37,0,passion flower,great masterwort
4299,76,76,1,passion flower,passion flower
4300,76,76,1,passion flower,passion flower
4301,76,76,1,passion flower,passion flower
4302,76,76,1,passion flower,passion flower
4303,76,76,1,passion flower,passion flower
4304,76,76,1,passion flower,passion flower
4305,76,76,1,passion flower,passion flower
4306,76,37,0,passion flower,great masterwort
4307,76,76,1,passion flower,passion flower
4308,76,76,1,passion flower,passion flower
4309,76,76,1,passion flower,passion flower
4310,76,76,1,passion flower,passion flower
4311,76,76,1,passion flower,passion flower
4312,76,76,1,passion flower,passion flower
4313,76,76,1,passion flower,passion flower
4314,76,76,1,passion flower,passion flower
4315,76,76,1,passion flower,passion flower
4316,76,76,1,passion flower,passion flower
4317,76,76,1,passion flower,passion flower
4318,76,76,1,passion flower,passion flower
4319,76,76,1,passion flower,passion flower
4320,76,76,1,passion flower,passion flower
4321,76,76,1,passion flower,passion flower
4322,76,76,1,passion flower,passion flower
4323,76,76,1,passion flower,passion flower
4324,76,37,0,passion flower,great masterwort
4325,76,76,1,passion flower,passion flower
4326,76,76,1,passion flower,passion flower
4327,76,76,1,passion flower,passion flower
4328,76,76,1,passion flower,passion flower
4329,76,37,0,passion flower,great masterwort
4330,76,76,1,passion flower,passion flower
4331,76,76,1,passion flower,passion flower
4332,77,72,0,lotus,water lily
4333,77,77,1,lotus,lotus
4334,77,77,1,lotus,lotus
4335,77,72,0,lotus,water lily
4336,77,77,1,lotus,lotus
4337,77,77,1,lotus,lotus
4338,77,77,1,lotus,lotus
4339,77,77,1,lotus,lotus
4340,77,77,1,lotus,lotus
4341,77,77,1,lotus,lotus
4342,77,77,1,lotus,lotus
4343,77,77,1,lotus,lotus
4344,77,77,1,lotus,lotus
4345,77,77,1,lotus,lotus
4346,77,77,1,lotus,lotus
4347,77,77,1,lotus,lotus
4348,77,77,1,lotus,lotus
4349,77,77,1,lotus,lotus
4350,77,77,1,lotus,lotus
4351,77,79,0,lotus,anthurium
4352,77,77,1,lotus,lotus
4353,77,77,1,lotus,lotus
4354,77,77,1,lotus,lotus
4355,77,77,1,lotus,lotus
4356,77,77,1,lotus,lotus
4357,77,77,1,lotus,lotus
4358,77,77,1,lotus,lotus
4359,77,77,1,lotus,lotus
4360,77,77,1,lotus,lotus
4361,77,77,1,lotus,lotus
4362,77,77,1,lotus,lotus
4363,77,77,1,lotus,lotus
4364,77,77,1,lotus,lotus
4365,77,77,1,lotus,lotus
4366,77,77,1,lotus,lotus
4367,77,77,1,lotus,lotus
4368,77,72,0,lotus,water lily
4369,77,77,1,lotus,lotus
4370,77,95,0,lotus,camellia
4371,77,77,1,lotus,lotus
4372,77,77,1,lotus,lotus
4373,77,77,1,lotus,lotus
4374,77,77,1,lotus,lotus
4375,77,77,1,lotus,lotus
4376,77,83,0,lotus,columbine
4377,77,77,1,lotus,lotus
4378,77,77,1,lotus,lotus
4379,77,77,1,lotus,lotus
4380,77,77,1,lotus,lotus
4381,77,77,1,lotus,lotus
4382,77,77,1,lotus,lotus
4383,77,77,1,lotus,lotus
4384,77,77,1,lotus,lotus
4385,77,77,1,lotus,lotus
4386,77,72,0,lotus,water lily
4387,77,77,1,lotus,lotus
4388,77,77,1,lotus,lotus
4389,77,77,1,lotus,lotus
4390,77,77,1,lotus,lotus
4391,77,77,1,lotus,lotus
4392,77,77,1,lotus,lotus
4393,77,77,1,lotus,lotus
4394,77,68,0,lotus,windflower
4395,77,77,1,lotus,lotus
4396,77,77,1,lotus,lotus
4397,77,77,1,lotus,lotus
4398,77,77,1,lotus,lotus
4399,77,77,1,lotus,lotus
4400,77,83,0,lotus,columbine
4401,77,72,0,lotus,water lily
4402,77,77,1,lotus,lotus
4403,77,77,1,lotus,lotus
4404,77,77,1,lotus,lotus
4405,77,95,0,lotus,camellia
4406,77,77,1,lotus,lotus
4407,77,77,1,lotus,lotus
4408,77,72,0,lotus,water lily
4409,77,77,1,lotus,lotus
4410,77,77,1,lotus,lotus
4411,77,77,1,lotus,lotus
4412,77,77,1,lotus,lotus
4413,77,77,1,lotus,lotus
4414,77,77,1,lotus,lotus
4415,77,77,1,lotus,lotus
4416,77,77,1,lotus,lotus
4417,77,77,1,lotus,lotus
4418,77,77,1,lotus,lotus
4419,77,79,0,lotus,anthurium
4420,77,77,1,lotus,lotus
4421,77,77,1,lotus,lotus
4422,77,77,1,lotus,lotus
4423,77,77,1,lotus,lotus
4424,77,77,1,lotus,lotus
4425,77,77,1,lotus,lotus
4426,77,72,0,lotus,water lily
4427,77,68,0,lotus,windflower
4428,77,77,1,lotus,lotus
4429,77,77,1,lotus,lotus
4430,77,77,1,lotus,lotus
4431,77,77,1,lotus,lotus
4432,77,72,0,lotus,water lily
4433,77,77,1,lotus,lotus
4434,77,77,1,lotus,lotus
4435,77,77,1,lotus,lotus
4436,77,77,1,lotus,lotus
4437,77,77,1,lotus,lotus
4438,77,15,0,lotus,globe-flower
4439,77,77,1,lotus,lotus
4440,77,77,1,lotus,lotus
4441,77,77,1,lotus,lotus
4442,77,77,1,lotus,lotus
4443,77,77,1,lotus,lotus
4444,77,77,1,lotus,lotus
4445,77,77,1,lotus,lotus
4446,77,95,0,lotus,camellia
4447,77,77,1,lotus,lotus
4448,77,77,1,lotus,lotus
4449,78,78,1,toad lily,toad lily
4450,78,78,1,toad lily,toad lily
4451,78,78,1,toad lily,toad lily
4452,78,78,1,toad lily,toad lily
4453,78,78,1,toad lily,toad lily
4454,78,78,1,toad lily,toad lily
4455,78,78,1,toad lily,toad lily
4456,78,78,1,toad lily,toad lily
4457,78,78,1,toad lily,toad lily
4458,78,78,1,toad lily,toad lily
4459,78,78,1,toad lily,toad lily
4460,78,78,1,toad lily,toad lily
4461,78,78,1,toad lily,toad lily
4462,78,78,1,toad lily,toad lily
4463,78,78,1,toad lily,toad lily
4464,78,78,1,toad lily,toad lily
4465,78,78,1,toad lily,toad lily
4466,78,78,1,toad lily,toad lily
4467,78,78,1,toad lily,toad lily
4468,78,78,1,toad lily,toad lily
4469,78,78,1,toad lily,toad lily
4470,79,79,1,anthurium,anthurium
4471,79,79,1,anthurium,anthurium
4472,79,79,1,anthurium,anthurium
4473,79,79,1,anthurium,anthurium
4474,79,79,1,anthurium,anthurium
4475,79,79,1,anthurium,anthurium
4476,79,79,1,anthurium,anthurium
4477,79,79,1,anthurium,anthurium
4478,79,79,1,anthurium,anthurium
4479,79,79,1,anthurium,anthurium
4480,79,79,1,anthurium,anthurium
4481,79,79,1,anthurium,anthurium
4482,79,79,1,anthurium,anthurium
4483,79,79,1,anthurium,anthurium
4484,79,79,1,anthurium,anthurium
4485,79,79,1,anthurium,anthurium
4486,79,96,0,anthurium,mallow
4487,79,79,1,anthurium,anthurium
4488,79,79,1,anthurium,anthurium
4489,79,79,1,anthurium,anthurium
4490,79,79,1,anthurium,anthurium
4491,79,79,1,anthurium,anthurium
4492,79,79,1,anthurium,anthurium
4493,79,79,1,anthurium,anthurium
4494,79,79,1,anthurium,anthurium
4495,79,79,1,anthurium,anthurium
4496,79,79,1,anthurium,anthurium
4497,79,79,1,anthurium,anthurium
4498,79,79,1,anthurium,anthurium
4499,79,79,1,anthurium,anthurium
4500,79,79,1,anthurium,anthurium
4501,79,87,0,anthurium,cyclamen
4502,79,79,1,anthurium,anthurium
4503,79,79,1,anthurium,anthurium
4504,79,79,1,anthurium,anthurium
4505,79,79,1,anthurium,anthurium
4506,79,79,1,anthurium,anthurium
4507,79,79,1,anthurium,anthurium
4508,79,79,1,anthurium,anthurium
4509,79,79,1,anthurium,anthurium
4510,79,79,1,anthurium,anthurium
4511,79,79,1,anthurium,anthurium
4512,79,79,1,anthurium,anthurium
4513,79,79,1,anthurium,anthurium
4514,79,79,1,anthurium,anthurium
4515,79,79,1,anthurium,anthurium
4516,79,79,1,anthurium,anthurium
4517,79,79,1,anthurium,anthurium
4518,79,79,1,anthurium,anthurium
4519,79,79,1,anthurium,anthurium
4520,79,79,1,anthurium,anthurium
4521,79,79,1,anthurium,anthurium
4522,79,79,1,anthurium,anthurium
4523,79,79,1,anthurium,anthurium
4524,79,79,1,anthurium,anthurium
4525,79,79,1,anthurium,anthurium
4526,79,79,1,anthurium,anthurium
4527,79,79,1,anthurium,anthurium
4528,79,79,1,anthurium,anthurium
4529,79,79,1,anthurium,anthurium
4530,79,79,1,anthurium,anthurium
4531,79,79,1,anthurium,anthurium
4532,79,79,1,anthurium,anthurium
4533,79,79,1,anthurium,anthurium
4534,79,79,1,anthurium,anthurium
4535,79,79,1,anthurium,anthurium
4536,79,79,1,anthurium,anthurium
4537,79,79,1,anthurium,anthurium
4538,79,79,1,anthurium,anthurium
4539,79,79,1,anthurium,anthurium
4540,79,87,0,anthurium,cyclamen
4541,79,79,1,anthurium,anthurium
4542,79,79,1,anthurium,anthurium
4543,79,79,1,anthurium,anthurium
4544,79,79,1,anthurium,anthurium
4545,79,79,1,anthurium,anthurium
4546,79,79,1,anthurium,anthurium
4547,79,79,1,anthurium,anthurium
4548,79,79,1,anthurium,anthurium
4549,79,79,1,anthurium,anthurium
4550,79,79,1,anthurium,anthurium
4551,79,79,1,anthurium,anthurium
4552,79,79,1,anthurium,anthurium
4553,79,79,1,anthurium,anthurium
4554,79,79,1,anthurium,anthurium
4555,80,80,1,frangipani,frangipani
4556,80,80,1,frangipani,frangipani
4557,80,80,1,frangipani,frangipani
4558,80,80,1,frangipani,frangipani
4559,80,80,1,frangipani,frangipani
4560,80,80,1,frangipani,frangipani
4561,80,80,1,frangipani,frangipani
4562,80,80,1,frangipani,frangipani
4563,80,80,1,frangipani,frangipani
4564,80,80,1,frangipani,frangipani
4565,80,80,1,frangipani,frangipani
4566,80,80,1,frangipani,frangipani
4567,80,80,1,frangipani,frangipani
4568,80,80,1,frangipani,frangipani
4569,80,80,1,frangipani,frangipani
4570,80,80,1,frangipani,frangipani
4571,80,80,1,frangipani,frangipani
4572,80,80,1,frangipani,frangipani
4573,80,80,1,frangipani,frangipani
4574,80,80,1,frangipani,frangipani
4575,80,80,1,frangipani,frangipani
4576,80,80,1,frangipani,frangipani
4577,80,80,1,frangipani,frangipani
4578,80,80,1,frangipani,frangipani
4579,80,80,1,frangipani,frangipani
4580,80,80,1,frangipani,frangipani
4581,80,80,1,frangipani,frangipani
4582,80,80,1,frangipani,frangipani
4583,80,80,1,frangipani,frangipani
4584,80,80,1,frangipani,frangipani
4585,80,80,1,frangipani,frangipani
4586,80,80,1,frangipani,frangipani
4587,80,80,1,frangipani,frangipani
4588,80,80,1,frangipani,frangipani
4589,80,80,1,frangipani,frangipani
4590,80,80,1,frangipani,frangipani
4591,80,80,1,frangipani,frangipani
4592,80,80,1,frangipani,frangipani
4593,80,80,1,frangipani,frangipani
4594,80,80,1,frangipani,frangipani
4595,80,80,1,frangipani,frangipani
4596,80,80,1,frangipani,frangipani
4597,80,80,1,frangipani,frangipani
4598,80,80,1,frangipani,frangipani
4599,80,80,1,frangipani,frangipani
4600,80,80,1,frangipani,frangipani
4601,80,80,1,frangipani,frangipani
4602,80,80,1,frangipani,frangipani
4603,80,80,1,frangipani,frangipani
4604,80,80,1,frangipani,frangipani
4605,80,80,1,frangipani,frangipani
4606,80,80,1,frangipani,frangipani
4607,80,80,1,frangipani,frangipani
4608,80,80,1,frangipani,frangipani
4609,80,80,1,frangipani,frangipani
4610,80,80,1,frangipani,frangipani
4611,80,80,1,frangipani,frangipani
4612,80,80,1,frangipani,frangipani
4613,80,80,1,frangipani,frangipani
4614,80,80,1,frangipani,frangipani
4615,80,80,1,frangipani,frangipani
4616,80,80,1,frangipani,frangipani
4617,80,80,1,frangipani,frangipani
4618,80,80,1,frangipani,frangipani
4619,80,80,1,frangipani,frangipani
4620,80,80,1,frangipani,frangipani
4621,80,80,1,frangipani,frangipani
4622,80,80,1,frangipani,frangipani
4623,80,80,1,frangipani,frangipani
4624,80,80,1,frangipani,frangipani
4625,80,80,1,frangipani,frangipani
4626,80,80,1,frangipani,frangipani
4627,80,80,1,frangipani,frangipani
4628,80,80,1,frangipani,frangipani
4629,80,80,1,frangipani,frangipani
4630,80,80,1,frangipani,frangipani
4631,80,80,1,frangipani,frangipani
4632,80,80,1,frangipani,frangipani
4633,80,80,1,frangipani,frangipani
4634,80,80,1,frangipani,frangipani
4635,80,80,1,frangipani,frangipani
4636,80,80,1,frangipani,frangipani
4637,80,80,1,frangipani,frangipani
4638,80,80,1,frangipani,frangipani
4639,80,80,1,frangipani,frangipani
4640,80,80,1,frangipani,frangipani
4641,80,80,1,frangipani,frangipani
4642,80,80,1,frangipani,frangipani
4643,80,80,1,frangipani,frangipani
4644,80,80,1,frangipani,frangipani
4645,80,80,1,frangipani,frangipani
4646,80,80,1,frangipani,frangipani
4647,80,80,1,frangipani,frangipani
4648,80,80,1,frangipani,frangipani
4649,80,80,1,frangipani,frangipani
4650,80,80,1,frangipani,frangipani
4651,80,80,1,frangipani,frangipani
4652,80,80,1,frangipani,frangipani
4653,80,80,1,frangipani,frangipani
4654,80,80,1,frangipani,frangipani
4655,80,80,1,frangipani,frangipani
4656,80,80,1,frangipani,frangipani
4657,80,80,1,frangipani,frangipani
4658,80,80,1,frangipani,frangipani
4659,80,80,1,frangipani,frangipani
4660,80,80,1,frangipani,frangipani
4661,80,80,1,frangipani,frangipani
4662,80,80,1,frangipani,frangipani
4663,80,80,1,frangipani,frangipani
4664,80,80,1,frangipani,frangipani
4665,80,80,1,frangipani,frangipani
4666,80,80,1,frangipani,frangipani
4667,80,80,1,frangipani,frangipani
4668,80,80,1,frangipani,frangipani
4669,80,80,1,frangipani,frangipani
4670,80,80,1,frangipani,frangipani
4671,80,80,1,frangipani,frangipani
4672,80,80,1,frangipani,frangipani
4673,80,80,1,frangipani,frangipani
4674,80,80,1,frangipani,frangipani
4675,80,80,1,frangipani,frangipani
4676,80,80,1,frangipani,frangipani
4677,80,80,1,frangipani,frangipani
4678,80,80,1,frangipani,frangipani
4679,80,80,1,frangipani,frangipani
4680,80,80,1,frangipani,frangipani
4681,80,80,1,frangipani,frangipani
4682,80,80,1,frangipani,frangipani
4683,80,80,1,frangipani,frangipani
4684,80,80,1,frangipani,frangipani
4685,80,80,1,frangipani,frangipani
4686,80,80,1,frangipani,frangipani
4687,80,80,1,frangipani,frangipani
4688,80,80,1,frangipani,frangipani
4689,80,80,1,frangipani,frangipani
4690,80,80,1,frangipani,frangipani
4691,80,80,1,frangipani,frangipani
4692,80,80,1,frangipani,frangipani
4693,80,80,1,frangipani,frangipani
4694,80,80,1,frangipani,frangipani
4695,80,80,1,frangipani,frangipani
4696,80,80,1,frangipani,frangipani
4697,80,80,1,frangipani,frangipani
4698,80,80,1,frangipani,frangipani
4699,80,80,1,frangipani,frangipani
4700,80,80,1,frangipani,frangipani
4701,81,81,1,clematis,clematis
4702,81,81,1,clematis,clematis
4703,81,81,1,clematis,clematis
4704,81,81,1,clematis,clematis
4705,81,81,1,clematis,clematis
4706,81,81,1,clematis,clematis
4707,81,18,0,clematis,balloon flower
4708,81,39,0,clematis,lenten rose
4709,81,27,0,clematis,stemless gentian
4710,81,81,1,clematis,clematis
4711,81,81,1,clematis,clematis
4712,81,81,1,clematis,clematis
4713,81,81,1,clematis,clematis
4714,81,81,1,clematis,clematis
4715,81,81,1,clematis,clematis
4716,81,81,1,clematis,clematis
4717,81,81,1,clematis,clematis
4718,81,83,0,clematis,columbine
4719,81,81,1,clematis,clematis
4720,81,18,0,clematis,balloon flower
4721,81,81,1,clematis,clematis
4722,81,81,1,clematis,clematis
4723,81,81,1,clematis,clematis
4724,81,18,0,clematis,balloon flower
4725,81,81,1,clematis,clematis
4726,81,18,0,clematis,balloon flower
4727,81,39,0,clematis,lenten rose
4728,81,27,0,clematis,stemless gentian
4729,81,81,1,clematis,clematis
4730,81,27,0,clematis,stemless gentian
4731,81,81,1,clematis,clematis
4732,81,81,1,clematis,clematis
4733,81,81,1,clematis,clematis
4734,81,81,1,clematis,clematis
4735,81,81,1,clematis,clematis
4736,81,81,1,clematis,clematis
4737,81,18,0,clematis,balloon flower
4738,81,81,1,clematis,clematis
4739,81,81,1,clematis,clematis
4740,81,81,1,clematis,clematis
4741,81,81,1,clematis,clematis
4742,81,81,1,clematis,clematis
4743,81,81,1,clematis,clematis
4744,81,81,1,clematis,clematis
4745,81,81,1,clematis,clematis
4746,81,0,0,clematis,pink primrose
4747,81,81,1,clematis,clematis
4748,81,81,1,clematis,clematis
4749,81,81,1,clematis,clematis
4750,81,81,1,clematis,clematis
4751,81,81,1,clematis,clematis
4752,81,81,1,clematis,clematis
4753,81,81,1,clematis,clematis
4754,81,18,0,clematis,balloon flower
4755,81,81,1,clematis,clematis
4756,81,81,1,clematis,clematis
4757,81,81,1,clematis,clematis
4758,81,81,1,clematis,clematis
4759,81,81,1,clematis,clematis
4760,81,68,0,clematis,windflower
4761,81,81,1,clematis,clematis
4762,81,81,1,clematis,clematis
4763,81,81,1,clematis,clematis
4764,81,81,1,clematis,clematis
4765,81,81,1,clematis,clematis
4766,81,81,1,clematis,clematis
4767,81,81,1,clematis,clematis
4768,81,81,1,clematis,clematis
4769,81,81,1,clematis,clematis
4770,81,81,1,clematis,clematis
4771,81,81,1,clematis,clematis
4772,81,81,1,clematis,clematis
4773,81,81,1,clematis,clematis
4774,81,81,1,clematis,clematis
4775,81,81,1,clematis,clematis
4776,81,81,1,clematis,clematis
4777,81,81,1,clematis,clematis
4778,81,81,1,clematis,clematis
4779,81,81,1,clematis,clematis
4780,81,81,1,clematis,clematis
4781,81,81,1,clematis,clematis
4782,81,81,1,clematis,clematis
4783,81,81,1,clematis,clematis
4784,81,81,1,clematis,clematis
4785,81,81,1,clematis,clematis
4786,81,81,1,clematis,clematis
4787,81,81,1,clematis,clematis
4788,81,81,1,clematis,clematis
4789,81,81,1,clematis,clematis
4790,81,81,1,clematis,clematis
4791,81,81,1,clematis,clematis
4792,81,81,1,clematis,clematis
4793,82,82,1,hibiscus,hibiscus
4794,82,82,1,hibiscus,hibiscus
4795,82,89,0,hibiscus,canna lily
4796,82,82,1,hibiscus,hibiscus
4797,82,64,0,hibiscus,californian poppy
4798,82,82,1,hibiscus,hibiscus
4799,82,82,1,hibiscus,hibiscus
4800,82,82,1,hibiscus,hibiscus
4801,82,82,1,hibiscus,hibiscus
4802,82,82,1,hibiscus,hibiscus
4803,82,30,0,hibiscus,carnation
4804,82,82,1,hibiscus,hibiscus
4805,82,82,1,hibiscus,hibiscus
4806,82,41,0,hibiscus,daffodil
4807,82,64,0,hibiscus,californian poppy
4808,82,82,1,hibiscus,hibiscus
4809,82,82,1,hibiscus,hibiscus
4810,82,82,1,hibiscus,hibiscus
4811,82,82,1,hibiscus,hibiscus
4812,82,41,0,hibiscus,daffodil
4813,82,82,1,hibiscus,hibiscus
4814,82,82,1,hibiscus,hibiscus
4815,82,82,1,hibiscus,hibiscus
4816,82,82,1,hibiscus,hibiscus
4817,82,17,0,hibiscus,peruvian lily
4818,82,82,1,hibiscus,hibiscus
4819,82,4,0,hibiscus,english marigold
4820,82,82,1,hibiscus,hibiscus
4821,82,30,0,hibiscus,carnation
4822,82,82,1,hibiscus,hibiscus
4823,82,85,0,hibiscus,tree mallow
4824,82,82,1,hibiscus,hibiscus
4825,82,82,1,hibiscus,hibiscus
4826,82,64,0,hibiscus,californian poppy
4827,82,82,1,hibiscus,hibiscus
4828,82,19,0,hibiscus,giant white arum lily
4829,82,59,0,hibiscus,pink-yellow dahlia?
4830,82,82,1,hibiscus,hibiscus
4831,82,88,0,hibiscus,watercress
4832,82,25,0,hibiscus,corn poppy
4833,82,82,1,hibiscus,hibiscus
4834,82,82,1,hibiscus,hibiscus
4835,82,82,1,hibiscus,hibiscus
4836,82,97,0,hibiscus,mexican petunia
4837,82,82,1,hibiscus,hibiscus
4838,82,82,1,hibiscus,hibiscus
4839,82,82,1,hibiscus,hibiscus
4840,82,82,1,hibiscus,hibiscus
4841,82,82,1,hibiscus,hibiscus
4842,82,82,1,hibiscus,hibiscus
4843,82,39,0,hibiscus,lenten rose
4844,82,82,1,hibiscus,hibiscus
4845,82,82,1,hibiscus,hibiscus
4846,82,88,0,hibiscus,watercress
4847,82,56,0,hibiscus,gaura
4848,82,64,0,hibiscus,californian poppy
4849,82,82,1,hibiscus,hibiscus
4850,82,88,0,hibiscus,watercress
4851,82,82,1,hibiscus,hibiscus
4852,82,82,1,hibiscus,hibiscus
4853,82,82,1,hibiscus,hibiscus
4854,82,82,1,hibiscus,hibiscus
4855,82,60,0,hibiscus,cautleya spicata
4856,82,82,1,hibiscus,hibiscus
4857,82,85,0,hibiscus,tree mallow
4858,82,82,1,hibiscus,hibiscus
4859,82,82,1,hibiscus,hibiscus
4860,82,82,1,hibiscus,hibiscus
4861,82,56,0,hibiscus,gaura
4862,82,82,1,hibiscus,hibiscus
4863,82,82,1,hibiscus,hibiscus
4864,82,82,1,hibiscus,hibiscus
4865,82,82,1,hibiscus,hibiscus
4866,82,82,1,hibiscus,hibiscus
4867,82,29,0,hibiscus,sweet william
4868,82,82,1,hibiscus,hibiscus
4869,82,82,1,hibiscus,hibiscus
4870,82,88,0,hibiscus,watercress
4871,82,82,1,hibiscus,hibiscus
4872,82,82,1,hibiscus,hibiscus
4873,82,82,1,hibiscus,hibiscus
4874,82,82,1,hibiscus,hibiscus
4875,82,82,1,hibiscus,hibiscus
4876,82,96,0,hibiscus,mallow
4877,82,82,1,hibiscus,hibiscus
4878,82,82,1,hibiscus,hibiscus
4879,82,82,1,hibiscus,hibiscus
4880,82,89,0,hibiscus,canna lily
4881,82,82,1,hibiscus,hibiscus
4882,82,82,1,hibiscus,hibiscus
4883,82,82,1,hibiscus,hibiscus
4884,82,82,1,hibiscus,hibiscus
4885,82,82,1,hibiscus,hibiscus
4886,82,82,1,hibiscus,hibiscus
4887,82,42,0,hibiscus,sword lily
4888,82,82,1,hibiscus,hibiscus
4889,82,82,1,hibiscus,hibiscus
4890,82,25,0,hibiscus,corn poppy
4891,82,75,0,hibiscus,morning glory
4892,82,82,1,hibiscus,hibiscus
4893,82,33,0,hibiscus,mexican aster
4894,82,82,1,hibiscus,hibiscus
4895,82,82,1,hibiscus,hibiscus
4896,82,82,1,hibiscus,hibiscus
4897,82,82,1,hibiscus,hibiscus
4898,82,82,1,hibiscus,hibiscus
4899,82,85,0,hibiscus,tree mallow
4900,82,82,1,hibiscus,hibiscus
4901,82,85,0,hibiscus,tree mallow
4902,82,82,1,hibiscus,hibiscus
4903,82,82,1,hibiscus,hibiscus
4904,83,83,1,columbine,columbine
4905,83,83,1,columbine,columbine
4906,83,27,0,columbine,stemless gentian
4907,83,41,0,columbine,daffodil
4908,83,83,1,columbine,columbine
4909,83,83,1,columbine,columbine
4910,83,83,1,columbine,columbine
4911,83,83,1,columbine,columbine
4912,83,83,1,columbine,columbine
4913,83,41,0,columbine,daffodil
4914,83,83,1,columbine,columbine
4915,83,83,1,columbine,columbine
4916,83,41,0,columbine,daffodil
4917,83,83,1,columbine,columbine
4918,83,101,0,columbine,blackberry lily
4919,83,68,0,columbine,windflower
4920,83,83,1,columbine,columbine
4921,83,83,1,columbine,columbine
4922,83,83,1,columbine,columbine
4923,83,84,0,columbine,desert-rose
4924,83,83,1,columbine,columbine
4925,83,83,1,columbine,columbine
4926,83,83,1,columbine,columbine
4927,83,83,1,columbine,columbine
4928,83,83,1,columbine,columbine
4929,83,83,1,columbine,columbine
4930,83,35,0,columbine,ruby-lipped cattleya
4931,83,36,0,columbine,cape flower
4932,83,83,1,columbine,columbine
4933,83,83,1,columbine,columbine
4934,83,83,1,columbine,columbine
4935,83,83,1,columbine,columbine
4936,83,83,1,columbine,columbine
4937,83,84,0,columbine,desert-rose
4938,83,83,1,columbine,columbine
4939,83,83,1,columbine,columbine
4940,83,36,0,columbine,cape flower
4941,83,83,1,columbine,columbine
4942,83,83,1,columbine,columbine
4943,83,83,1,columbine,columbine
4944,83,83,1,columbine,columbine
4945,83,83,1,columbine,columbine
4946,83,41,0,columbine,daffodil
4947,83,83,1,columbine,columbine
4948,83,83,1,columbine,columbine
4949,83,17,0,columbine,peruvian lily
4950,83,83,1,columbine,columbine
4951,83,83,1,columbine,columbine
4952,83,83,1,columbine,columbine
4953,83,83,1,columbine,columbine
4954,83,83,1,columbine,columbine
4955,83,83,1,columbine,columbine
4956,83,83,1,columbine,columbine
4957,83,83,1,columbine,columbine
4958,83,83,1,columbine,columbine
4959,83,83,1,columbine,columbine
4960,83,84,0,columbine,desert-rose
4961,83,83,1,columbine,columbine
4962,83,83,1,columbine,columbine
4963,83,36,0,columbine,cape flower
4964,83,83,1,columbine,columbine
4965,83,83,1,columbine,columbine
4966,83,80,0,columbine,frangipani
4967,83,83,1,columbine,columbine
4968,83,83,1,columbine,columbine
4969,83,83,1,columbine,columbine
4970,84,84,1,desert-rose,desert-rose
4971,84,84,1,desert-rose,desert-rose
4972,84,84,1,desert-rose,desert-rose
4973,84,84,1,desert-rose,desert-rose
4974,84,31,0,desert-rose,garden phlox
4975,84,84,1,desert-rose,desert-rose
4976,84,84,1,desert-rose,desert-rose
4977,84,84,1,desert-rose,desert-rose
4978,84,31,0,desert-rose,garden phlox
4979,84,84,1,desert-rose,desert-rose
4980,84,84,1,desert-rose,desert-rose
4981,84,84,1,desert-rose,desert-rose
4982,84,84,1,desert-rose,desert-rose
4983,84,84,1,desert-rose,desert-rose
4984,84,84,1,desert-rose,desert-rose
4985,84,84,1,desert-rose,desert-rose
4986,84,84,1,desert-rose,desert-rose
4987,84,84,1,desert-rose,desert-rose
4988,84,84,1,desert-rose,desert-rose
4989,84,84,1,desert-rose,desert-rose
4990,84,84,1,desert-rose,desert-rose
4991,84,84,1,desert-rose,desert-rose
4992,84,84,1,desert-rose,desert-rose
4993,84,84,1,desert-rose,desert-rose
4994,84,84,1,desert-rose,desert-rose
4995,84,84,1,desert-rose,desert-rose
4996,84,84,1,desert-rose,desert-rose
4997,84,84,1,desert-rose,desert-rose
4998,84,84,1,desert-rose,desert-rose
4999,84,84,1,desert-rose,desert-rose
5000,84,84,1,desert-rose,desert-rose
5001,84,84,1,desert-rose,desert-rose
5002,84,84,1,desert-rose,desert-rose
5003,84,84,1,desert-rose,desert-rose
5004,84,84,1,desert-rose,desert-rose
5005,84,84,1,desert-rose,desert-rose
5006,84,84,1,desert-rose,desert-rose
5007,84,84,1,desert-rose,desert-rose
5008,84,84,1,desert-rose,desert-rose
5009,84,84,1,desert-rose,desert-rose
5010,84,84,1,desert-rose,desert-rose
5011,84,84,1,desert-rose,desert-rose
5012,84,84,1,desert-rose,desert-rose
5013,85,85,1,tree mallow,tree mallow
5014,85,85,1,tree mallow,tree mallow
5015,85,85,1,tree mallow,tree mallow
5016,85,85,1,tree mallow,tree mallow
5017,85,85,1,tree mallow,tree mallow
5018,85,85,1,tree mallow,tree mallow
5019,85,85,1,tree mallow,tree mallow
5020,85,85,1,tree mallow,tree mallow
5021,85,85,1,tree mallow,tree mallow
5022,85,85,1,tree mallow,tree mallow
5023,85,85,1,tree mallow,tree mallow
5024,85,85,1,tree mallow,tree mallow
5025,85,85,1,tree mallow,tree mallow
5026,85,85,1,tree mallow,tree mallow
5027,85,85,1,tree mallow,tree mallow
5028,85,85,1,tree mallow,tree mallow
5029,85,85,1,tree mallow,tree mallow
5030,85,85,1,tree mallow,tree mallow
5031,85,85,1,tree mallow,tree mallow
5032,85,85,1,tree mallow,tree mallow
5033,85,85,1,tree mallow,tree mallow
5034,85,85,1,tree mallow,tree mallow
5035,85,85,1,tree mallow,tree mallow
5036,85,85,1,tree mallow,tree mallow
5037,85,85,1,tree mallow,tree mallow
5038,85,85,1,tree mallow,tree mallow
5039,85,85,1,tree mallow,tree mallow
5040,85,85,1,tree mallow,tree mallow
5041,85,85,1,tree mallow,tree mallow
5042,85,85,1,tree mallow,tree mallow
5043,85,85,1,tree mallow,tree mallow
5044,85,85,1,tree mallow,tree mallow
5045,85,85,1,tree mallow,tree mallow
5046,85,85,1,tree mallow,tree mallow
5047,85,85,1,tree mallow,tree mallow
5048,85,85,1,tree mallow,tree mallow
5049,85,85,1,tree mallow,tree mallow
5050,85,85,1,tree mallow,tree mallow
5051,86,86,1,magnolia,magnolia
5052,86,86,1,magnolia,magnolia
5053,86,86,1,magnolia,magnolia
5054,86,86,1,magnolia,magnolia
5055,86,86,1,magnolia,magnolia
5056,86,86,1,magnolia,magnolia
5057,86,86,1,magnolia,magnolia
5058,86,86,1,magnolia,magnolia
5059,86,86,1,magnolia,magnolia
5060,86,86,1,magnolia,magnolia
5061,86,86,1,magnolia,magnolia
5062,86,86,1,magnolia,magnolia
5063,86,86,1,magnolia,magnolia
5064,86,86,1,magnolia,magnolia
5065,86,8,0,magnolia,monkshood
5066,86,86,1,magnolia,magnolia
5067,86,86,1,magnolia,magnolia
5068,86,86,1,magnolia,magnolia
5069,86,86,1,magnolia,magnolia
5070,86,86,1,magnolia,magnolia
5071,86,86,1,magnolia,magnolia
5072,86,86,1,magnolia,magnolia
5073,86,86,1,magnolia,magnolia
5074,86,86,1,magnolia,magnolia
5075,86,86,1,magnolia,magnolia
5076,86,86,1,magnolia,magnolia
5077,86,87,0,magnolia,cyclamen
5078,86,86,1,magnolia,magnolia
5079,86,86,1,magnolia,magnolia
5080,86,86,1,magnolia,magnolia
5081,86,86,1,magnolia,magnolia
5082,86,86,1,magnolia,magnolia
5083,86,86,1,magnolia,magnolia
5084,86,86,1,magnolia,magnolia
5085,86,86,1,magnolia,magnolia
5086,86,86,1,magnolia,magnolia
5087,86,86,1,magnolia,magnolia
5088,86,86,1,magnolia,magnolia
5089,86,86,1,magnolia,magnolia
5090,86,86,1,magnolia,magnolia
5091,86,86,1,magnolia,magnolia
5092,86,86,1,magnolia,magnolia
5093,86,86,1,magnolia,magnolia
5094,87,87,1,cyclamen,cyclamen
5095,87,87,1,cyclamen,cyclamen
5096,87,87,1,cyclamen,cyclamen
5097,87,87,1,cyclamen,cyclamen
5098,87,87,1,cyclamen,cyclamen
5099,87,87,1,cyclamen,cyclamen
5100,87,87,1,cyclamen,cyclamen
5101,87,87,1,cyclamen,cyclamen
5102,87,87,1,cyclamen,cyclamen
5103,87,87,1,cyclamen,cyclamen
5104,87,86,0,cyclamen,magnolia
5105,87,87,1,cyclamen,cyclamen
5106,87,87,1,cyclamen,cyclamen
5107,87,87,1,cyclamen,cyclamen
5108,87,87,1,cyclamen,cyclamen
5109,87,77,0,cyclamen,lotus
5110,87,87,1,cyclamen,cyclamen
5111,87,87,1,cyclamen,cyclamen
5112,87,87,1,cyclamen,cyclamen
5113,87,86,0,cyclamen,magnolia
5114,87,87,1,cyclamen,cyclamen
5115,87,87,1,cyclamen,cyclamen
5116,87,87,1,cyclamen,cyclamen
5117,87,77,0,cyclamen,lotus
5118,87,87,1,cyclamen,cyclamen
5119,87,87,1,cyclamen,cyclamen
5120,87,38,0,cyclamen,siam tulip
5121,87,87,1,cyclamen,cyclamen
5122,87,87,1,cyclamen,cyclamen
5123,87,87,1,cyclamen,cyclamen
5124,87,87,1,cyclamen,cyclamen
5125,87,87,1,cyclamen,cyclamen
5126,87,31,0,cyclamen,garden phlox
5127,87,87,1,cyclamen,cyclamen
5128,87,87,1,cyclamen,cyclamen
5129,87,87,1,cyclamen,cyclamen
5130,87,87,1,cyclamen,cyclamen
5131,87,86,0,cyclamen,magnolia
5132,87,38,0,cyclamen,siam tulip
5133,87,87,1,cyclamen,cyclamen
5134,87,87,1,cyclamen,cyclamen
5135,87,87,1,cyclamen,cyclamen
5136,87,87,1,cyclamen,cyclamen
5137,87,87,1,cyclamen,cyclamen
5138,87,87,1,cyclamen,cyclamen
5139,87,87,1,cyclamen,cyclamen
5140,87,87,1,cyclamen,cyclamen
5141,87,87,1,cyclamen,cyclamen
5142,87,87,1,cyclamen,cyclamen
5143,87,87,1,cyclamen,cyclamen
5144,87,87,1,cyclamen,cyclamen
5145,87,84,0,cyclamen,desert-rose
5146,87,87,1,cyclamen,cyclamen
5147,87,87,1,cyclamen,cyclamen
5148,87,87,1,cyclamen,cyclamen
5149,87,87,1,cyclamen,cyclamen
5150,87,56,0,cyclamen,gaura
5151,87,87,1,cyclamen,cyclamen
5152,87,38,0,cyclamen,siam tulip
5153,87,77,0,cyclamen,lotus
5154,87,84,0,cyclamen,desert-rose
5155,87,19,0,cyclamen,giant white arum lily
5156,87,87,1,cyclamen,cyclamen
5157,87,87,1,cyclamen,cyclamen
5158,87,86,0,cyclamen,magnolia
5159,87,87,1,cyclamen,cyclamen
5160,87,87,1,cyclamen,cyclamen
5161,87,87,1,cyclamen,cyclamen
5162,87,87,1,cyclamen,cyclamen
5163,87,87,1,cyclamen,cyclamen
5164,87,87,1,cyclamen,cyclamen
5165,87,87,1,cyclamen,cyclamen
5166,87,87,1,cyclamen,cyclamen
5167,87,84,0,cyclamen,desert-rose
5168,87,74,0,cyclamen,thorn apple
5169,87,87,1,cyclamen,cyclamen
5170,87,87,1,cyclamen,cyclamen
5171,87,87,1,cyclamen,cyclamen
5172,87,87,1,cyclamen,cyclamen
5173,87,87,1,cyclamen,cyclamen
5174,87,87,1,cyclamen,cyclamen
5175,87,87,1,cyclamen,cyclamen
5176,87,87,1,cyclamen,cyclamen
5177,87,87,1,cyclamen,cyclamen
5178,87,87,1,cyclamen,cyclamen
5179,87,87,1,cyclamen,cyclamen
5180,87,3,0,cyclamen,sweet pea
5181,87,86,0,cyclamen,magnolia
5182,87,87,1,cyclamen,cyclamen
5183,87,87,1,cyclamen,cyclamen
5184,87,87,1,cyclamen,cyclamen
5185,87,87,1,cyclamen,cyclamen
5186,87,87,1,cyclamen,cyclamen
5187,87,87,1,cyclamen,cyclamen
5188,87,87,1,cyclamen,cyclamen
5189,87,87,1,cyclamen,cyclamen
5190,87,19,0,cyclamen,giant white arum lily
5191,87,87,1,cyclamen,cyclamen
5192,87,87,1,cyclamen,cyclamen
5193,87,87,1,cyclamen,cyclamen
5194,87,86,0,cyclamen,magnolia
5195,87,87,1,cyclamen,cyclamen
5196,87,87,1,cyclamen,cyclamen
5197,87,87,1,cyclamen,cyclamen
5198,87,87,1,cyclamen,cyclamen
5199,87,87,1,cyclamen,cyclamen
5200,87,77,0,cyclamen,lotus
5201,87,87,1,cyclamen,cyclamen
5202,87,87,1,cyclamen,cyclamen
5203,87,87,1,cyclamen,cyclamen
5204,87,87,1,cyclamen,cyclamen
5205,87,87,1,cyclamen,cyclamen
5206,87,87,1,cyclamen,cyclamen
5207,87,86,0,cyclamen,magnolia
5208,87,87,1,cyclamen,cyclamen
5209,87,77,0,cyclamen,lotus
5210,87,77,0,cyclamen,lotus
5211,87,87,1,cyclamen,cyclamen
5212,87,87,1,cyclamen,cyclamen
5213,87,87,1,cyclamen,cyclamen
5214,87,87,1,cyclamen,cyclamen
5215,87,87,1,cyclamen,cyclamen
5216,87,19,0,cyclamen,giant white arum lily
5217,87,87,1,cyclamen,cyclamen
5218,87,87,1,cyclamen,cyclamen
5219,87,87,1,cyclamen,cyclamen
5220,87,87,1,cyclamen,cyclamen
5221,87,87,1,cyclamen,cyclamen
5222,87,87,1,cyclamen,cyclamen
5223,87,87,1,cyclamen,cyclamen
5224,87,87,1,cyclamen,cyclamen
5225,87,19,0,cyclamen,giant white arum lily
5226,87,87,1,cyclamen,cyclamen
5227,87,87,1,cyclamen,cyclamen
5228,88,88,1,watercress,watercress
5229,88,88,1,watercress,watercress
5230,88,88,1,watercress,watercress
5231,88,88,1,watercress,watercress
5232,88,88,1,watercress,watercress
5233,88,96,0,watercress,mallow
5234,88,88,1,watercress,watercress
5235,88,88,1,watercress,watercress
5236,88,88,1,watercress,watercress
5237,88,88,1,watercress,watercress
5238,88,88,1,watercress,watercress
5239,88,88,1,watercress,watercress
5240,88,88,1,watercress,watercress
5241,88,88,1,watercress,watercress
5242,88,88,1,watercress,watercress
5243,88,88,1,watercress,watercress
5244,88,88,1,watercress,watercress
5245,88,15,0,watercress,globe-flower
5246,88,88,1,watercress,watercress
5247,88,88,1,watercress,watercress
5248,88,88,1,watercress,watercress
5249,88,88,1,watercress,watercress
5250,88,88,1,watercress,watercress
5251,88,88,1,watercress,watercress
5252,88,88,1,watercress,watercress
5253,88,88,1,watercress,watercress
5254,88,88,1,watercress,watercress
5255,88,88,1,watercress,watercress
5256,88,88,1,watercress,watercress
5257,88,88,1,watercress,watercress
5258,88,88,1,watercress,watercress
5259,88,88,1,watercress,watercress
5260,88,88,1,watercress,watercress
5261,88,88,1,watercress,watercress
5262,88,88,1,watercress,watercress
5263,88,88,1,watercress,watercress
5264,88,88,1,watercress,watercress
5265,88,88,1,watercress,watercress
5266,88,88,1,watercress,watercress
5267,88,88,1,watercress,watercress
5268,88,88,1,watercress,watercress
5269,88,88,1,watercress,watercress
5270,88,88,1,watercress,watercress
5271,88,88,1,watercress,watercress
5272,88,88,1,watercress,watercress
5273,88,88,1,watercress,watercress
5274,88,17,0,watercress,peruvian lily
5275,88,88,1,watercress,watercress
5276,88,100,0,watercress,trumpet creeper
5277,88,96,0,watercress,mallow
5278,88,88,1,watercress,watercress
5279,88,88,1,watercress,watercress
5280,88,88,1,watercress,watercress
5281,88,88,1,watercress,watercress
5282,88,88,1,watercress,watercress
5283,88,88,1,watercress,watercress
5284,88,88,1,watercress,watercress
5285,88,88,1,watercress,watercress
5286,88,88,1,watercress,watercress
5287,88,59,0,watercress,pink-yellow dahlia?
5288,88,88,1,watercress,watercress
5289,88,88,1,watercress,watercress
5290,88,88,1,watercress,watercress
5291,88,88,1,watercress,watercress
5292,88,88,1,watercress,watercress
5293,88,88,1,watercress,watercress
5294,88,88,1,watercress,watercress
5295,88,88,1,watercress,watercress
5296,88,88,1,watercress,watercress
5297,88,88,1,watercress,watercress
5298,88,89,0,watercress,canna lily
5299,88,88,1,watercress,watercress
5300,88,88,1,watercress,watercress
5301,88,88,1,watercress,watercress
5302,88,88,1,watercress,watercress
5303,88,15,0,watercress,globe-flower
5304,88,88,1,watercress,watercress
5305,88,88,1,watercress,watercress
5306,88,88,1,watercress,watercress
5307,88,88,1,watercress,watercress
5308,88,96,0,watercress,mallow
5309,88,88,1,watercress,watercress
5310,88,88,1,watercress,watercress
5311,88,88,1,watercress,watercress
5312,88,96,0,watercress,mallow
5313,88,88,1,watercress,watercress
5314,88,88,1,watercress,watercress
5315,88,88,1,watercress,watercress
5316,88,88,1,watercress,watercress
5317,88,88,1,watercress,watercress
5318,88,88,1,watercress,watercress
5319,88,88,1,watercress,watercress
5320,88,88,1,watercress,watercress
5321,88,88,1,watercress,watercress
5322,88,88,1,watercress,watercress
5323,88,88,1,watercress,watercress
5324,88,88,1,watercress,watercress
5325,88,96,0,watercress,mallow
5326,88,88,1,watercress,watercress
5327,88,88,1,watercress,watercress
5328,88,88,1,watercress,watercress
5329,88,88,1,watercress,watercress
5330,88,88,1,watercress,watercress
5331,88,88,1,watercress,watercress
5332,88,88,1,watercress,watercress
5333,88,88,1,watercress,watercress
5334,88,88,1,watercress,watercress
5335,88,88,1,watercress,watercress
5336,88,88,1,watercress,watercress
5337,88,64,0,watercress,californian poppy
5338,88,88,1,watercress,watercress
5339,88,88,1,watercress,watercress
5340,88,88,1,watercress,watercress
5341,88,88,1,watercress,watercress
5342,88,88,1,watercress,watercress
5343,88,88,1,watercress,watercress
5344,88,88,1,watercress,watercress
5345,88,88,1,watercress,watercress
5346,88,88,1,watercress,watercress
5347,88,88,1,watercress,watercress
5348,88,88,1,watercress,watercress
5349,88,88,1,watercress,watercress
5350,88,88,1,watercress,watercress
5351,88,88,1,watercress,watercress
5352,88,88,1,watercress,watercress
5353,88,88,1,watercress,watercress
5354,88,88,1,watercress,watercress
5355,88,88,1,watercress,watercress
5356,88,88,1,watercress,watercress
5357,88,88,1,watercress,watercress
5358,88,88,1,watercress,watercress
5359,88,88,1,watercress,watercress
5360,88,88,1,watercress,watercress
5361,88,88,1,watercress,watercress
5362,88,88,1,watercress,watercress
5363,88,88,1,watercress,watercress
5364,88,88,1,watercress,watercress
5365,88,29,0,watercress,sweet william
5366,88,88,1,watercress,watercress
5367,88,88,1,watercress,watercress
5368,88,88,1,watercress,watercress
5369,88,88,1,watercress,watercress
5370,88,88,1,watercress,watercress
5371,88,88,1,watercress,watercress
5372,88,88,1,watercress,watercress
5373,88,88,1,watercress,watercress
5374,88,84,0,watercress,desert-rose
5375,88,88,1,watercress,watercress
5376,88,88,1,watercress,watercress
5377,88,17,0,watercress,peruvian lily
5378,88,88,1,watercress,watercress
5379,88,88,1,watercress,watercress
5380,88,88,1,watercress,watercress
5381,88,88,1,watercress,watercress
5382,88,88,1,watercress,watercress
5383,88,88,1,watercress,watercress
5384,88,88,1,watercress,watercress
5385,88,88,1,watercress,watercress
5386,88,88,1,watercress,watercress
5387,88,88,1,watercress,watercress
5388,88,88,1,watercress,watercress
5389,88,88,1,watercress,watercress
5390,88,88,1,watercress,watercress
5391,88,88,1,watercress,watercress
5392,89,89,1,canna lily,canna lily
5393,89,89,1,canna lily,canna lily
5394,89,100,0,canna lily,trumpet creeper
5395,89,89,1,canna lily,canna lily
5396,89,89,1,canna lily,canna lily
5397,89,88,0,canna lily,watercress
5398,89,89,1,canna lily,canna lily
5399,89,89,1,canna lily,canna lily
5400,89,89,1,canna lily,canna lily
5401,89,23,0,canna lily,red ginger
5402,89,88,0,canna lily,watercress
5403,89,89,1,canna lily,canna lily
5404,89,14,0,canna lily,yellow iris
5405,89,89,1,canna lily,canna lily
5406,89,89,1,canna lily,canna lily
5407,89,89,1,canna lily,canna lily
5408,89,89,1,canna lily,canna lily
5409,89,89,1,canna lily,canna lily
5410,89,89,1,canna lily,canna lily
5411,89,89,1,canna lily,canna lily
5412,89,89,1,canna lily,canna lily
5413,89,89,1,canna lily,canna lily
5414,89,15,0,canna lily,globe-flower
5415,89,45,0,canna lily,wallflower
5416,89,89,1,canna lily,canna lily
5417,89,89,1,canna lily,canna lily
5418,89,89,1,canna lily,canna lily
5419,89,100,0,canna lily,trumpet creeper
5420,89,89,1,canna lily,canna lily
5421,89,15,0,canna lily,globe-flower
5422,89,41,0,canna lily,daffodil
5423,89,41,0,canna lily,daffodil
5424,89,89,1,canna lily,canna lily
5425,89,89,1,canna lily,canna lily
5426,89,89,1,canna lily,canna lily
5427,89,89,1,canna lily,canna lily
5428,89,89,1,canna lily,canna lily
5429,89,41,0,canna lily,daffodil
5430,89,89,1,canna lily,canna lily
5431,89,89,1,canna lily,canna lily
5432,89,89,1,canna lily,canna lily
5433,89,89,1,canna lily,canna lily
5434,89,88,0,canna lily,watercress
5435,89,84,0,canna lily,desert-rose
5436,89,88,0,canna lily,watercress
5437,89,89,1,canna lily,canna lily
5438,89,89,1,canna lily,canna lily
5439,89,89,1,canna lily,canna lily
5440,89,89,1,canna lily,canna lily
5441,89,89,1,canna lily,canna lily
5442,89,89,1,canna lily,canna lily
5443,89,89,1,canna lily,canna lily
5444,89,89,1,canna lily,canna lily
5445,89,89,1,canna lily,canna lily
5446,89,89,1,canna lily,canna lily
5447,89,89,1,canna lily,canna lily
5448,89,89,1,canna lily,canna lily
5449,89,89,1,canna lily,canna lily
5450,89,89,1,canna lily,canna lily
5451,89,84,0,canna lily,desert-rose
5452,89,89,1,canna lily,canna lily
5453,89,89,1,canna lily,canna lily
5454,90,17,0,hippeastrum,peruvian lily
5455,90,90,1,hippeastrum,hippeastrum
5456,90,90,1,hippeastrum,hippeastrum
5457,90,88,0,hippeastrum,watercress
5458,90,90,1,hippeastrum,hippeastrum
5459,90,90,1,hippeastrum,hippeastrum
5460,90,90,1,hippeastrum,hippeastrum
5461,90,90,1,hippeastrum,hippeastrum
5462,90,90,1,hippeastrum,hippeastrum
5463,90,90,1,hippeastrum,hippeastrum
5464,90,90,1,hippeastrum,hippeastrum
5465,90,90,1,hippeastrum,hippeastrum
5466,90,90,1,hippeastrum,hippeastrum
5467,90,90,1,hippeastrum,hippeastrum
5468,90,90,1,hippeastrum,hippeastrum
5469,90,90,1,hippeastrum,hippeastrum
5470,90,90,1,hippeastrum,hippeastrum
5471,90,90,1,hippeastrum,hippeastrum
5472,90,41,0,hippeastrum,daffodil
5473,90,90,1,hippeastrum,hippeastrum
5474,90,90,1,hippeastrum,hippeastrum
5475,90,90,1,hippeastrum,hippeastrum
5476,90,90,1,hippeastrum,hippeastrum
5477,90,88,0,hippeastrum,watercress
5478,90,90,1,hippeastrum,hippeastrum
5479,90,90,1,hippeastrum,hippeastrum
5480,90,90,1,hippeastrum,hippeastrum
5481,90,90,1,hippeastrum,hippeastrum
5482,90,90,1,hippeastrum,hippeastrum
5483,90,90,1,hippeastrum,hippeastrum
5484,90,90,1,hippeastrum,hippeastrum
5485,90,90,1,hippeastrum,hippeastrum
5486,90,90,1,hippeastrum,hippeastrum
5487,90,90,1,hippeastrum,hippeastrum
5488,90,90,1,hippeastrum,hippeastrum
5489,90,84,0,hippeastrum,desert-rose
5490,90,90,1,hippeastrum,hippeastrum
5491,90,90,1,hippeastrum,hippeastrum
5492,90,90,1,hippeastrum,hippeastrum
5493,90,90,1,hippeastrum,hippeastrum
5494,90,90,1,hippeastrum,hippeastrum
5495,90,90,1,hippeastrum,hippeastrum
5496,90,90,1,hippeastrum,hippeastrum
5497,90,90,1,hippeastrum,hippeastrum
5498,90,90,1,hippeastrum,hippeastrum
5499,90,90,1,hippeastrum,hippeastrum
5500,90,90,1,hippeastrum,hippeastrum
5501,90,90,1,hippeastrum,hippeastrum
5502,90,90,1,hippeastrum,hippeastrum
5503,90,82,0,hippeastrum,hibiscus
5504,90,90,1,hippeastrum,hippeastrum
5505,90,90,1,hippeastrum,hippeastrum
5506,90,90,1,hippeastrum,hippeastrum
5507,90,90,1,hippeastrum,hippeastrum
5508,90,90,1,hippeastrum,hippeastrum
5509,90,90,1,hippeastrum,hippeastrum
5510,91,91,1,bee balm,bee balm
5511,91,37,0,bee balm,great masterwort
5512,91,91,1,bee balm,bee balm
5513,91,91,1,bee balm,bee balm
5514,91,91,1,bee balm,bee balm
5515,91,91,1,bee balm,bee balm
5516,91,91,1,bee balm,bee balm
5517,91,91,1,bee balm,bee balm
5518,91,91,1,bee balm,bee balm
5519,91,91,1,bee balm,bee balm
5520,91,91,1,bee balm,bee balm
5521,91,32,0,bee balm,love in the mist
5522,91,91,1,bee balm,bee balm
5523,91,91,1,bee balm,bee balm
5524,91,91,1,bee balm,bee balm
5525,91,91,1,bee balm,bee balm
5526,91,91,1,bee balm,bee balm
5527,91,91,1,bee balm,bee balm
5528,91,91,1,bee balm,bee balm
5529,91,91,1,bee balm,bee balm
5530,91,91,1,bee balm,bee balm
5531,91,91,1,bee balm,bee balm
5532,91,91,1,bee balm,bee balm
5533,91,91,1,bee balm,bee balm
5534,91,91,1,bee balm,bee balm
5535,91,91,1,bee balm,bee balm
5536,91,9,0,bee balm,globe thistle
5537,91,91,1,bee balm,bee balm
5538,91,91,1,bee balm,bee balm
5539,91,91,1,bee balm,bee balm
5540,91,91,1,bee balm,bee balm
5541,91,9,0,bee balm,globe thistle
5542,91,91,1,bee balm,bee balm
5543,91,91,1,bee balm,bee balm
5544,91,91,1,bee balm,bee balm
5545,91,91,1,bee balm,bee balm
5546,91,91,1,bee balm,bee balm
5547,91,91,1,bee balm,bee balm
5548,91,91,1,bee balm,bee balm
5549,91,91,1,bee balm,bee balm
5550,91,91,1,bee balm,bee balm
5551,91,91,1,bee balm,bee balm
5552,91,91,1,bee balm,bee balm
5553,91,91,1,bee balm,bee balm
5554,91,91,1,bee balm,bee balm
5555,91,91,1,bee balm,bee balm
5556,92,92,1,ball moss,ball moss
5557,92,92,1,ball moss,ball moss
5558,92,92,1,ball moss,ball moss
5559,92,92,1,ball moss,ball moss
5560,92,92,1,ball moss,ball moss
5561,92,92,1,ball moss,ball moss
5562,92,92,1,ball moss,ball moss
5563,92,92,1,ball moss,ball moss
5564,92,92,1,ball moss,ball moss
5565,92,92,1,ball moss,ball moss
5566,92,92,1,ball moss,ball moss
5567,92,92,1,ball moss,ball moss
5568,92,92,1,ball moss,ball moss
5569,92,92,1,ball moss,ball moss
5570,92,92,1,ball moss,ball moss
5571,92,92,1,ball moss,ball moss
5572,92,92,1,ball moss,ball moss
5573,92,92,1,ball moss,ball moss
5574,92,92,1,ball moss,ball moss
5575,92,92,1,ball moss,ball moss
5576,92,92,1,ball moss,ball moss
5577,92,92,1,ball moss,ball moss
5578,92,92,1,ball moss,ball moss
5579,92,43,0,ball moss,poinsettia
5580,92,92,1,ball moss,ball moss
5581,92,92,1,ball moss,ball moss
5582,93,24,0,foxglove,grape hyacinth
5583,93,93,1,foxglove,foxglove
5584,93,93,1,foxglove,foxglove
5585,93,93,1,foxglove,foxglove
5586,93,93,1,foxglove,foxglove
5587,93,93,1,foxglove,foxglove
5588,93,93,1,foxglove,foxglove
5589,93,93,1,foxglove,foxglove
5590,93,93,1,foxglove,foxglove
5591,93,93,1,foxglove,foxglove
5592,93,93,1,foxglove,foxglove
5593,93,93,1,foxglove,foxglove
5594,93,93,1,foxglove,foxglove
5595,93,93,1,foxglove,foxglove
5596,93,93,1,foxglove,foxglove
5597,93,93,1,foxglove,foxglove
5598,93,93,1,foxglove,foxglove
5599,93,93,1,foxglove,foxglove
5600,93,93,1,foxglove,foxglove
5601,93,93,1,foxglove,foxglove
5602,93,93,1,foxglove,foxglove
5603,93,93,1,foxglove,foxglove
5604,93,93,1,foxglove,foxglove
5605,93,93,1,foxglove,foxglove
5606,93,93,1,foxglove,foxglove
5607,93,93,1,foxglove,foxglove
5608,93,93,1,foxglove,foxglove
5609,93,93,1,foxglove,foxglove
5610,93,93,1,foxglove,foxglove
5611,93,93,1,foxglove,foxglove
5612,93,93,1,foxglove,foxglove
5613,93,93,1,foxglove,foxglove
5614,93,93,1,foxglove,foxglove
5615,93,30,0,foxglove,carnation
5616,93,93,1,foxglove,foxglove
5617,93,93,1,foxglove,foxglove
5618,93,93,1,foxglove,foxglove
5619,93,93,1,foxglove,foxglove
5620,93,93,1,foxglove,foxglove
5621,93,93,1,foxglove,foxglove
5622,93,93,1,foxglove,foxglove
5623,93,93,1,foxglove,foxglove
5624,93,93,1,foxglove,foxglove
5625,93,93,1,foxglove,foxglove
5626,93,93,1,foxglove,foxglove
5627,93,90,0,foxglove,hippeastrum
5628,93,93,1,foxglove,foxglove
5629,93,93,1,foxglove,foxglove
5630,93,93,1,foxglove,foxglove
5631,93,93,1,foxglove,foxglove
5632,93,93,1,foxglove,foxglove
5633,93,93,1,foxglove,foxglove
5634,93,93,1,foxglove,foxglove
5635,93,79,0,foxglove,anthurium
5636,93,93,1,foxglove,foxglove
5637,93,93,1,foxglove,foxglove
5638,93,2,0,foxglove,canterbury bells
5639,93,93,1,foxglove,foxglove
5640,93,93,1,foxglove,foxglove
5641,93,93,1,foxglove,foxglove
5642,93,93,1,foxglove,foxglove
5643,93,93,1,foxglove,foxglove
5644,93,93,1,foxglove,foxglove
5645,93,93,1,foxglove,foxglove
5646,93,93,1,foxglove,foxglove
5647,93,93,1,foxglove,foxglove
5648,93,93,1,foxglove,foxglove
5649,93,93,1,foxglove,foxglove
5650,93,93,1,foxglove,foxglove
5651,93,93,1,foxglove,foxglove
5652,93,93,1,foxglove,foxglove
5653,93,93,1,foxglove,foxglove
5654,93,93,1,foxglove,foxglove
5655,93,8,0,foxglove,monkshood
5656,93,93,1,foxglove,foxglove
5657,93,93,1,foxglove,foxglove
5658,93,56,0,foxglove,gaura
5659,93,93,1,foxglove,foxglove
5660,93,93,1,foxglove,foxglove
5661,93,24,0,foxglove,grape hyacinth
5662,93,93,1,foxglove,foxglove
5663,93,93,1,foxglove,foxglove
5664,93,93,1,foxglove,foxglove
5665,93,93,1,foxglove,foxglove
5666,93,93,1,foxglove,foxglove
5667,93,93,1,foxglove,foxglove
5668,93,93,1,foxglove,foxglove
5669,93,93,1,foxglove,foxglove
5670,93,24,0,foxglove,grape hyacinth
5671,93,93,1,foxglove,foxglove
5672,93,93,1,foxglove,foxglove
5673,93,93,1,foxglove,foxglove
5674,93,93,1,foxglove,foxglove
5675,93,93,1,foxglove,foxglove
5676,93,24,0,foxglove,grape hyacinth
5677,93,93,1,foxglove,foxglove
5678,93,93,1,foxglove,foxglove
5679,93,93,1,foxglove,foxglove
5680,93,93,1,foxglove,foxglove
5681,93,93,1,foxglove,foxglove
5682,93,93,1,foxglove,foxglove
5683,93,2,0,foxglove,canterbury bells
5684,93,93,1,foxglove,foxglove
5685,93,93,1,foxglove,foxglove
5686,93,93,1,foxglove,foxglove
5687,93,93,1,foxglove,foxglove
5688,93,93,1,foxglove,foxglove
5689,93,93,1,foxglove,foxglove
5690,93,93,1,foxglove,foxglove
5691,93,93,1,foxglove,foxglove
5692,93,93,1,foxglove,foxglove
5693,93,93,1,foxglove,foxglove
5694,93,93,1,foxglove,foxglove
5695,93,93,1,foxglove,foxglove
5696,93,93,1,foxglove,foxglove
5697,93,93,1,foxglove,foxglove
5698,93,93,1,foxglove,foxglove
5699,93,93,1,foxglove,foxglove
5700,93,93,1,foxglove,foxglove
5701,93,93,1,foxglove,foxglove
5702,93,93,1,foxglove,foxglove
5703,93,93,1,foxglove,foxglove
5704,93,93,1,foxglove,foxglove
5705,93,93,1,foxglove,foxglove
5706,93,93,1,foxglove,foxglove
5707,93,93,1,foxglove,foxglove
5708,93,93,1,foxglove,foxglove
5709,93,93,1,foxglove,foxglove
5710,93,93,1,foxglove,foxglove
5711,93,93,1,foxglove,foxglove
5712,93,93,1,foxglove,foxglove
5713,93,93,1,foxglove,foxglove
5714,93,93,1,foxglove,foxglove
5715,93,93,1,foxglove,foxglove
5716,93,93,1,foxglove,foxglove
5717,93,93,1,foxglove,foxglove
5718,93,93,1,foxglove,foxglove
5719,93,93,1,foxglove,foxglove
5720,93,93,1,foxglove,foxglove
5721,93,43,0,foxglove,poinsettia
5722,93,93,1,foxglove,foxglove
5723,93,93,1,foxglove,foxglove
5724,94,94,1,bougainvillea,bougainvillea
5725,94,94,1,bougainvillea,bougainvillea
5726,94,94,1,bougainvillea,bougainvillea
5727,94,94,1,bougainvillea,bougainvillea
5728,94,87,0,bougainvillea,cyclamen
5729,94,94,1,bougainvillea,bougainvillea
5730,94,100,0,bougainvillea,trumpet creeper
5731,94,94,1,bougainvillea,bougainvillea
5732,94,94,1,bougainvillea,bougainvillea
5733,94,96,0,bougainvillea,mallow
5734,94,94,1,bougainvillea,bougainvillea
5735,94,50,0,bougainvillea,petunia
5736,94,94,1,bougainvillea,bougainvillea
5737,94,94,1,bougainvillea,bougainvillea
5738,94,94,1,bougainvillea,bougainvillea
5739,94,94,1,bougainvillea,bougainvillea
5740,94,43,0,bougainvillea,poinsettia
5741,94,94,1,bougainvillea,bougainvillea
5742,94,94,1,bougainvillea,bougainvillea
5743,94,23,0,bougainvillea,red ginger
5744,94,94,1,bougainvillea,bougainvillea
5745,94,45,0,bougainvillea,wallflower
5746,94,96,0,bougainvillea,mallow
5747,94,94,1,bougainvillea,bougainvillea
5748,94,25,0,bougainvillea,corn poppy
5749,94,94,1,bougainvillea,bougainvillea
5750,94,94,1,bougainvillea,bougainvillea
5751,94,94,1,bougainvillea,bougainvillea
5752,94,94,1,bougainvillea,bougainvillea
5753,94,31,0,bougainvillea,garden phlox
5754,94,94,1,bougainvillea,bougainvillea
5755,94,94,1,bougainvillea,bougainvillea
5756,94,94,1,bougainvillea,bougainvillea
5757,94,94,1,bougainvillea,bougainvillea
5758,94,94,1,bougainvillea,bougainvillea
5759,94,94,1,bougainvillea,bougainvillea
5760,94,71,0,bougainvillea,azalea
5761,94,94,1,bougainvillea,bougainvillea
5762,94,94,1,bougainvillea,bougainvillea
5763,94,94,1,bougainvillea,bougainvillea
5764,94,94,1,bougainvillea,bougainvillea
5765,94,94,1,bougainvillea,bougainvillea
5766,94,94,1,bougainvillea,bougainvillea
5767,94,94,1,bougainvillea,bougainvillea
5768,94,94,1,bougainvillea,bougainvillea
5769,94,94,1,bougainvillea,bougainvillea
5770,94,94,1,bougainvillea,bougainvillea
5771,94,94,1,bougainvillea,bougainvillea
5772,94,94,1,bougainvillea,bougainvillea
5773,94,94,1,bougainvillea,bougainvillea
5774,94,94,1,bougainvillea,bougainvillea
5775,94,2,0,bougainvillea,canterbury bells
5776,94,93,0,bougainvillea,foxglove
5777,94,94,1,bougainvillea,bougainvillea
5778,94,94,1,bougainvillea,bougainvillea
5779,94,18,0,bougainvillea,balloon flower
5780,94,87,0,bougainvillea,cyclamen
5781,94,42,0,bougainvillea,sword lily
5782,94,94,1,bougainvillea,bougainvillea
5783,94,94,1,bougainvillea,bougainvillea
5784,94,94,1,bougainvillea,bougainvillea
5785,94,94,1,bougainvillea,bougainvillea
5786,94,94,1,bougainvillea,bougainvillea
5787,94,94,1,bougainvillea,bougainvillea
5788,94,94,1,bougainvillea,bougainvillea
5789,94,93,0,bougainvillea,foxglove
5790,94,94,1,bougainvillea,bougainvillea
5791,94,43,0,bougainvillea,poinsettia
5792,94,94,1,bougainvillea,bougainvillea
5793,94,94,1,bougainvillea,bougainvillea
5794,94,94,1,bougainvillea,bougainvillea
5795,94,43,0,bougainvillea,poinsettia
5796,94,94,1,bougainvillea,bougainvillea
5797,94,71,0,bougainvillea,azalea
5798,94,94,1,bougainvillea,bougainvillea
5799,94,94,1,bougainvillea,bougainvillea
5800,94,94,1,bougainvillea,bougainvillea
5801,94,94,1,bougainvillea,bougainvillea
5802,94,100,0,bougainvillea,trumpet creeper
5803,94,94,1,bougainvillea,bougainvillea
5804,94,94,1,bougainvillea,bougainvillea
5805,94,54,0,bougainvillea,pelargonium
5806,94,94,1,bougainvillea,bougainvillea
5807,94,94,1,bougainvillea,bougainvillea
5808,94,94,1,bougainvillea,bougainvillea
5809,94,94,1,bougainvillea,bougainvillea
5810,94,94,1,bougainvillea,bougainvillea
5811,94,94,1,bougainvillea,bougainvillea
5812,94,94,1,bougainvillea,bougainvillea
5813,94,94,1,bougainvillea,bougainvillea
5814,94,27,0,bougainvillea,stemless gentian
5815,94,95,0,bougainvillea,camellia
5816,94,94,1,bougainvillea,bougainvillea
5817,94,54,0,bougainvillea,pelargonium
5818,94,94,1,bougainvillea,bougainvillea
5819,94,94,1,bougainvillea,bougainvillea
5820,94,94,1,bougainvillea,bougainvillea
5821,94,94,1,bougainvillea,bougainvillea
5822,94,79,0,bougainvillea,anthurium
5823,94,94,1,bougainvillea,bougainvillea
5824,94,43,0,bougainvillea,poinsettia
5825,94,94,1,bougainvillea,bougainvillea
5826,94,94,1,bougainvillea,bougainvillea
5827,94,94,1,bougainvillea,bougainvillea
5828,94,94,1,bougainvillea,bougainvillea
5829,94,94,1,bougainvillea,bougainvillea
5830,94,94,1,bougainvillea,bougainvillea
5831,94,95,0,bougainvillea,camellia
5832,95,39,0,camellia,lenten rose
5833,95,95,1,camellia,camellia
5834,95,95,1,camellia,camellia
5835,95,95,1,camellia,camellia
5836,95,84,0,camellia,desert-rose
5837,95,95,1,camellia,camellia
5838,95,95,1,camellia,camellia
5839,95,95,1,camellia,camellia
5840,95,95,1,camellia,camellia
5841,95,95,1,camellia,camellia
5842,95,95,1,camellia,camellia
5843,95,73,0,camellia,rose
5844,95,95,1,camellia,camellia
5845,95,95,1,camellia,camellia
5846,95,95,1,camellia,camellia
5847,95,95,1,camellia,camellia
5848,95,95,1,camellia,camellia
5849,95,95,1,camellia,camellia
5850,95,95,1,camellia,camellia
5851,95,77,0,camellia,lotus
5852,95,95,1,camellia,camellia
5853,95,95,1,camellia,camellia
5854,95,95,1,camellia,camellia
5855,95,95,1,camellia,camellia
5856,95,95,1,camellia,camellia
5857,95,95,1,camellia,camellia
5858,95,95,1,camellia,camellia
5859,95,95,1,camellia,camellia
5860,95,95,1,camellia,camellia
5861,95,95,1,camellia,camellia
5862,95,95,1,camellia,camellia
5863,95,95,1,camellia,camellia
5864,95,95,1,camellia,camellia
5865,95,95,1,camellia,camellia
5866,95,95,1,camellia,camellia
5867,95,95,1,camellia,camellia
5868,95,95,1,camellia,camellia
5869,95,95,1,camellia,camellia
5870,95,95,1,camellia,camellia
5871,95,95,1,camellia,camellia
5872,95,95,1,camellia,camellia
5873,95,95,1,camellia,camellia
5874,95,95,1,camellia,camellia
5875,95,95,1,camellia,camellia
5876,95,95,1,camellia,camellia
5877,95,95,1,camellia,camellia
5878,95,95,1,camellia,camellia
5879,95,95,1,camellia,camellia
5880,95,84,0,camellia,desert-rose
5881,95,59,0,camellia,pink-yellow dahlia?
5882,95,95,1,camellia,camellia
5883,95,95,1,camellia,camellia
5884,95,95,1,camellia,camellia
5885,95,95,1,camellia,camellia
5886,95,95,1,camellia,camellia
5887,95,95,1,camellia,camellia
5888,95,95,1,camellia,camellia
5889,95,95,1,camellia,camellia
5890,95,95,1,camellia,camellia
5891,95,95,1,camellia,camellia
5892,95,47,0,camellia,buttercup
5893,95,96,0,camellia,mallow
5894,95,96,0,camellia,mallow
5895,95,96,0,camellia,mallow
5896,95,96,0,camellia,mallow
5897,95,96,0,camellia,mallow
5898,95,95,1,camellia,camellia
5899,95,96,0,camellia,mallow
5900,95,79,0,camellia,anthurium
5901,95,96,0,camellia,mallow
5902,95,96,0,camellia,mallow
5903,96,79,0,mallow,anthurium
5904,96,96,1,mallow,mallow
5905,96,96,1,mallow,mallow
5906,96,96,1,mallow,mallow
5907,96,96,1,mallow,mallow
5908,96,0,0,mallow,pink primrose
5909,96,79,0,mallow,anthurium
5910,96,96,1,mallow,mallow
5911,96,96,1,mallow,mallow
5912,96,96,1,mallow,mallow
5913,96,96,1,mallow,mallow
5914,96,79,0,mallow,anthurium
5915,96,79,0,mallow,anthurium
5916,96,96,1,mallow,mallow
5917,96,96,1,mallow,mallow
5918,96,43,0,mallow,poinsettia
5919,96,96,1,mallow,mallow
5920,96,96,1,mallow,mallow
5921,96,96,1,mallow,mallow
5922,96,96,1,mallow,mallow
5923,96,96,1,mallow,mallow
5924,96,96,1,mallow,mallow
5925,96,79,0,mallow,anthurium
5926,96,96,1,mallow,mallow
5927,96,96,1,mallow,mallow
5928,96,96,1,mallow,mallow
5929,96,96,1,mallow,mallow
5930,96,96,1,mallow,mallow
5931,96,96,1,mallow,mallow
5932,96,96,1,mallow,mallow
5933,96,82,0,mallow,hibiscus
5934,96,96,1,mallow,mallow
5935,96,96,1,mallow,mallow
5936,96,96,1,mallow,mallow
5937,96,96,1,mallow,mallow
5938,96,96,1,mallow,mallow
5939,96,95,0,mallow,camellia
5940,96,96,1,mallow,mallow
5941,96,96,1,mallow,mallow
5942,96,96,1,mallow,mallow
5943,96,79,0,mallow,anthurium
5944,96,96,1,mallow,mallow
5945,96,96,1,mallow,mallow
5946,96,79,0,mallow,anthurium
5947,96,96,1,mallow,mallow
5948,96,96,1,mallow,mallow
5949,97,97,1,mexican petunia,mexican petunia
5950,97,97,1,mexican petunia,mexican petunia
5951,97,97,1,mexican petunia,mexican petunia
5952,97,97,1,mexican petunia,mexican petunia
5953,97,97,1,mexican petunia,mexican petunia
5954,97,97,1,mexican petunia,mexican petunia
5955,97,18,0,mexican petunia,balloon flower
5956,97,97,1,mexican petunia,mexican petunia
5957,97,97,1,mexican petunia,mexican petunia
5958,97,97,1,mexican petunia,mexican petunia
5959,97,97,1,mexican petunia,mexican petunia
5960,97,97,1,mexican petunia,mexican petunia
5961,97,97,1,mexican petunia,mexican petunia
5962,97,97,1,mexican petunia,mexican petunia
5963,97,97,1,mexican petunia,mexican petunia
5964,97,97,1,mexican petunia,mexican petunia
5965,97,97,1,mexican petunia,mexican petunia
5966,97,97,1,mexican petunia,mexican petunia
5967,97,18,0,mexican petunia,balloon flower
5968,97,97,1,mexican petunia,mexican petunia
5969,97,97,1,mexican petunia,mexican petunia
5970,97,97,1,mexican petunia,mexican petunia
5971,97,97,1,mexican petunia,mexican petunia
5972,97,97,1,mexican petunia,mexican petunia
5973,97,97,1,mexican petunia,mexican petunia
5974,97,97,1,mexican petunia,mexican petunia
5975,97,97,1,mexican petunia,mexican petunia
5976,97,97,1,mexican petunia,mexican petunia
5977,97,97,1,mexican petunia,mexican petunia
5978,97,97,1,mexican petunia,mexican petunia
5979,97,97,1,mexican petunia,mexican petunia
5980,97,97,1,mexican petunia,mexican petunia
5981,97,3,0,mexican petunia,sweet pea
5982,97,97,1,mexican petunia,mexican petunia
5983,97,97,1,mexican petunia,mexican petunia
5984,97,2,0,mexican petunia,canterbury bells
5985,97,97,1,mexican petunia,mexican petunia
5986,97,97,1,mexican petunia,mexican petunia
5987,97,97,1,mexican petunia,mexican petunia
5988,97,97,1,mexican petunia,mexican petunia
5989,97,97,1,mexican petunia,mexican petunia
5990,97,97,1,mexican petunia,mexican petunia
5991,97,97,1,mexican petunia,mexican petunia
5992,97,97,1,mexican petunia,mexican petunia
5993,97,97,1,mexican petunia,mexican petunia
5994,97,97,1,mexican petunia,mexican petunia
5995,97,97,1,mexican petunia,mexican petunia
5996,97,97,1,mexican petunia,mexican petunia
5997,97,17,0,mexican petunia,peruvian lily
5998,97,97,1,mexican petunia,mexican petunia
5999,97,8,0,mexican petunia,monkshood
6000,97,97,1,mexican petunia,mexican petunia
6001,97,97,1,mexican petunia,mexican petunia
6002,97,97,1,mexican petunia,mexican petunia
6003,97,97,1,mexican petunia,mexican petunia
6004,97,97,1,mexican petunia,mexican petunia
6005,97,97,1,mexican petunia,mexican petunia
6006,97,97,1,mexican petunia,mexican petunia
6007,97,97,1,mexican petunia,mexican petunia
6008,97,97,1,mexican petunia,mexican petunia
6009,97,97,1,mexican petunia,mexican petunia
6010,97,97,1,mexican petunia,mexican petunia
6011,98,98,1,bromelia,bromelia
6012,98,98,1,bromelia,bromelia
6013,98,98,1,bromelia,bromelia
6014,98,23,0,bromelia,red ginger
6015,98,98,1,bromelia,bromelia
6016,98,98,1,bromelia,bromelia
6017,98,98,1,bromelia,bromelia
6018,98,98,1,bromelia,bromelia
6019,98,98,1,bromelia,bromelia
6020,98,98,1,bromelia,bromelia
6021,98,98,1,bromelia,bromelia
6022,98,98,1,bromelia,bromelia
6023,98,98,1,bromelia,bromelia
6024,98,98,1,bromelia,bromelia
6025,98,98,1,bromelia,bromelia
6026,98,98,1,bromelia,bromelia
6027,98,98,1,bromelia,bromelia
6028,98,98,1,bromelia,bromelia
6029,98,98,1,bromelia,bromelia
6030,98,98,1,bromelia,bromelia
6031,98,98,1,bromelia,bromelia
6032,98,98,1,bromelia,bromelia
6033,98,98,1,bromelia,bromelia
6034,98,98,1,bromelia,bromelia
6035,98,80,0,bromelia,frangipani
6036,98,80,0,bromelia,frangipani
6037,98,98,1,bromelia,bromelia
6038,98,98,1,bromelia,bromelia
6039,98,98,1,bromelia,bromelia
6040,98,98,1,bromelia,bromelia
6041,98,98,1,bromelia,bromelia
6042,98,98,1,bromelia,bromelia
6043,98,98,1,bromelia,bromelia
6044,98,98,1,bromelia,bromelia
6045,98,98,1,bromelia,bromelia
6046,98,98,1,bromelia,bromelia
6047,98,98,1,bromelia,bromelia
6048,98,98,1,bromelia,bromelia
6049,98,98,1,bromelia,bromelia
6050,98,98,1,bromelia,bromelia
6051,98,98,1,bromelia,bromelia
6052,98,98,1,bromelia,bromelia
6053,98,98,1,bromelia,bromelia
6054,99,99,1,blanket flower,blanket flower
6055,99,99,1,blanket flower,blanket flower
6056,99,99,1,blanket flower,blanket flower
6057,99,99,1,blanket flower,blanket flower
6058,99,99,1,blanket flower,blanket flower
6059,99,99,1,blanket flower,blanket flower
6060,99,99,1,blanket flower,blanket flower
6061,99,99,1,blanket flower,blanket flower
6062,99,99,1,blanket flower,blanket flower
6063,99,99,1,blanket flower,blanket flower
6064,99,99,1,blanket flower,blanket flower
6065,99,99,1,blanket flower,blanket flower
6066,99,99,1,blanket flower,blanket flower
6067,99,99,1,blanket flower,blanket flower
6068,99,99,1,blanket flower,blanket flower
6069,99,99,1,blanket flower,blanket flower
6070,99,99,1,blanket flower,blanket flower
6071,99,99,1,blanket flower,blanket flower
6072,99,99,1,blanket flower,blanket flower
6073,99,99,1,blanket flower,blanket flower
6074,99,99,1,blanket flower,blanket flower
6075,99,99,1,blanket flower,blanket flower
6076,99,99,1,blanket flower,blanket flower
6077,99,99,1,blanket flower,blanket flower
6078,99,99,1,blanket flower,blanket flower
6079,99,99,1,blanket flower,blanket flower
6080,99,99,1,blanket flower,blanket flower
6081,99,99,1,blanket flower,blanket flower
6082,99,99,1,blanket flower,blanket flower
6083,100,100,1,trumpet creeper,trumpet creeper
6084,100,100,1,trumpet creeper,trumpet creeper
6085,100,100,1,trumpet creeper,trumpet creeper
6086,100,100,1,trumpet creeper,trumpet creeper
6087,100,100,1,trumpet creeper,trumpet creeper
6088,100,100,1,trumpet creeper,trumpet creeper
6089,100,100,1,trumpet creeper,trumpet creeper
6090,100,100,1,trumpet creeper,trumpet creeper
6091,100,100,1,trumpet creeper,trumpet creeper
6092,100,100,1,trumpet creeper,trumpet creeper
6093,100,100,1,trumpet creeper,trumpet creeper
6094,100,7,0,trumpet creeper,bird of paradise
6095,100,100,1,trumpet creeper,trumpet creeper
6096,100,100,1,trumpet creeper,trumpet creeper
6097,100,100,1,trumpet creeper,trumpet creeper
6098,100,100,1,trumpet creeper,trumpet creeper
6099,100,100,1,trumpet creeper,trumpet creeper
6100,100,100,1,trumpet creeper,trumpet creeper
6101,100,100,1,trumpet creeper,trumpet creeper
6102,100,100,1,trumpet creeper,trumpet creeper
6103,100,100,1,trumpet creeper,trumpet creeper
6104,100,100,1,trumpet creeper,trumpet creeper
6105,100,100,1,trumpet creeper,trumpet creeper
6106,100,100,1,trumpet creeper,trumpet creeper
6107,100,100,1,trumpet creeper,trumpet creeper
6108,100,100,1,trumpet creeper,trumpet creeper
6109,100,100,1,trumpet creeper,trumpet creeper
6110,100,100,1,trumpet creeper,trumpet creeper
6111,100,100,1,trumpet creeper,trumpet creeper
6112,100,100,1,trumpet creeper,trumpet creeper
6113,100,100,1,trumpet creeper,trumpet creeper
6114,100,100,1,trumpet creeper,trumpet creeper
6115,100,100,1,trumpet creeper,trumpet creeper
6116,100,100,1,trumpet creeper,trumpet creeper
6117,100,100,1,trumpet creeper,trumpet creeper
6118,100,100,1,trumpet creeper,trumpet creeper
6119,100,100,1,trumpet creeper,trumpet creeper
6120,100,100,1,trumpet creeper,trumpet creeper
6121,101,101,1,blackberry lily,blackberry lily
6122,101,101,1,blackberry lily,blackberry lily
6123,101,101,1,blackberry lily,blackberry lily
6124,101,101,1,blackberry lily,blackberry lily
6125,101,101,1,blackberry lily,blackberry lily
6126,101,101,1,blackberry lily,blackberry lily
6127,101,101,1,blackberry lily,blackberry lily
6128,101,101,1,blackberry lily,blackberry lily
6129,101,101,1,blackberry lily,blackberry lily
6130,101,101,1,blackberry lily,blackberry lily
6131,101,101,1,blackberry lily,blackberry lily
6132,101,101,1,blackberry lily,blackberry lily
6133,101,101,1,blackberry lily,blackberry lily
6134,101,101,1,blackberry lily,blackberry lily
6135,101,101,1,blackberry lily,blackberry lily
6136,101,101,1,blackberry lily,blackberry lily
6137,101,101,1,blackberry lily,blackberry lily
6138,101,101,1,blackberry lily,blackberry lily
6139,101,101,1,blackberry lily,blackberry lily
6140,101,101,1,blackberry lily,blackberry lily
6141,101,101,1,blackberry lily,blackberry lily
6142,101,101,1,blackberry lily,blackberry lily
6143,101,101,1,blackberry lily,blackberry lily
6144,101,101,1,blackberry lily,blackberry lily
6145,101,101,1,blackberry lily,blackberry lily
6146,101,101,1,blackberry lily,blackberry lily
6147,101,101,1,blackberry lily,blackberry lily
6148,101,101,1,blackberry lily,blackberry lily
