index,true_id,pred_id,correct,true_name,pred_name
0,0,0,1,pink primrose,pink primrose
1,0,97,0,pink primrose,mexican petunia
2,0,31,0,pink primrose,garden phlox
3,0,0,1,pink primrose,pink primrose
4,0,0,1,pink primrose,pink primrose
5,0,0,1,pink primrose,pink primrose
6,0,0,1,pink primrose,pink primrose
7,0,0,1,pink primrose,pink primrose
8,0,0,1,pink primrose,pink primrose
9,0,38,0,pink primrose,siam tulip
10,0,0,1,pink primrose,pink primrose
11,0,0,1,pink primrose,pink primrose
12,0,0,1,pink primrose,pink primrose
13,0,0,1,pink primrose,pink primrose
14,0,0,1,pink primrose,pink primrose
15,0,0,1,pink primrose,pink primrose
16,0,0,1,pink primrose,pink primrose
17,0,0,1,pink primrose,pink primrose
18,0,0,1,pink primrose,pink primrose
19,0,0,1,pink primrose,pink primrose
20,1,1,1,hard-leaved pocket orchid,hard-leaved pocket orchid
21,1,1,1,hard-leaved pocket orchid,hard-leaved pocket orchid
22,1,1,1,hard-leaved pocket orchid,hard-leaved pocket orchid
23,1,67,0,hard-leaved pocket orchid,bearded iris
24,1,1,1,hard-leaved pocket orchid,hard-leaved pocket orchid
25,1,1,1,hard-leaved pocket orchid,hard-leaved pocket orchid
26,1,1,1,hard-leaved pocket orchid,hard-leaved pocket orchid
27,1,1,1,hard-leaved pocket orchid,hard-leaved pocket orchid
28,1,1,1,hard-leaved pocket orchid,hard-leaved pocket orchid
29,1,1,1,hard-leaved pocket orchid,hard-leaved pocket orchid
30,1,1,1,hard-leaved pocket orchid,hard-leaved pocket orchid
31,1,1,1,hard-leaved pocket orchid,hard-leaved pocket orchid
32,1,1,1,hard-leaved pocket orchid,hard-leaved pocket orchid
33,1,1,1,hard-leaved pocket orchid,hard-leaved pocket orchid
34,1,1,1,hard-leaved pocket orchid,hard-leaved pocket orchid
35,1,1,1,hard-leaved pocket orchid,hard-leaved pocket orchid
36,1,6,0,hard-leaved pocket orchid,moon orchid
37,1,1,1,hard-leaved pocket orchid,hard-leaved pocket orchid
38,1,1,1,hard-leaved pocket orchid,hard-leaved pocket orchid
39,1,1,1,hard-leaved pocket orchid,hard-leaved pocket orchid
40,1,1,1,hard-leaved pocket orchid,hard-leaved pocket orchid
41,1,1,1,hard-leaved pocket orchid,hard-leaved pocket orchid
42,1,96,0,hard-leaved pocket orchid,mallow
43,1,1,1,hard-leaved pocket orchid,hard-leaved pocket orchid
44,1,1,1,hard-leaved pocket orchid,hard-leaved pocket orchid
45,1,96,0,hard-leaved pocket orchid,mallow
46,1,1,1,hard-leaved pocket orchid,hard-leaved pocket orchid
47,1,1,1,hard-leaved pocket orchid,hard-leaved pocket orchid
48,1,1,1,hard-leaved pocket orchid,hard-leaved pocket orchid
49,1,1,1,hard-leaved pocket orchid,hard-leaved pocket orchid
50,1,1,1,hard-leaved pocket orchid,hard-leaved pocket orchid
51,1,1,1,hard-leaved pocket orchid,hard-leaved pocket orchid
52,1,1,1,hard-leaved pocket orchid,hard-leaved pocket orchid
53,1,1,1,hard-leaved pocket orchid,hard-leaved pocket orchid
54,1,1,1,hard-leaved pocket orchid,hard-leaved pocket orchid
55,1,1,1,hard-leaved pocket orchid,hard-leaved pocket orchid
56,1,1,1,hard-leaved pocket orchid,hard-leaved pocket orchid
57,1,1,1,hard-leaved pocket orchid,hard-leaved pocket orchid
58,1,1,1,hard-leaved pocket orchid,hard-leaved pocket orchid
59,1,1,1,hard-leaved pocket orchid,hard-leaved pocket orchid
60,2,2,1,canterbury bells,canterbury bells
61,2,39,0,canterbury bells,lenten rose
62,2,44,0,canterbury bells,bolero deep blue
63,2,8,0,canterbury bells,monkshood
64,2,38,0,canterbury bells,siam tulip
65,2,2,1,canterbury bells,canterbury bells
66,2,31,0,canterbury bells,garden phlox
67,2,39,0,canterbury bells,lenten rose
68,2,31,0,canterbury bells,garden phlox
69,2,31,0,canterbury bells,garden phlox
70,2,31,0,canterbury bells,garden phlox
71,2,2,1,canterbury bells,canterbury bells
72,2,39,0,canterbury bells,lenten rose
73,2,3,0,canterbury bells,sweet pea
74,2,39,0,canterbury bells,lenten rose
75,2,2,1,canterbury bells,canterbury bells
76,2,2,1,canterbury bells,canterbury bells
77,2,31,0,canterbury bells,garden phlox
78,2,31,0,canterbury bells,garden phlox
79,2,27,0,canterbury bells,stemless gentian
80,3,3,1,sweet pea,sweet pea
81,3,79,0,sweet pea,anthurium
82,3,31,0,sweet pea,garden phlox
83,3,3,1,sweet pea,sweet pea
84,3,3,1,sweet pea,sweet pea
85,3,3,1,sweet pea,sweet pea
86,3,6,0,sweet pea,moon orchid
87,3,3,1,sweet pea,sweet pea
88,3,39,0,sweet pea,lenten rose
89,3,3,1,sweet pea,sweet pea
90,3,30,0,sweet pea,carnation
91,3,31,0,sweet pea,garden phlox
92,3,3,1,sweet pea,sweet pea
93,3,100,0,sweet pea,trumpet creeper
94,3,3,1,sweet pea,sweet pea
95,3,3,1,sweet pea,sweet pea
96,3,73,0,sweet pea,rose
97,3,94,0,sweet pea,bougainvillea
98,3,2,0,sweet pea,canterbury bells
99,3,54,0,sweet pea,pelargonium
100,3,82,0,sweet pea,hibiscus
101,3,83,0,sweet pea,columbine
102,3,3,1,sweet pea,sweet pea
103,3,2,0,sweet pea,canterbury bells
104,3,3,1,sweet pea,sweet pea
105,3,6,0,sweet pea,moon orchid
106,3,97,0,sweet pea,mexican petunia
107,3,31,0,sweet pea,garden phlox
108,3,3,1,sweet pea,sweet pea
109,3,3,1,sweet pea,sweet pea
110,3,2,0,sweet pea,canterbury bells
111,3,56,0,sweet pea,gaura
112,3,94,0,sweet pea,bougainvillea
113,3,31,0,sweet pea,garden phlox
114,3,100,0,sweet pea,trumpet creeper
115,3,3,1,sweet pea,sweet pea
116,4,4,1,english marigold,english marigold
117,4,15,0,english marigold,globe-flower
118,4,46,0,english marigold,marigold
119,4,4,1,english marigold,english marigold
120,4,4,1,english marigold,english marigold
121,4,47,0,english marigold,buttercup
122,4,4,1,english marigold,english marigold
123,4,4,1,english marigold,english marigold
124,4,4,1,english marigold,english marigold
125,4,4,1,english marigold,english marigold
126,4,4,1,english marigold,english marigold
127,4,4,1,english marigold,english marigold
128,4,40,0,english marigold,barbeton daisy
129,4,4,1,english marigold,english marigold
130,4,73,0,english marigold,rose
131,4,4,1,english marigold,english marigold
132,4,53,0,english marigold,sunflower
133,4,4,1,english marigold,english marigold
134,4,4,1,english marigold,english marigold
135,4,4,1,english marigold,english marigold
136,4,40,0,english marigold,barbeton daisy
137,4,4,1,english marigold,english marigold
138,4,4,1,english marigold,english marigold
139,4,4,1,english marigold,english marigold
140,4,4,1,english marigold,english marigold
141,4,59,0,english marigold,pink-yellow dahlia?
142,4,4,1,english marigold,english marigold
143,4,53,0,english marigold,sunflower
144,4,40,0,english marigold,barbeton daisy
145,4,88,0,english marigold,watercress
146,4,4,1,english marigold,english marigold
147,4,4,1,english marigold,english marigold
148,4,40,0,english marigold,barbeton daisy
149,4,4,1,english marigold,english marigold
150,4,4,1,english marigold,english marigold
151,4,49,0,english marigold,common dandelion
152,4,4,1,english marigold,english marigold
153,4,4,1,english marigold,english marigold
154,4,82,0,english marigold,hibiscus
155,4,4,1,english marigold,english marigold
156,4,4,1,english marigold,english marigold
157,4,40,0,english marigold,barbeton daisy
158,4,40,0,english marigold,barbeton daisy
159,4,4,1,english marigold,english marigold
160,4,4,1,english marigold,english marigold
161,5,101,0,tiger lily,blackberry lily
162,5,5,1,tiger lily,tiger lily
163,5,5,1,tiger lily,tiger lily
164,5,5,1,tiger lily,tiger lily
165,5,5,1,tiger lily,tiger lily
166,5,5,1,tiger lily,tiger lily
167,5,5,1,tiger lily,tiger lily
168,5,5,1,tiger lily,tiger lily
169,5,5,1,tiger lily,tiger lily
170,5,5,1,tiger lily,tiger lily
171,5,5,1,tiger lily,tiger lily
172,5,5,1,tiger lily,tiger lily
173,5,5,1,tiger lily,tiger lily
174,5,89,0,tiger lily,canna lily
175,5,22,0,tiger lily,fritillary
176,5,5,1,tiger lily,tiger lily
177,5,101,0,tiger lily,blackberry lily
178,5,5,1,tiger lily,tiger lily
179,5,5,1,tiger lily,tiger lily
180,5,5,1,tiger lily,tiger lily
181,5,5,1,tiger lily,tiger lily
182,5,5,1,tiger lily,tiger lily
183,5,5,1,tiger lily,tiger lily
184,5,5,1,tiger lily,tiger lily
185,5,5,1,tiger lily,tiger lily
186,6,6,1,moon orchid,moon orchid
187,6,6,1,moon orchid,moon orchid
188,6,6,1,moon orchid,moon orchid
189,6,6,1,moon orchid,moon orchid
190,6,31,0,moon orchid,garden phlox
191,6,6,1,moon orchid,moon orchid
192,6,6,1,moon orchid,moon orchid
193,6,6,1,moon orchid,moon orchid
194,6,6,1,moon orchid,moon orchid
195,6,44,0,moon orchid,bolero deep blue
196,6,66,0,moon orchid,spring crocus
197,6,6,1,moon orchid,moon orchid
198,6,6,1,moon orchid,moon orchid
199,6,6,1,moon orchid,moon orchid
200,6,6,1,moon orchid,moon orchid
201,6,6,1,moon orchid,moon orchid
202,6,6,1,moon orchid,moon orchid
203,6,6,1,moon orchid,moon orchid
204,6,6,1,moon orchid,moon orchid
205,6,6,1,moon orchid,moon orchid
206,7,7,1,bird of paradise,bird of paradise
207,7,7,1,bird of paradise,bird of paradise
208,7,7,1,bird of paradise,bird of paradise
209,7,7,1,bird of paradise,bird of paradise
210,7,7,1,bird of paradise,bird of paradise
211,7,90,0,bird of paradise,hippeastrum
212,7,7,1,bird of paradise,bird of paradise
213,7,7,1,bird of paradise,bird of paradise
214,7,7,1,bird of paradise,bird of paradise
215,7,7,1,bird of paradise,bird of paradise
216,7,7,1,bird of paradise,bird of paradise
217,7,7,1,bird of paradise,bird of paradise
218,7,7,1,bird of paradise,bird of paradise
219,7,7,1,bird of paradise,bird of paradise
220,7,7,1,bird of paradise,bird of paradise
221,7,7,1,bird of paradise,bird of paradise
222,7,7,1,bird of paradise,bird of paradise
223,7,7,1,bird of paradise,bird of paradise
224,7,7,1,bird of paradise,bird of paradise
225,7,7,1,bird of paradise,bird of paradise
226,7,7,1,bird of paradise,bird of paradise
227,7,7,1,bird of paradise,bird of paradise
228,7,7,1,bird of paradise,bird of paradise
229,7,7,1,bird of paradise,bird of paradise
230,7,7,1,bird of paradise,bird of paradise
231,7,7,1,bird of paradise,bird of paradise
232,7,7,1,bird of paradise,bird of paradise
233,7,7,1,bird of paradise,bird of paradise
234,7,7,1,bird of paradise,bird of paradise
235,7,7,1,bird of paradise,bird of paradise
236,7,7,1,bird of paradise,bird of paradise
237,7,7,1,bird of paradise,bird of paradise
238,7,7,1,bird of paradise,bird of paradise
239,7,7,1,bird of paradise,bird of paradise
240,7,7,1,bird of paradise,bird of paradise
241,7,34,0,bird of paradise,alpine sea holly
242,7,7,1,bird of paradise,bird of paradise
243,7,7,1,bird of paradise,bird of paradise
244,7,7,1,bird of paradise,bird of paradise
245,7,7,1,bird of paradise,bird of paradise
246,7,7,1,bird of paradise,bird of paradise
247,7,7,1,bird of paradise,bird of paradise
248,7,7,1,bird of paradise,bird of paradise
249,7,7,1,bird of paradise,bird of paradise
250,7,7,1,bird of paradise,bird of paradise
251,7,7,1,bird of paradise,bird of paradise
252,7,7,1,bird of paradise,bird of paradise
253,7,7,1,bird of paradise,bird of paradise
254,7,7,1,bird of paradise,bird of paradise
255,7,7,1,bird of paradise,bird of paradise
256,7,7,1,bird of paradise,bird of paradise
257,7,7,1,bird of paradise,bird of paradise
258,7,7,1,bird of paradise,bird of paradise
259,7,7,1,bird of paradise,bird of paradise
260,7,7,1,bird of paradise,bird of paradise
261,7,72,0,bird of paradise,water lily
262,7,7,1,bird of paradise,bird of paradise
263,7,7,1,bird of paradise,bird of paradise
264,7,7,1,bird of paradise,bird of paradise
265,7,7,1,bird of paradise,bird of paradise
266,7,7,1,bird of paradise,bird of paradise
267,7,7,1,bird of paradise,bird of paradise
268,7,7,1,bird of paradise,bird of paradise
269,7,7,1,bird of paradise,bird of paradise
270,7,98,0,bird of paradise,bromelia
271,8,8,1,monkshood,monkshood
272,8,24,0,monkshood,grape hyacinth
273,8,8,1,monkshood,monkshood
274,8,2,0,monkshood,canterbury bells
275,8,8,1,monkshood,monkshood
276,8,8,1,monkshood,monkshood
277,8,8,1,monkshood,monkshood
278,8,8,1,monkshood,monkshood
279,8,97,0,monkshood,mexican petunia
280,8,8,1,monkshood,monkshood
281,8,8,1,monkshood,monkshood
282,8,8,1,monkshood,monkshood
283,8,8,1,monkshood,monkshood
284,8,8,1,monkshood,monkshood
285,8,8,1,monkshood,monkshood
286,8,66,0,monkshood,spring crocus
287,8,8,1,monkshood,monkshood
288,8,8,1,monkshood,monkshood
289,8,2,0,monkshood,canterbury bells
290,8,8,1,monkshood,monkshood
291,8,8,1,monkshood,monkshood
292,8,8,1,monkshood,monkshood
293,8,8,1,monkshood,monkshood
294,8,8,1,monkshood,monkshood
295,8,8,1,monkshood,monkshood
296,8,8,1,monkshood,monkshood
297,9,9,1,globe thistle,globe thistle
298,9,9,1,globe thistle,globe thistle
299,9,9,1,globe thistle,globe thistle
300,9,9,1,globe thistle,globe thistle
301,9,9,1,globe thistle,globe thistle
302,9,9,1,globe thistle,globe thistle
303,9,9,1,globe thistle,globe thistle
304,9,9,1,globe thistle,globe thistle
305,9,9,1,globe thistle,globe thistle
306,9,9,1,globe thistle,globe thistle
307,9,9,1,globe thistle,globe thistle
308,9,9,1,globe thistle,globe thistle
309,9,9,1,globe thistle,globe thistle
310,9,9,1,globe thistle,globe thistle
311,9,9,1,globe thistle,globe thistle
312,9,9,1,globe thistle,globe thistle
313,9,9,1,globe thistle,globe thistle
314,9,21,0,globe thistle,pincushion flower
315,9,9,1,globe thistle,globe thistle
316,9,9,1,globe thistle,globe thistle
317,9,9,1,globe thistle,globe thistle
318,9,9,1,globe thistle,globe thistle
319,9,9,1,globe thistle,globe thistle
320,9,9,1,globe thistle,globe thistle
321,9,9,1,globe thistle,globe thistle
322,10,15,0,snapdragon,globe-flower
323,10,42,0,snapdragon,sword lily
324,10,10,1,snapdragon,snapdragon
325,10,6,0,snapdragon,moon orchid
326,10,10,1,snapdragon,snapdragon
327,10,10,1,snapdragon,snapdragon
328,10,10,1,snapdragon,snapdragon
329,10,100,0,snapdragon,trumpet creeper
330,10,10,1,snapdragon,snapdragon
331,10,10,1,snapdragon,snapdragon
332,10,80,0,snapdragon,frangipani
333,10,2,0,snapdragon,canterbury bells
334,10,2,0,snapdragon,canterbury bells
335,10,31,0,snapdragon,garden phlox
336,10,82,0,snapdragon,hibiscus
337,10,3,0,snapdragon,sweet pea
338,10,84,0,snapdragon,desert-rose
339,10,10,1,snapdragon,snapdragon
340,10,100,0,snapdragon,trumpet creeper
341,10,31,0,snapdragon,garden phlox
342,10,10,1,snapdragon,snapdragon
343,10,10,1,snapdragon,snapdragon
344,10,73,0,snapdragon,rose
345,10,6,0,snapdragon,moon orchid
346,10,29,0,snapdragon,sweet william
347,10,84,0,snapdragon,desert-rose
348,10,45,0,snapdragon,wallflower
349,10,10,1,snapdragon,snapdragon
350,10,10,1,snapdragon,snapdragon
351,10,3,0,snapdragon,sweet pea
352,10,10,1,snapdragon,snapdragon
353,10,10,1,snapdragon,snapdragon
354,10,42,0,snapdragon,sword lily
355,10,10,1,snapdragon,snapdragon
356,10,10,1,snapdragon,snapdragon
357,10,86,0,snapdragon,magnolia
358,10,91,0,snapdragon,bee balm
359,10,10,1,snapdragon,snapdragon
360,10,31,0,snapdragon,garden phlox
361,10,3,0,snapdragon,sweet pea
362,10,10,1,snapdragon,snapdragon
363,10,100,0,snapdragon,trumpet creeper
364,10,80,0,snapdragon,frangipani
365,10,41,0,snapdragon,daffodil
366,10,10,1,snapdragon,snapdragon
367,10,10,1,snapdragon,snapdragon
368,10,3,0,snapdragon,sweet pea
369,10,39,0,snapdragon,lenten rose
370,10,10,1,snapdragon,snapdragon
371,10,10,1,snapdragon,snapdragon
372,10,44,0,snapdragon,bolero deep blue
373,10,10,1,snapdragon,snapdragon
374,10,10,1,snapdragon,snapdragon
375,10,10,1,snapdragon,snapdragon
376,10,10,1,snapdragon,snapdragon
377,10,10,1,snapdragon,snapdragon
378,10,10,1,snapdragon,snapdragon
379,10,3,0,snapdragon,sweet pea
380,10,42,0,snapdragon,sword lily
381,10,10,1,snapdragon,snapdragon
382,10,10,1,snapdragon,snapdragon
383,10,101,0,snapdragon,blackberry lily
384,10,10,1,snapdragon,snapdragon
385,10,100,0,snapdragon,trumpet creeper
386,10,10,1,snapdragon,snapdragon
387,10,31,0,snapdragon,garden phlox
388,10,100,0,snapdragon,trumpet creeper
389,11,11,1,colt's foot,colt's foot
390,11,11,1,colt's foot,colt's foot
391,11,11,1,colt's foot,colt's foot
392,11,11,1,colt's foot,colt's foot
393,11,11,1,colt's foot,colt's foot
394,11,11,1,colt's foot,colt's foot
395,11,11,1,colt's foot,colt's foot
396,11,11,1,colt's foot,colt's foot
397,11,11,1,colt's foot,colt's foot
398,11,11,1,colt's foot,colt's foot
399,11,11,1,colt's foot,colt's foot
400,11,11,1,colt's foot,colt's foot
401,11,11,1,colt's foot,colt's foot
402,11,11,1,colt's foot,colt's foot
403,11,11,1,colt's foot,colt's foot
404,11,11,1,colt's foot,colt's foot
405,11,11,1,colt's foot,colt's foot
406,11,101,0,colt's foot,blackberry lily
407,11,11,1,colt's foot,colt's foot
408,11,11,1,colt's foot,colt's foot
409,11,49,0,colt's foot,common dandelion
410,11,96,0,colt's foot,mallow
411,11,11,1,colt's foot,colt's foot
412,11,11,1,colt's foot,colt's foot
413,11,11,1,colt's foot,colt's foot
414,11,11,1,colt's foot,colt's foot
415,11,49,0,colt's foot,common dandelion
416,11,11,1,colt's foot,colt's foot
417,11,11,1,colt's foot,colt's foot
418,11,11,1,colt's foot,colt's foot
419,11,11,1,colt's foot,colt's foot
420,11,79,0,colt's foot,anthurium
421,11,11,1,colt's foot,colt's foot
422,11,11,1,colt's foot,colt's foot
423,11,49,0,colt's foot,common dandelion
424,11,11,1,colt's foot,colt's foot
425,11,11,1,colt's foot,colt's foot
426,11,11,1,colt's foot,colt's foot
427,11,11,1,colt's foot,colt's foot
428,11,11,1,colt's foot,colt's foot
429,11,11,1,colt's foot,colt's foot
430,11,11,1,colt's foot,colt's foot
431,11,11,1,colt's foot,colt's foot
432,11,11,1,colt's foot,colt's foot
433,11,11,1,colt's foot,colt's foot
434,11,11,1,colt's foot,colt's foot
435,11,11,1,colt's foot,colt's foot
436,11,11,1,colt's foot,colt's foot
437,11,11,1,colt's foot,colt's foot
438,11,11,1,colt's foot,colt's foot
439,11,11,1,colt's foot,colt's foot
440,11,11,1,colt's foot,colt's foot
441,11,11,1,colt's foot,colt's foot
442,11,11,1,colt's foot,colt's foot
443,11,11,1,colt's foot,colt's foot
444,11,11,1,colt's foot,colt's foot
445,11,11,1,colt's foot,colt's foot
446,11,11,1,colt's foot,colt's foot
447,11,11,1,colt's foot,colt's foot
448,11,11,1,colt's foot,colt's foot
449,11,11,1,colt's foot,colt's foot
450,11,11,1,colt's foot,colt's foot
451,11,11,1,colt's foot,colt's foot
452,11,11,1,colt's foot,colt's foot
453,11,11,1,colt's foot,colt's foot
454,11,11,1,colt's foot,colt's foot
455,11,11,1,colt's foot,colt's foot
456,12,12,1,king protea,king protea
457,12,12,1,king protea,king protea
458,12,12,1,king protea,king protea
459,12,12,1,king protea,king protea
460,12,12,1,king protea,king protea
461,12,12,1,king protea,king protea
462,12,72,0,king protea,water lily
463,12,12,1,king protea,king protea
464,12,12,1,king protea,king protea
465,12,12,1,king protea,king protea
466,12,12,1,king protea,king protea
467,12,12,1,king protea,king protea
468,12,12,1,king protea,king protea
469,12,28,0,king protea,artichoke
470,12,12,1,king protea,king protea
471,12,28,0,king protea,artichoke
472,12,12,1,king protea,king protea
473,12,12,1,king protea,king protea
474,12,12,1,king protea,king protea
475,12,12,1,king protea,king protea
476,12,12,1,king protea,king protea
477,12,12,1,king protea,king protea
478,12,12,1,king protea,king protea
479,12,12,1,king protea,king protea
480,12,77,0,king protea,lotus
481,12,12,1,king protea,king protea
482,12,12,1,king protea,king protea
483,12,12,1,king protea,king protea
484,12,12,1,king protea,king protea
485,13,13,1,spear thistle,spear thistle
486,13,13,1,spear thistle,spear thistle
487,13,56,0,spear thistle,gaura
488,13,34,0,spear thistle,alpine sea holly
489,13,13,1,spear thistle,spear thistle
490,13,13,1,spear thistle,spear thistle
491,13,13,1,spear thistle,spear thistle
492,13,13,1,spear thistle,spear thistle
493,13,13,1,spear thistle,spear thistle
494,13,13,1,spear thistle,spear thistle
495,13,13,1,spear thistle,spear thistle
496,13,13,1,spear thistle,spear thistle
497,13,13,1,spear thistle,spear thistle
498,13,13,1,spear thistle,spear thistle
499,13,13,1,spear thistle,spear thistle
500,13,13,1,spear thistle,spear thistle
501,13,13,1,spear thistle,spear thistle
502,13,13,1,spear thistle,spear thistle
503,13,13,1,spear thistle,spear thistle
504,13,13,1,spear thistle,spear thistle
505,13,13,1,spear thistle,spear thistle
506,13,13,1,spear thistle,spear thistle
507,13,34,0,spear thistle,alpine sea holly
508,13,13,1,spear thistle,spear thistle
509,13,13,1,spear thistle,spear thistle
510,13,13,1,spear thistle,spear thistle
511,13,13,1,spear thistle,spear thistle
512,13,13,1,spear thistle,spear thistle
513,14,14,1,yellow iris,yellow iris
514,14,14,1,yellow iris,yellow iris
515,14,14,1,yellow iris,yellow iris
516,14,14,1,yellow iris,yellow iris
517,14,14,1,yellow iris,yellow iris
518,14,14,1,yellow iris,yellow iris
519,14,14,1,yellow iris,yellow iris
520,14,14,1,yellow iris,yellow iris
521,14,14,1,yellow iris,yellow iris
522,14,14,1,yellow iris,yellow iris
523,14,6,0,yellow iris,moon orchid
524,14,14,1,yellow iris,yellow iris
525,14,14,1,yellow iris,yellow iris
526,14,14,1,yellow iris,yellow iris
527,14,14,1,yellow iris,yellow iris
528,14,14,1,yellow iris,yellow iris
529,14,14,1,yellow iris,yellow iris
530,14,14,1,yellow iris,yellow iris
531,14,14,1,yellow iris,yellow iris
532,14,14,1,yellow iris,yellow iris
533,14,14,1,yellow iris,yellow iris
534,14,14,1,yellow iris,yellow iris
535,14,80,0,yellow iris,frangipani
536,14,14,1,yellow iris,yellow iris
537,14,14,1,yellow iris,yellow iris
538,14,14,1,yellow iris,yellow iris
539,14,14,1,yellow iris,yellow iris
540,14,94,0,yellow iris,bougainvillea
541,14,14,1,yellow iris,yellow iris
542,15,15,1,globe-flower,globe-flower
543,15,15,1,globe-flower,globe-flower
544,15,15,1,globe-flower,globe-flower
545,15,47,0,globe-flower,buttercup
546,15,73,0,globe-flower,rose
547,15,47,0,globe-flower,buttercup
548,15,15,1,globe-flower,globe-flower
549,15,47,0,globe-flower,buttercup
550,15,15,1,globe-flower,globe-flower
551,15,47,0,globe-flower,buttercup
552,15,15,1,globe-flower,globe-flower
553,15,92,0,globe-flower,ball moss
554,15,47,0,globe-flower,buttercup
555,15,15,1,globe-flower,globe-flower
556,15,6,0,globe-flower,moon orchid
557,15,46,0,globe-flower,marigold
558,15,95,0,globe-flower,camellia
559,15,15,1,globe-flower,globe-flower
560,15,15,1,globe-flower,globe-flower
561,15,15,1,globe-flower,globe-flower
562,15,15,1,globe-flower,globe-flower
563,20,20,1,fire lily,fire lily
564,20,20,1,fire lily,fire lily
565,20,20,1,fire lily,fire lily
566,20,20,1,fire lily,fire lily
567,20,20,1,fire lily,fire lily
568,20,20,1,fire lily,fire lily
569,20,20,1,fire lily,fire lily
570,20,72,0,fire lily,water lily
571,20,20,1,fire lily,fire lily
572,20,20,1,fire lily,fire lily
573,20,20,1,fire lily,fire lily
574,20,79,0,fire lily,anthurium
575,20,20,1,fire lily,fire lily
576,20,20,1,fire lily,fire lily
577,20,20,1,fire lily,fire lily
578,20,20,1,fire lily,fire lily
579,20,20,1,fire lily,fire lily
580,20,20,1,fire lily,fire lily
581,20,14,0,fire lily,yellow iris
582,20,20,1,fire lily,fire lily
583,16,16,1,purple coneflower,purple coneflower
584,16,16,1,purple coneflower,purple coneflower
585,16,16,1,purple coneflower,purple coneflower
586,16,16,1,purple coneflower,purple coneflower
587,16,16,1,purple coneflower,purple coneflower
588,16,16,1,purple coneflower,purple coneflower
589,16,16,1,purple coneflower,purple coneflower
590,16,16,1,purple coneflower,purple coneflower
591,16,16,1,purple coneflower,purple coneflower
592,16,16,1,purple coneflower,purple coneflower
593,16,16,1,purple coneflower,purple coneflower
594,16,16,1,purple coneflower,purple coneflower
595,16,16,1,purple coneflower,purple coneflower
596,16,16,1,purple coneflower,purple coneflower
597,16,48,0,purple coneflower,oxeye daisy
598,16,16,1,purple coneflower,purple coneflower
599,16,16,1,purple coneflower,purple coneflower
600,16,16,1,purple coneflower,purple coneflower
601,16,16,1,purple coneflower,purple coneflower
602,16,16,1,purple coneflower,purple coneflower
603,16,16,1,purple coneflower,purple coneflower
604,16,16,1,purple coneflower,purple coneflower
605,16,16,1,purple coneflower,purple coneflower
606,16,16,1,purple coneflower,purple coneflower
607,16,16,1,purple coneflower,purple coneflower
608,16,16,1,purple coneflower,purple coneflower
609,16,16,1,purple coneflower,purple coneflower
610,16,16,1,purple coneflower,purple coneflower
611,16,16,1,purple coneflower,purple coneflower
612,16,16,1,purple coneflower,purple coneflower
613,16,16,1,purple coneflower,purple coneflower
614,16,16,1,purple coneflower,purple coneflower
615,16,16,1,purple coneflower,purple coneflower
616,16,16,1,purple coneflower,purple coneflower
617,16,16,1,purple coneflower,purple coneflower
618,16,16,1,purple coneflower,purple coneflower
619,16,16,1,purple coneflower,purple coneflower
620,16,16,1,purple coneflower,purple coneflower
621,16,16,1,purple coneflower,purple coneflower
622,16,16,1,purple coneflower,purple coneflower
623,16,16,1,purple coneflower,purple coneflower
624,16,16,1,purple coneflower,purple coneflower
625,16,16,1,purple coneflower,purple coneflower
626,16,16,1,purple coneflower,purple coneflower
627,16,16,1,purple coneflower,purple coneflower
628,16,16,1,purple coneflower,purple coneflower
629,16,35,0,purple coneflower,ruby-lipped cattleya
630,16,16,1,purple coneflower,purple coneflower
631,16,16,1,purple coneflower,purple coneflower
632,16,16,1,purple coneflower,purple coneflower
633,16,16,1,purple coneflower,purple coneflower
634,16,16,1,purple coneflower,purple coneflower
635,16,16,1,purple coneflower,purple coneflower
636,16,16,1,purple coneflower,purple coneflower
637,16,16,1,purple coneflower,purple coneflower
638,16,16,1,purple coneflower,purple coneflower
639,16,16,1,purple coneflower,purple coneflower
640,16,16,1,purple coneflower,purple coneflower
641,16,16,1,purple coneflower,purple coneflower
642,16,16,1,purple coneflower,purple coneflower
643,16,16,1,purple coneflower,purple coneflower
644,16,16,1,purple coneflower,purple coneflower
645,16,16,1,purple coneflower,purple coneflower
646,16,16,1,purple coneflower,purple coneflower
647,16,16,1,purple coneflower,purple coneflower
648,17,17,1,peruvian lily,peruvian lily
649,17,17,1,peruvian lily,peruvian lily
650,17,53,0,peruvian lily,sunflower
651,17,45,0,peruvian lily,wallflower
652,17,39,0,peruvian lily,lenten rose
653,17,17,1,peruvian lily,peruvian lily
654,17,101,0,peruvian lily,blackberry lily
655,17,17,1,peruvian lily,peruvian lily
656,17,17,1,peruvian lily,peruvian lily
657,17,17,1,peruvian lily,peruvian lily
658,17,17,1,peruvian lily,peruvian lily
659,17,17,1,peruvian lily,peruvian lily
660,17,39,0,peruvian lily,lenten rose
661,17,17,1,peruvian lily,peruvian lily
662,17,88,0,peruvian lily,watercress
663,17,17,1,peruvian lily,peruvian lily
664,17,76,0,peruvian lily,passion flower
665,17,17,1,peruvian lily,peruvian lily
666,17,17,1,peruvian lily,peruvian lily
667,17,17,1,peruvian lily,peruvian lily
668,17,17,1,peruvian lily,peruvian lily
669,17,17,1,peruvian lily,peruvian lily
670,17,17,1,peruvian lily,peruvian lily
671,17,76,0,peruvian lily,passion flower
672,17,101,0,peruvian lily,blackberry lily
673,17,17,1,peruvian lily,peruvian lily
674,17,17,1,peruvian lily,peruvian lily
675,17,17,1,peruvian lily,peruvian lily
676,17,5,0,peruvian lily,tiger lily
677,17,39,0,peruvian lily,lenten rose
678,17,17,1,peruvian lily,peruvian lily
679,17,81,0,peruvian lily,clematis
680,17,17,1,peruvian lily,peruvian lily
681,17,17,1,peruvian lily,peruvian lily
682,17,37,0,peruvian lily,great masterwort
683,17,39,0,peruvian lily,lenten rose
684,17,101,0,peruvian lily,blackberry lily
685,17,72,0,peruvian lily,water lily
686,17,89,0,peruvian lily,canna lily
687,17,17,1,peruvian lily,peruvian lily
688,17,39,0,peruvian lily,lenten rose
689,17,17,1,peruvian lily,peruvian lily
690,17,17,1,peruvian lily,peruvian lily
691,17,17,1,peruvian lily,peruvian lily
692,17,17,1,peruvian lily,peruvian lily
693,17,17,1,peruvian lily,peruvian lily
694,17,17,1,peruvian lily,peruvian lily
695,17,17,1,peruvian lily,peruvian lily
696,17,17,1,peruvian lily,peruvian lily
697,17,12,0,peruvian lily,king protea
698,17,17,1,peruvian lily,peruvian lily
699,17,88,0,peruvian lily,watercress
700,17,17,1,peruvian lily,peruvian lily
701,17,39,0,peruvian lily,lenten rose
702,17,17,1,peruvian lily,peruvian lily
703,17,31,0,peruvian lily,garden phlox
704,17,17,1,peruvian lily,peruvian lily
705,17,17,1,peruvian lily,peruvian lily
706,17,17,1,peruvian lily,peruvian lily
707,17,37,0,peruvian lily,great masterwort
708,17,88,0,peruvian lily,watercress
709,17,17,1,peruvian lily,peruvian lily
710,18,97,0,balloon flower,mexican petunia
711,18,35,0,balloon flower,ruby-lipped cattleya
712,18,86,0,balloon flower,magnolia
713,18,97,0,balloon flower,mexican petunia
714,18,66,0,balloon flower,spring crocus
715,18,86,0,balloon flower,magnolia
716,18,18,1,balloon flower,balloon flower
717,18,31,0,balloon flower,garden phlox
718,18,18,1,balloon flower,balloon flower
719,18,97,0,balloon flower,mexican petunia
720,18,54,0,balloon flower,pelargonium
721,18,27,0,balloon flower,stemless gentian
722,18,18,1,balloon flower,balloon flower
723,18,18,1,balloon flower,balloon flower
724,18,18,1,balloon flower,balloon flower
725,18,97,0,balloon flower,mexican petunia
726,18,83,0,balloon flower,columbine
727,18,3,0,balloon flower,sweet pea
728,18,8,0,balloon flower,monkshood
729,18,18,1,balloon flower,balloon flower
730,18,34,0,balloon flower,alpine sea holly
731,18,18,1,balloon flower,balloon flower
732,18,97,0,balloon flower,mexican petunia
733,18,18,1,balloon flower,balloon flower
734,18,18,1,balloon flower,balloon flower
735,18,18,1,balloon flower,balloon flower
736,18,18,1,balloon flower,balloon flower
737,18,18,1,balloon flower,balloon flower
738,18,18,1,balloon flower,balloon flower
739,19,19,1,giant white arum lily,giant white arum lily
740,19,80,0,giant white arum lily,frangipani
741,19,19,1,giant white arum lily,giant white arum lily
742,19,6,0,giant white arum lily,moon orchid
743,19,19,1,giant white arum lily,giant white arum lily
744,19,19,1,giant white arum lily,giant white arum lily
745,19,19,1,giant white arum lily,giant white arum lily
746,19,6,0,giant white arum lily,moon orchid
747,19,19,1,giant white arum lily,giant white arum lily
748,19,19,1,giant white arum lily,giant white arum lily
749,19,74,0,giant white arum lily,thorn apple
750,19,19,1,giant white arum lily,giant white arum lily
751,19,19,1,giant white arum lily,giant white arum lily
752,19,19,1,giant white arum lily,giant white arum lily
753,19,19,1,giant white arum lily,giant white arum lily
754,19,86,0,giant white arum lily,magnolia
755,19,19,1,giant white arum lily,giant white arum lily
756,19,6,0,giant white arum lily,moon orchid
757,19,66,0,giant white arum lily,spring crocus
758,19,19,1,giant white arum lily,giant white arum lily
759,19,6,0,giant white arum lily,moon orchid
760,19,6,0,giant white arum lily,moon orchid
761,19,19,1,giant white arum lily,giant white arum lily
762,19,19,1,giant white arum lily,giant white arum lily
763,19,19,1,giant white arum lily,giant white arum lily
764,19,66,0,giant white arum lily,spring crocus
765,19,19,1,giant white arum lily,giant white arum lily
766,19,19,1,giant white arum lily,giant white arum lily
767,19,6,0,giant white arum lily,moon orchid
768,19,19,1,giant white arum lily,giant white arum lily
769,19,6,0,giant white arum lily,moon orchid
770,19,28,0,giant white arum lily,artichoke
771,19,6,0,giant white arum lily,moon orchid
772,19,19,1,giant white arum lily,giant white arum lily
773,19,6,0,giant white arum lily,moon orchid
774,19,19,1,giant white arum lily,giant white arum lily
775,21,28,0,pincushion flower,artichoke
776,21,21,1,pincushion flower,pincushion flower
777,21,37,0,pincushion flower,great masterwort
778,21,21,1,pincushion flower,pincushion flower
779,21,21,1,pincushion flower,pincushion flower
780,21,21,1,pincushion flower,pincushion flower
781,21,21,1,pincushion flower,pincushion flower
782,21,21,1,pincushion flower,pincushion flower
783,21,21,1,pincushion flower,pincushion flower
784,21,21,1,pincushion flower,pincushion flower
785,21,21,1,pincushion flower,pincushion flower
786,21,21,1,pincushion flower,pincushion flower
787,21,37,0,pincushion flower,great masterwort
788,21,21,1,pincushion flower,pincushion flower
789,21,21,1,pincushion flower,pincushion flower
790,21,21,1,pincushion flower,pincushion flower
791,21,21,1,pincushion flower,pincushion flower
792,21,21,1,pincushion flower,pincushion flower
793,21,21,1,pincushion flower,pincushion flower
794,21,13,0,pincushion flower,spear thistle
795,21,37,0,pincushion flower,great masterwort
796,21,37,0,pincushion flower,great masterwort
797,21,21,1,pincushion flower,pincushion flower
798,21,32,0,pincushion flower,love in the mist
799,21,21,1,pincushion flower,pincushion flower
800,21,37,0,pincushion flower,great masterwort
801,21,21,1,pincushion flower,pincushion flower
802,21,21,1,pincushion flower,pincushion flower
803,21,37,0,pincushion flower,great masterwort
804,21,21,1,pincushion flower,pincushion flower
805,21,21,1,pincushion flower,pincushion flower
806,21,21,1,pincushion flower,pincushion flower
807,21,21,1,pincushion flower,pincushion flower
808,21,21,1,pincushion flower,pincushion flower
809,21,21,1,pincushion flower,pincushion flower
810,21,21,1,pincushion flower,pincushion flower
811,21,21,1,pincushion flower,pincushion flower
812,21,21,1,pincushion flower,pincushion flower
813,21,21,1,pincushion flower,pincushion flower
814,22,22,1,fritillary,fritillary
815,22,19,0,fritillary,giant white arum lily
816,22,90,0,fritillary,hippeastrum
817,22,22,1,fritillary,fritillary
818,22,22,1,fritillary,fritillary
819,22,22,1,fritillary,fritillary
820,22,79,0,fritillary,anthurium
821,22,6,0,fritillary,moon orchid
822,22,22,1,fritillary,fritillary
823,22,22,1,fritillary,fritillary
824,22,22,1,fritillary,fritillary
825,22,22,1,fritillary,fritillary
826,22,19,0,fritillary,giant white arum lily
827,22,22,1,fritillary,fritillary
828,22,19,0,fritillary,giant white arum lily
829,22,22,1,fritillary,fritillary
830,22,22,1,fritillary,fritillary
831,22,19,0,fritillary,giant white arum lily
832,22,22,1,fritillary,fritillary
833,22,22,1,fritillary,fritillary
834,22,22,1,fritillary,fritillary
835,22,56,0,fritillary,gaura
836,22,22,1,fritillary,fritillary
837,22,22,1,fritillary,fritillary
838,22,22,1,fritillary,fritillary
839,22,22,1,fritillary,fritillary
840,22,22,1,fritillary,fritillary
841,22,22,1,fritillary,fritillary
842,22,22,1,fritillary,fritillary
843,22,22,1,fritillary,fritillary
844,22,19,0,fritillary,giant white arum lily
845,22,22,1,fritillary,fritillary
846,22,22,1,fritillary,fritillary
847,22,22,1,fritillary,fritillary
848,22,22,1,fritillary,fritillary
849,22,22,1,fritillary,fritillary
850,22,34,0,fritillary,alpine sea holly
851,22,22,1,fritillary,fritillary
852,22,22,1,fritillary,fritillary
853,22,56,0,fritillary,gaura
854,22,56,0,fritillary,gaura
855,22,22,1,fritillary,fritillary
856,22,22,1,fritillary,fritillary
857,22,22,1,fritillary,fritillary
858,22,22,1,fritillary,fritillary
859,22,22,1,fritillary,fritillary
860,22,22,1,fritillary,fritillary
861,22,22,1,fritillary,fritillary
862,22,22,1,fritillary,fritillary
863,22,22,1,fritillary,fritillary
864,22,22,1,fritillary,fritillary
865,22,22,1,fritillary,fritillary
866,22,22,1,fritillary,fritillary
867,22,22,1,fritillary,fritillary
868,22,22,1,fritillary,fritillary
869,22,22,1,fritillary,fritillary
870,22,22,1,fritillary,fritillary
871,22,22,1,fritillary,fritillary
872,22,22,1,fritillary,fritillary
873,22,22,1,fritillary,fritillary
874,22,66,0,fritillary,spring crocus
875,22,22,1,fritillary,fritillary
876,22,22,1,fritillary,fritillary
877,22,22,1,fritillary,fritillary
878,22,22,1,fritillary,fritillary
879,22,22,1,fritillary,fritillary
880,22,22,1,fritillary,fritillary
881,22,79,0,fritillary,anthurium
882,22,34,0,fritillary,alpine sea holly
883,22,6,0,fritillary,moon orchid
884,22,22,1,fritillary,fritillary
885,23,2,0,red ginger,canterbury bells
886,23,23,1,red ginger,red ginger
887,23,23,1,red ginger,red ginger
888,23,23,1,red ginger,red ginger
889,23,23,1,red ginger,red ginger
890,23,23,1,red ginger,red ginger
891,23,92,0,red ginger,ball moss
892,23,23,1,red ginger,red ginger
893,23,23,1,red ginger,red ginger
894,23,23,1,red ginger,red ginger
895,23,23,1,red ginger,red ginger
896,23,23,1,red ginger,red ginger
897,23,23,1,red ginger,red ginger
898,23,100,0,red ginger,trumpet creeper
899,23,23,1,red ginger,red ginger
900,23,23,1,red ginger,red ginger
901,23,23,1,red ginger,red ginger
902,23,23,1,red ginger,red ginger
903,23,95,0,red ginger,camellia
904,23,23,1,red ginger,red ginger
905,23,92,0,red ginger,ball moss
906,23,23,1,red ginger,red ginger
907,24,24,1,grape hyacinth,grape hyacinth
908,24,24,1,grape hyacinth,grape hyacinth
909,24,24,1,grape hyacinth,grape hyacinth
910,24,24,1,grape hyacinth,grape hyacinth
911,24,92,0,grape hyacinth,ball moss
912,24,24,1,grape hyacinth,grape hyacinth
913,24,24,1,grape hyacinth,grape hyacinth
914,24,24,1,grape hyacinth,grape hyacinth
915,24,24,1,grape hyacinth,grape hyacinth
916,24,24,1,grape hyacinth,grape hyacinth
917,24,24,1,grape hyacinth,grape hyacinth
918,24,24,1,grape hyacinth,grape hyacinth
919,24,24,1,grape hyacinth,grape hyacinth
920,24,24,1,grape hyacinth,grape hyacinth
921,24,24,1,grape hyacinth,grape hyacinth
922,24,24,1,grape hyacinth,grape hyacinth
923,24,24,1,grape hyacinth,grape hyacinth
924,24,27,0,grape hyacinth,stemless gentian
925,24,24,1,grape hyacinth,grape hyacinth
926,24,24,1,grape hyacinth,grape hyacinth
927,24,24,1,grape hyacinth,grape hyacinth
928,25,25,1,corn poppy,corn poppy
929,25,25,1,corn poppy,corn poppy
930,25,79,0,corn poppy,anthurium
931,25,25,1,corn poppy,corn poppy
932,25,79,0,corn poppy,anthurium
933,25,94,0,corn poppy,bougainvillea
934,25,25,1,corn poppy,corn poppy
935,25,79,0,corn poppy,anthurium
936,25,82,0,corn poppy,hibiscus
937,25,25,1,corn poppy,corn poppy
938,25,25,1,corn poppy,corn poppy
939,25,25,1,corn poppy,corn poppy
940,25,79,0,corn poppy,anthurium
941,25,25,1,corn poppy,corn poppy
942,25,25,1,corn poppy,corn poppy
943,25,25,1,corn poppy,corn poppy
944,25,25,1,corn poppy,corn poppy
945,25,25,1,corn poppy,corn poppy
946,25,25,1,corn poppy,corn poppy
947,25,2,0,corn poppy,canterbury bells
948,25,25,1,corn poppy,corn poppy
949,26,26,1,prince of wales feathers,prince of wales feathers
950,26,100,0,prince of wales feathers,trumpet creeper
951,26,26,1,prince of wales feathers,prince of wales feathers
952,26,26,1,prince of wales feathers,prince of wales feathers
953,26,26,1,prince of wales feathers,prince of wales feathers
954,26,26,1,prince of wales feathers,prince of wales feathers
955,26,26,1,prince of wales feathers,prince of wales feathers
956,26,26,1,prince of wales feathers,prince of wales feathers
957,26,26,1,prince of wales feathers,prince of wales feathers
958,26,26,1,prince of wales feathers,prince of wales feathers
959,26,26,1,prince of wales feathers,prince of wales feathers
960,26,26,1,prince of wales feathers,prince of wales feathers
961,26,26,1,prince of wales feathers,prince of wales feathers
962,26,26,1,prince of wales feathers,prince of wales feathers
963,26,26,1,prince of wales feathers,prince of wales feathers
964,26,26,1,prince of wales feathers,prince of wales feathers
965,26,26,1,prince of wales feathers,prince of wales feathers
966,26,26,1,prince of wales feathers,prince of wales feathers
967,26,26,1,prince of wales feathers,prince of wales feathers
968,26,67,0,prince of wales feathers,bearded iris
969,27,27,1,stemless gentian,stemless gentian
970,27,27,1,stemless gentian,stemless gentian
971,27,27,1,stemless gentian,stemless gentian
972,27,27,1,stemless gentian,stemless gentian
973,27,27,1,stemless gentian,stemless gentian
974,27,27,1,stemless gentian,stemless gentian
975,27,24,0,stemless gentian,grape hyacinth
976,27,27,1,stemless gentian,stemless gentian
977,27,27,1,stemless gentian,stemless gentian
978,27,27,1,stemless gentian,stemless gentian
979,27,27,1,stemless gentian,stemless gentian
980,27,27,1,stemless gentian,stemless gentian
981,27,27,1,stemless gentian,stemless gentian
982,27,27,1,stemless gentian,stemless gentian
983,27,27,1,stemless gentian,stemless gentian
984,27,27,1,stemless gentian,stemless gentian
985,27,32,0,stemless gentian,love in the mist
986,27,27,1,stemless gentian,stemless gentian
987,27,27,1,stemless gentian,stemless gentian
988,27,34,0,stemless gentian,alpine sea holly
989,27,27,1,stemless gentian,stemless gentian
990,27,32,0,stemless gentian,love in the mist
991,27,27,1,stemless gentian,stemless gentian
992,27,2,0,stemless gentian,canterbury bells
993,27,27,1,stemless gentian,stemless gentian
994,27,27,1,stemless gentian,stemless gentian
995,27,27,1,stemless gentian,stemless gentian
996,27,27,1,stemless gentian,stemless gentian
997,27,27,1,stemless gentian,stemless gentian
998,27,27,1,stemless gentian,stemless gentian
999,27,27,1,stemless gentian,stemless gentian
1000,27,97,0,stemless gentian,mexican petunia
1001,27,27,1,stemless gentian,stemless gentian
1002,27,27,1,stemless gentian,stemless gentian
1003,27,27,1,stemless gentian,stemless gentian
1004,27,27,1,stemless gentian,stemless gentian
1005,27,27,1,stemless gentian,stemless gentian
1006,27,27,1,stemless gentian,stemless gentian
1007,27,32,0,stemless gentian,love in the mist
1008,27,27,1,stemless gentian,stemless gentian
1009,27,27,1,stemless gentian,stemless gentian
1010,27,27,1,stemless gentian,stemless gentian
1011,27,27,1,stemless gentian,stemless gentian
1012,27,27,1,stemless gentian,stemless gentian
1013,27,27,1,stemless gentian,stemless gentian
1014,27,27,1,stemless gentian,stemless gentian
1015,28,28,1,artichoke,artichoke
1016,28,13,0,artichoke,spear thistle
1017,28,28,1,artichoke,artichoke
1018,28,13,0,artichoke,spear thistle
1019,28,28,1,artichoke,artichoke
1020,28,13,0,artichoke,spear thistle
1021,28,28,1,artichoke,artichoke
1022,28,28,1,artichoke,artichoke
1023,28,28,1,artichoke,artichoke
1024,28,13,0,artichoke,spear thistle
1025,28,28,1,artichoke,artichoke
1026,28,28,1,artichoke,artichoke
1027,28,28,1,artichoke,artichoke
1028,28,28,1,artichoke,artichoke
1029,28,28,1,artichoke,artichoke
1030,28,28,1,artichoke,artichoke
1031,28,28,1,artichoke,artichoke
1032,28,12,0,artichoke,king protea
1033,28,29,0,artichoke,sweet william
1034,28,28,1,artichoke,artichoke
1035,28,28,1,artichoke,artichoke
1036,28,28,1,artichoke,artichoke
1037,28,28,1,artichoke,artichoke
1038,28,28,1,artichoke,artichoke
1039,28,34,0,artichoke,alpine sea holly
1040,28,28,1,artichoke,artichoke
1041,28,28,1,artichoke,artichoke
1042,28,28,1,artichoke,artichoke
1043,28,28,1,artichoke,artichoke
1044,28,28,1,artichoke,artichoke
1045,28,28,1,artichoke,artichoke
1046,28,28,1,artichoke,artichoke
1047,28,21,0,artichoke,pincushion flower
1048,28,28,1,artichoke,artichoke
1049,28,28,1,artichoke,artichoke
1050,28,28,1,artichoke,artichoke
1051,28,28,1,artichoke,artichoke
1052,28,28,1,artichoke,artichoke
1053,28,28,1,artichoke,artichoke
1054,28,28,1,artichoke,artichoke
1055,28,28,1,artichoke,artichoke
1056,28,28,1,artichoke,artichoke
1057,28,28,1,artichoke,artichoke
1058,28,12,0,artichoke,king protea
1059,28,28,1,artichoke,artichoke
1060,28,28,1,artichoke,artichoke
1061,28,28,1,artichoke,artichoke
1062,28,28,1,artichoke,artichoke
1063,28,28,1,artichoke,artichoke
1064,28,28,1,artichoke,artichoke
1065,28,28,1,artichoke,artichoke
1066,28,28,1,artichoke,artichoke
1067,28,28,1,artichoke,artichoke
1068,28,28,1,artichoke,artichoke
1069,28,28,1,artichoke,artichoke
1070,28,28,1,artichoke,artichoke
1071,28,28,1,artichoke,artichoke
1072,28,28,1,artichoke,artichoke
1073,29,85,0,sweet william,tree mallow
1074,29,37,0,sweet william,great masterwort
1075,29,29,1,sweet william,sweet william
1076,29,29,1,sweet william,sweet william
1077,29,85,0,sweet william,tree mallow
1078,29,31,0,sweet william,garden phlox
1079,29,100,0,sweet william,trumpet creeper
1080,29,56,0,sweet william,gaura
1081,29,37,0,sweet william,great masterwort
1082,29,29,1,sweet william,sweet william
1083,29,29,1,sweet william,sweet william
1084,29,29,1,sweet william,sweet william
1085,29,31,0,sweet william,garden phlox
1086,29,29,1,sweet william,sweet william
1087,29,29,1,sweet william,sweet william
1088,29,29,1,sweet william,sweet william
1089,29,29,1,sweet william,sweet william
1090,29,29,1,sweet william,sweet william
1091,29,29,1,sweet william,sweet william
1092,29,29,1,sweet william,sweet william
1093,29,88,0,sweet william,watercress
1094,29,100,0,sweet william,trumpet creeper
1095,29,28,0,sweet william,artichoke
1096,29,29,1,sweet william,sweet william
1097,29,97,0,sweet william,mexican petunia
1098,29,29,1,sweet william,sweet william
1099,29,29,1,sweet william,sweet william
1100,29,29,1,sweet william,sweet william
1101,29,29,1,sweet william,sweet william
1102,29,29,1,sweet william,sweet william
1103,29,29,1,sweet william,sweet william
1104,29,29,1,sweet william,sweet william
1105,29,29,1,sweet william,sweet william
1106,29,31,0,sweet william,garden phlox
1107,29,29,1,sweet william,sweet william
1108,29,31,0,sweet william,garden phlox
1109,29,29,1,sweet william,sweet william
1110,29,29,1,sweet william,sweet william
1111,29,29,1,sweet william,sweet william
1112,29,29,1,sweet william,sweet william
1113,29,29,1,sweet william,sweet william
1114,29,29,1,sweet william,sweet william
1115,29,29,1,sweet william,sweet william
1116,29,29,1,sweet william,sweet william
1117,29,29,1,sweet william,sweet william
1118,29,29,1,sweet william,sweet william
1119,29,29,1,sweet william,sweet william
1120,29,29,1,sweet william,sweet william
1121,29,29,1,sweet william,sweet william
1122,29,29,1,sweet william,sweet william
1123,29,29,1,sweet william,sweet william
1124,29,29,1,sweet william,sweet william
1125,29,39,0,sweet william,lenten rose
1126,29,29,1,sweet william,sweet william
1127,29,29,1,sweet william,sweet william
1128,29,29,1,sweet william,sweet william
1129,29,12,0,sweet william,king protea
1130,29,29,1,sweet william,sweet william
1131,29,29,1,sweet william,sweet william
1132,29,29,1,sweet william,sweet william
1133,29,29,1,sweet william,sweet william
1134,29,29,1,sweet william,sweet william
1135,29,29,1,sweet william,sweet william
1136,29,29,1,sweet william,sweet william
1137,29,29,1,sweet william,sweet william
1138,30,46,0,carnation,marigold
1139,30,100,0,carnation,trumpet creeper
1140,30,30,1,carnation,carnation
1141,30,6,0,carnation,moon orchid
1142,30,6,0,carnation,moon orchid
1143,30,30,1,carnation,carnation
1144,30,30,1,carnation,carnation
1145,30,0,0,carnation,pink primrose
1146,30,6,0,carnation,moon orchid
1147,30,30,1,carnation,carnation
1148,30,29,0,carnation,sweet william
1149,30,100,0,carnation,trumpet creeper
1150,30,30,1,carnation,carnation
1151,30,37,0,carnation,great masterwort
1152,30,30,1,carnation,carnation
1153,30,22,0,carnation,fritillary
1154,30,6,0,carnation,moon orchid
1155,30,5,0,carnation,tiger lily
1156,30,30,1,carnation,carnation
1157,30,20,0,carnation,fire lily
1158,30,6,0,carnation,moon orchid
1159,30,37,0,carnation,great masterwort
1160,30,30,1,carnation,carnation
1161,30,13,0,carnation,spear thistle
1162,30,6,0,carnation,moon orchid
1163,30,30,1,carnation,carnation
1164,30,30,1,carnation,carnation
1165,30,30,1,carnation,carnation
1166,30,29,0,carnation,sweet william
1167,30,30,1,carnation,carnation
1168,30,30,1,carnation,carnation
1169,30,30,1,carnation,carnation
1170,31,86,0,garden phlox,magnolia
1171,31,0,0,garden phlox,pink primrose
1172,31,29,0,garden phlox,sweet william
1173,31,82,0,garden phlox,hibiscus
1174,31,31,1,garden phlox,garden phlox
1175,31,31,1,garden phlox,garden phlox
1176,31,31,1,garden phlox,garden phlox
1177,31,29,0,garden phlox,sweet william
1178,31,29,0,garden phlox,sweet william
1179,31,31,1,garden phlox,garden phlox
1180,31,31,1,garden phlox,garden phlox
1181,31,31,1,garden phlox,garden phlox
1182,31,29,0,garden phlox,sweet william
1183,31,31,1,garden phlox,garden phlox
1184,31,3,0,garden phlox,sweet pea
1185,31,79,0,garden phlox,anthurium
1186,31,31,1,garden phlox,garden phlox
1187,31,97,0,garden phlox,mexican petunia
1188,31,31,1,garden phlox,garden phlox
1189,31,2,0,garden phlox,canterbury bells
1190,31,10,0,garden phlox,snapdragon
1191,31,29,0,garden phlox,sweet william
1192,31,31,1,garden phlox,garden phlox
1193,31,84,0,garden phlox,desert-rose
1194,31,29,0,garden phlox,sweet william
1195,32,32,1,love in the mist,love in the mist
1196,32,32,1,love in the mist,love in the mist
1197,32,32,1,love in the mist,love in the mist
1198,32,32,1,love in the mist,love in the mist
1199,32,37,0,love in the mist,great masterwort
1200,32,32,1,love in the mist,love in the mist
1201,32,32,1,love in the mist,love in the mist
1202,32,32,1,love in the mist,love in the mist
1203,32,32,1,love in the mist,love in the mist
1204,32,34,0,love in the mist,alpine sea holly
1205,32,32,1,love in the mist,love in the mist
1206,32,37,0,love in the mist,great masterwort
1207,32,32,1,love in the mist,love in the mist
1208,32,32,1,love in the mist,love in the mist
1209,32,32,1,love in the mist,love in the mist
1210,32,32,1,love in the mist,love in the mist
1211,32,37,0,love in the mist,great masterwort
1212,32,32,1,love in the mist,love in the mist
1213,32,32,1,love in the mist,love in the mist
1214,32,32,1,love in the mist,love in the mist
1215,32,32,1,love in the mist,love in the mist
1216,32,32,1,love in the mist,love in the mist
1217,32,32,1,love in the mist,love in the mist
1218,32,32,1,love in the mist,love in the mist
1219,32,32,1,love in the mist,love in the mist
1220,32,32,1,love in the mist,love in the mist
1221,33,61,0,mexican aster,japanese anemone
1222,33,0,0,mexican aster,pink primrose
1223,33,33,1,mexican aster,mexican aster
1224,33,33,1,mexican aster,mexican aster
1225,33,33,1,mexican aster,mexican aster
1226,33,33,1,mexican aster,mexican aster
1227,33,0,0,mexican aster,pink primrose
1228,33,33,1,mexican aster,mexican aster
1229,33,0,0,mexican aster,pink primrose
1230,33,33,1,mexican aster,mexican aster
1231,33,85,0,mexican aster,tree mallow
1232,33,65,0,mexican aster,osteospermum
1233,33,61,0,mexican aster,japanese anemone
1234,33,33,1,mexican aster,mexican aster
1235,33,33,1,mexican aster,mexican aster
1236,33,33,1,mexican aster,mexican aster
1237,33,33,1,mexican aster,mexican aster
1238,33,33,1,mexican aster,mexican aster
1239,33,33,1,mexican aster,mexican aster
1240,33,33,1,mexican aster,mexican aster
1241,34,34,1,alpine sea holly,alpine sea holly
1242,34,34,1,alpine sea holly,alpine sea holly
1243,34,34,1,alpine sea holly,alpine sea holly
1244,34,34,1,alpine sea holly,alpine sea holly
1245,34,34,1,alpine sea holly,alpine sea holly
1246,34,34,1,alpine sea holly,alpine sea holly
1247,34,34,1,alpine sea holly,alpine sea holly
1248,34,34,1,alpine sea holly,alpine sea holly
1249,34,34,1,alpine sea holly,alpine sea holly
1250,34,34,1,alpine sea holly,alpine sea holly
1251,34,34,1,alpine sea holly,alpine sea holly
1252,34,34,1,alpine sea holly,alpine sea holly
1253,34,34,1,alpine sea holly,alpine sea holly
1254,34,34,1,alpine sea holly,alpine sea holly
1255,34,34,1,alpine sea holly,alpine sea holly
1256,34,34,1,alpine sea holly,alpine sea holly
1257,34,34,1,alpine sea holly,alpine sea holly
1258,34,34,1,alpine sea holly,alpine sea holly
1259,34,34,1,alpine sea holly,alpine sea holly
1260,34,34,1,alpine sea holly,alpine sea holly
1261,34,34,1,alpine sea holly,alpine sea holly
1262,34,34,1,alpine sea holly,alpine sea holly
1263,34,34,1,alpine sea holly,alpine sea holly
1264,35,35,1,ruby-lipped cattleya,ruby-lipped cattleya
1265,35,35,1,ruby-lipped cattleya,ruby-lipped cattleya
1266,35,35,1,ruby-lipped cattleya,ruby-lipped cattleya
1267,35,35,1,ruby-lipped cattleya,ruby-lipped cattleya
1268,35,35,1,ruby-lipped cattleya,ruby-lipped cattleya
1269,35,35,1,ruby-lipped cattleya,ruby-lipped cattleya
1270,35,35,1,ruby-lipped cattleya,ruby-lipped cattleya
1271,35,35,1,ruby-lipped cattleya,ruby-lipped cattleya
1272,35,35,1,ruby-lipped cattleya,ruby-lipped cattleya
1273,35,35,1,ruby-lipped cattleya,ruby-lipped cattleya
1274,35,35,1,ruby-lipped cattleya,ruby-lipped cattleya
1275,35,35,1,ruby-lipped cattleya,ruby-lipped cattleya
1276,35,35,1,ruby-lipped cattleya,ruby-lipped cattleya
1277,35,35,1,ruby-lipped cattleya,ruby-lipped cattleya
1278,35,28,0,ruby-lipped cattleya,artichoke
1279,35,35,1,ruby-lipped cattleya,ruby-lipped cattleya
1280,35,35,1,ruby-lipped cattleya,ruby-lipped cattleya
1281,35,38,0,ruby-lipped cattleya,siam tulip
1282,35,35,1,ruby-lipped cattleya,ruby-lipped cattleya
1283,35,56,0,ruby-lipped cattleya,gaura
1284,35,6,0,ruby-lipped cattleya,moon orchid
1285,35,35,1,ruby-lipped cattleya,ruby-lipped cattleya
1286,35,35,1,ruby-lipped cattleya,ruby-lipped cattleya
1287,35,35,1,ruby-lipped cattleya,ruby-lipped cattleya
1288,35,35,1,ruby-lipped cattleya,ruby-lipped cattleya
1289,35,35,1,ruby-lipped cattleya,ruby-lipped cattleya
1290,35,35,1,ruby-lipped cattleya,ruby-lipped cattleya
1291,35,35,1,ruby-lipped cattleya,ruby-lipped cattleya
1292,35,35,1,ruby-lipped cattleya,ruby-lipped cattleya
1293,35,35,1,ruby-lipped cattleya,ruby-lipped cattleya
1294,35,35,1,ruby-lipped cattleya,ruby-lipped cattleya
1295,35,35,1,ruby-lipped cattleya,ruby-lipped cattleya
1296,35,35,1,ruby-lipped cattleya,ruby-lipped cattleya
1297,35,35,1,ruby-lipped cattleya,ruby-lipped cattleya
1298,35,31,0,ruby-lipped cattleya,garden phlox
1299,35,35,1,ruby-lipped cattleya,ruby-lipped cattleya
1300,35,35,1,ruby-lipped cattleya,ruby-lipped cattleya
1301,35,35,1,ruby-lipped cattleya,ruby-lipped cattleya
1302,35,35,1,ruby-lipped cattleya,ruby-lipped cattleya
1303,35,3,0,ruby-lipped cattleya,sweet pea
1304,35,35,1,ruby-lipped cattleya,ruby-lipped cattleya
1305,35,35,1,ruby-lipped cattleya,ruby-lipped cattleya
1306,35,35,1,ruby-lipped cattleya,ruby-lipped cattleya
1307,35,35,1,ruby-lipped cattleya,ruby-lipped cattleya
1308,35,35,1,ruby-lipped cattleya,ruby-lipped cattleya
1309,35,35,1,ruby-lipped cattleya,ruby-lipped cattleya
1310,35,35,1,ruby-lipped cattleya,ruby-lipped cattleya
1311,35,35,1,ruby-lipped cattleya,ruby-lipped cattleya
1312,35,35,1,ruby-lipped cattleya,ruby-lipped cattleya
1313,35,35,1,ruby-lipped cattleya,ruby-lipped cattleya
1314,35,35,1,ruby-lipped cattleya,ruby-lipped cattleya
1315,35,35,1,ruby-lipped cattleya,ruby-lipped cattleya
1316,35,35,1,ruby-lipped cattleya,ruby-lipped cattleya
1317,35,28,0,ruby-lipped cattleya,artichoke
1318,35,35,1,ruby-lipped cattleya,ruby-lipped cattleya
1319,36,36,1,cape flower,cape flower
1320,36,36,1,cape flower,cape flower
1321,36,56,0,cape flower,gaura
1322,36,36,1,cape flower,cape flower
1323,36,36,1,cape flower,cape flower
1324,36,36,1,cape flower,cape flower
1325,36,36,1,cape flower,cape flower
1326,36,36,1,cape flower,cape flower
1327,36,36,1,cape flower,cape flower
1328,36,37,0,cape flower,great masterwort
1329,36,36,1,cape flower,cape flower
1330,36,36,1,cape flower,cape flower
1331,36,36,1,cape flower,cape flower
1332,36,36,1,cape flower,cape flower
1333,36,36,1,cape flower,cape flower
1334,36,36,1,cape flower,cape flower
1335,36,36,1,cape flower,cape flower
1336,36,36,1,cape flower,cape flower
1337,36,36,1,cape flower,cape flower
1338,36,36,1,cape flower,cape flower
1339,36,36,1,cape flower,cape flower
1340,36,36,1,cape flower,cape flower
1341,36,36,1,cape flower,cape flower
1342,36,36,1,cape flower,cape flower
1343,36,36,1,cape flower,cape flower
1344,36,36,1,cape flower,cape flower
1345,36,90,0,cape flower,hippeastrum
1346,36,36,1,cape flower,cape flower
1347,36,36,1,cape flower,cape flower
1348,36,78,0,cape flower,toad lily
1349,36,36,1,cape flower,cape flower
1350,36,36,1,cape flower,cape flower
1351,36,36,1,cape flower,cape flower
1352,36,36,1,cape flower,cape flower
1353,36,36,1,cape flower,cape flower
1354,36,91,0,cape flower,bee balm
1355,36,36,1,cape flower,cape flower
1356,36,36,1,cape flower,cape flower
1357,36,36,1,cape flower,cape flower
1358,36,36,1,cape flower,cape flower
1359,36,36,1,cape flower,cape flower
1360,36,36,1,cape flower,cape flower
1361,36,36,1,cape flower,cape flower
1362,36,36,1,cape flower,cape flower
1363,36,56,0,cape flower,gaura
1364,36,36,1,cape flower,cape flower
1365,36,36,1,cape flower,cape flower
1366,36,36,1,cape flower,cape flower
1367,36,36,1,cape flower,cape flower
1368,36,36,1,cape flower,cape flower
1369,36,36,1,cape flower,cape flower
1370,36,36,1,cape flower,cape flower
1371,36,36,1,cape flower,cape flower
1372,36,36,1,cape flower,cape flower
1373,36,36,1,cape flower,cape flower
1374,36,36,1,cape flower,cape flower
1375,36,36,1,cape flower,cape flower
1376,36,36,1,cape flower,cape flower
1377,36,36,1,cape flower,cape flower
1378,36,78,0,cape flower,toad lily
1379,36,36,1,cape flower,cape flower
1380,36,36,1,cape flower,cape flower
1381,36,36,1,cape flower,cape flower
1382,36,38,0,cape flower,siam tulip
1383,36,36,1,cape flower,cape flower
1384,36,36,1,cape flower,cape flower
1385,36,56,0,cape flower,gaura
1386,36,56,0,cape flower,gaura
1387,36,36,1,cape flower,cape flower
1388,36,36,1,cape flower,cape flower
1389,36,36,1,cape flower,cape flower
1390,36,36,1,cape flower,cape flower
1391,36,90,0,cape flower,hippeastrum
1392,36,36,1,cape flower,cape flower
1393,36,36,1,cape flower,cape flower
1394,36,36,1,cape flower,cape flower
1395,36,36,1,cape flower,cape flower
1396,36,36,1,cape flower,cape flower
1397,36,36,1,cape flower,cape flower
1398,36,36,1,cape flower,cape flower
1399,36,36,1,cape flower,cape flower
1400,36,36,1,cape flower,cape flower
1401,36,36,1,cape flower,cape flower
1402,36,36,1,cape flower,cape flower
1403,36,36,1,cape flower,cape flower
1404,36,36,1,cape flower,cape flower
1405,36,36,1,cape flower,cape flower
1406,36,36,1,cape flower,cape flower
1407,37,37,1,great masterwort,great masterwort
1408,37,37,1,great masterwort,great masterwort
1409,37,37,1,great masterwort,great masterwort
1410,37,37,1,great masterwort,great masterwort
1411,37,21,0,great masterwort,pincushion flower
1412,37,37,1,great masterwort,great masterwort
1413,37,37,1,great masterwort,great masterwort
1414,37,37,1,great masterwort,great masterwort
1415,37,37,1,great masterwort,great masterwort
1416,37,37,1,great masterwort,great masterwort
1417,37,37,1,great masterwort,great masterwort
1418,37,37,1,great masterwort,great masterwort
1419,37,37,1,great masterwort,great masterwort
1420,37,37,1,great masterwort,great masterwort
1421,37,37,1,great masterwort,great masterwort
1422,37,37,1,great masterwort,great masterwort
1423,37,37,1,great masterwort,great masterwort
1424,37,21,0,great masterwort,pincushion flower
1425,37,37,1,great masterwort,great masterwort
1426,37,37,1,great masterwort,great masterwort
1427,37,37,1,great masterwort,great masterwort
1428,37,9,0,great masterwort,globe thistle
1429,37,37,1,great masterwort,great masterwort
1430,37,37,1,great masterwort,great masterwort
1431,37,37,1,great masterwort,great masterwort
1432,37,37,1,great masterwort,great masterwort
1433,37,37,1,great masterwort,great masterwort
1434,37,37,1,great masterwort,great masterwort
1435,37,37,1,great masterwort,great masterwort
1436,37,37,1,great masterwort,great masterwort
1437,37,37,1,great masterwort,great masterwort
1438,37,37,1,great masterwort,great masterwort
1439,37,37,1,great masterwort,great masterwort
1440,37,37,1,great masterwort,great masterwort
1441,37,37,1,great masterwort,great masterwort
1442,37,37,1,great masterwort,great masterwort
1443,38,39,0,siam tulip,lenten rose
1444,38,38,1,siam tulip,siam tulip
1445,38,87,0,siam tulip,cyclamen
1446,38,38,1,siam tulip,siam tulip
1447,38,38,1,siam tulip,siam tulip
1448,38,38,1,siam tulip,siam tulip
1449,38,38,1,siam tulip,siam tulip
1450,38,38,1,siam tulip,siam tulip
1451,38,94,0,siam tulip,bougainvillea
1452,38,86,0,siam tulip,magnolia
1453,38,77,0,siam tulip,lotus
1454,38,38,1,siam tulip,siam tulip
1455,38,34,0,siam tulip,alpine sea holly
1456,38,38,1,siam tulip,siam tulip
1457,38,38,1,siam tulip,siam tulip
1458,38,38,1,siam tulip,siam tulip
1459,38,38,1,siam tulip,siam tulip
1460,38,23,0,siam tulip,red ginger
1461,38,38,1,siam tulip,siam tulip
1462,38,94,0,siam tulip,bougainvillea
1463,38,38,1,siam tulip,siam tulip
1464,39,39,1,lenten rose,lenten rose
1465,39,39,1,lenten rose,lenten rose
1466,39,22,0,lenten rose,fritillary
1467,39,39,1,lenten rose,lenten rose
1468,39,39,1,lenten rose,lenten rose
1469,39,39,1,lenten rose,lenten rose
1470,39,39,1,lenten rose,lenten rose
1471,39,42,0,lenten rose,sword lily
1472,39,39,1,lenten rose,lenten rose
1473,39,39,1,lenten rose,lenten rose
1474,39,39,1,lenten rose,lenten rose
1475,39,44,0,lenten rose,bolero deep blue
1476,39,39,1,lenten rose,lenten rose
1477,39,96,0,lenten rose,mallow
1478,39,39,1,lenten rose,lenten rose
1479,39,39,1,lenten rose,lenten rose
1480,39,39,1,lenten rose,lenten rose
1481,39,27,0,lenten rose,stemless gentian
1482,39,27,0,lenten rose,stemless gentian
1483,39,39,1,lenten rose,lenten rose
1484,39,95,0,lenten rose,camellia
1485,39,39,1,lenten rose,lenten rose
1486,39,93,0,lenten rose,foxglove
1487,39,39,1,lenten rose,lenten rose
1488,39,39,1,lenten rose,lenten rose
1489,39,95,0,lenten rose,camellia
1490,39,39,1,lenten rose,lenten rose
1491,39,39,1,lenten rose,lenten rose
1492,39,39,1,lenten rose,lenten rose
1493,39,96,0,lenten rose,mallow
1494,39,39,1,lenten rose,lenten rose
1495,39,39,1,lenten rose,lenten rose
1496,39,96,0,lenten rose,mallow
1497,39,0,0,lenten rose,pink primrose
1498,39,94,0,lenten rose,bougainvillea
1499,39,39,1,lenten rose,lenten rose
1500,39,39,1,lenten rose,lenten rose
1501,39,76,0,lenten rose,passion flower
1502,39,63,0,lenten rose,silverbush
1503,39,79,0,lenten rose,anthurium
1504,39,38,0,lenten rose,siam tulip
1505,39,39,1,lenten rose,lenten rose
1506,39,79,0,lenten rose,anthurium
1507,39,96,0,lenten rose,mallow
1508,39,39,1,lenten rose,lenten rose
1509,39,94,0,lenten rose,bougainvillea
1510,39,39,1,lenten rose,lenten rose
1511,40,99,0,barbeton daisy,blanket flower
1512,40,25,0,barbeton daisy,corn poppy
1513,40,53,0,barbeton daisy,sunflower
1514,40,40,1,barbeton daisy,barbeton daisy
1515,40,40,1,barbeton daisy,barbeton daisy
1516,40,53,0,barbeton daisy,sunflower
1517,40,40,1,barbeton daisy,barbeton daisy
1518,40,65,0,barbeton daisy,osteospermum
1519,40,40,1,barbeton daisy,barbeton daisy
1520,40,40,1,barbeton daisy,barbeton daisy
1521,40,40,1,barbeton daisy,barbeton daisy
1522,40,40,1,barbeton daisy,barbeton daisy
1523,40,40,1,barbeton daisy,barbeton daisy
1524,40,40,1,barbeton daisy,barbeton daisy
1525,40,99,0,barbeton daisy,blanket flower
1526,40,40,1,barbeton daisy,barbeton daisy
1527,40,16,0,barbeton daisy,purple coneflower
1528,40,40,1,barbeton daisy,barbeton daisy
1529,40,11,0,barbeton daisy,colt's foot
1530,40,40,1,barbeton daisy,barbeton daisy
1531,40,28,0,barbeton daisy,artichoke
1532,40,40,1,barbeton daisy,barbeton daisy
1533,40,40,1,barbeton daisy,barbeton daisy
1534,40,40,1,barbeton daisy,barbeton daisy
1535,40,59,0,barbeton daisy,pink-yellow dahlia?
1536,40,72,0,barbeton daisy,water lily
1537,40,40,1,barbeton daisy,barbeton daisy
1538,40,40,1,barbeton daisy,barbeton daisy
1539,40,40,1,barbeton daisy,barbeton daisy
1540,40,40,1,barbeton daisy,barbeton daisy
1541,40,11,0,barbeton daisy,colt's foot
1542,40,40,1,barbeton daisy,barbeton daisy
1543,40,40,1,barbeton daisy,barbeton daisy
1544,40,0,0,barbeton daisy,pink primrose
1545,40,49,0,barbeton daisy,common dandelion
1546,40,59,0,barbeton daisy,pink-yellow dahlia?
1547,40,40,1,barbeton daisy,barbeton daisy
1548,40,4,0,barbeton daisy,english marigold
1549,40,40,1,barbeton daisy,barbeton daisy
1550,40,40,1,barbeton daisy,barbeton daisy
1551,40,49,0,barbeton daisy,common dandelion
1552,40,9,0,barbeton daisy,globe thistle
1553,40,40,1,barbeton daisy,barbeton daisy
1554,40,99,0,barbeton daisy,blanket flower
1555,40,99,0,barbeton daisy,blanket flower
1556,40,40,1,barbeton daisy,barbeton daisy
1557,40,40,1,barbeton daisy,barbeton daisy
1558,40,40,1,barbeton daisy,barbeton daisy
1559,40,40,1,barbeton daisy,barbeton daisy
1560,40,4,0,barbeton daisy,english marigold
1561,40,40,1,barbeton daisy,barbeton daisy
1562,40,40,1,barbeton daisy,barbeton daisy
1563,40,40,1,barbeton daisy,barbeton daisy
1564,40,40,1,barbeton daisy,barbeton daisy
1565,40,40,1,barbeton daisy,barbeton daisy
1566,40,40,1,barbeton daisy,barbeton daisy
1567,40,53,0,barbeton daisy,sunflower
1568,40,40,1,barbeton daisy,barbeton daisy
1569,40,40,1,barbeton daisy,barbeton daisy
1570,40,71,0,barbeton daisy,azalea
1571,40,4,0,barbeton daisy,english marigold
1572,40,40,1,barbeton daisy,barbeton daisy
1573,40,40,1,barbeton daisy,barbeton daisy
1574,40,40,1,barbeton daisy,barbeton daisy
1575,40,40,1,barbeton daisy,barbeton daisy
1576,40,99,0,barbeton daisy,blanket flower
1577,40,40,1,barbeton daisy,barbeton daisy
1578,40,40,1,barbeton daisy,barbeton daisy
1579,40,40,1,barbeton daisy,barbeton daisy
1580,40,40,1,barbeton daisy,barbeton daisy
1581,40,40,1,barbeton daisy,barbeton daisy
1582,40,53,0,barbeton daisy,sunflower
1583,40,53,0,barbeton daisy,sunflower
1584,40,40,1,barbeton daisy,barbeton daisy
1585,40,40,1,barbeton daisy,barbeton daisy
1586,40,40,1,barbeton daisy,barbeton daisy
1587,40,40,1,barbeton daisy,barbeton daisy
1588,40,65,0,barbeton daisy,osteospermum
1589,40,40,1,barbeton daisy,barbeton daisy
1590,40,40,1,barbeton daisy,barbeton daisy
1591,40,40,1,barbeton daisy,barbeton daisy
1592,40,99,0,barbeton daisy,blanket flower
1593,40,65,0,barbeton daisy,osteospermum
1594,40,40,1,barbeton daisy,barbeton daisy
1595,40,40,1,barbeton daisy,barbeton daisy
1596,40,53,0,barbeton daisy,sunflower
1597,40,40,1,barbeton daisy,barbeton daisy
1598,40,65,0,barbeton daisy,osteospermum
1599,40,40,1,barbeton daisy,barbeton daisy
1600,40,53,0,barbeton daisy,sunflower
1601,40,65,0,barbeton daisy,osteospermum
1602,40,12,0,barbeton daisy,king protea
1603,40,76,0,barbeton daisy,passion flower
1604,40,40,1,barbeton daisy,barbeton daisy
1605,40,40,1,barbeton daisy,barbeton daisy
1606,40,40,1,barbeton daisy,barbeton daisy
1607,40,65,0,barbeton daisy,osteospermum
1608,40,40,1,barbeton daisy,barbeton daisy
1609,40,72,0,barbeton daisy,water lily
1610,40,40,1,barbeton daisy,barbeton daisy
1611,40,40,1,barbeton daisy,barbeton daisy
1612,40,29,0,barbeton daisy,sweet william
1613,40,40,1,barbeton daisy,barbeton daisy
1614,40,40,1,barbeton daisy,barbeton daisy
1615,40,40,1,barbeton daisy,barbeton daisy
1616,40,40,1,barbeton daisy,barbeton daisy
1617,40,99,0,barbeton daisy,blanket flower
1618,41,41,1,daffodil,daffodil
1619,41,41,1,daffodil,daffodil
1620,41,41,1,daffodil,daffodil
1621,41,15,0,daffodil,globe-flower
1622,41,41,1,daffodil,daffodil
1623,41,15,0,daffodil,globe-flower
1624,41,41,1,daffodil,daffodil
1625,41,41,1,daffodil,daffodil
1626,41,41,1,daffodil,daffodil
1627,41,41,1,daffodil,daffodil
1628,41,42,0,daffodil,sword lily
1629,41,41,1,daffodil,daffodil
1630,41,41,1,daffodil,daffodil
1631,41,41,1,daffodil,daffodil
1632,41,41,1,daffodil,daffodil
1633,41,41,1,daffodil,daffodil
1634,41,89,0,daffodil,canna lily
1635,41,41,1,daffodil,daffodil
1636,41,15,0,daffodil,globe-flower
1637,41,41,1,daffodil,daffodil
1638,41,41,1,daffodil,daffodil
1639,41,41,1,daffodil,daffodil
1640,41,41,1,daffodil,daffodil
1641,41,15,0,daffodil,globe-flower
1642,41,41,1,daffodil,daffodil
1643,41,41,1,daffodil,daffodil
1644,41,41,1,daffodil,daffodil
1645,41,15,0,daffodil,globe-flower
1646,41,41,1,daffodil,daffodil
1647,41,41,1,daffodil,daffodil
1648,41,41,1,daffodil,daffodil
1649,41,41,1,daffodil,daffodil
1650,41,41,1,daffodil,daffodil
1651,41,41,1,daffodil,daffodil
1652,41,41,1,daffodil,daffodil
1653,41,41,1,daffodil,daffodil
1654,41,19,0,daffodil,giant white arum lily
1655,41,41,1,daffodil,daffodil
1656,41,41,1,daffodil,daffodil
1657,42,42,1,sword lily,sword lily
1658,42,38,0,sword lily,siam tulip
1659,42,42,1,sword lily,sword lily
1660,42,84,0,sword lily,desert-rose
1661,42,84,0,sword lily,desert-rose
1662,42,6,0,sword lily,moon orchid
1663,42,10,0,sword lily,snapdragon
1664,42,42,1,sword lily,sword lily
1665,42,6,0,sword lily,moon orchid
1666,42,42,1,sword lily,sword lily
1667,42,42,1,sword lily,sword lily
1668,42,42,1,sword lily,sword lily
1669,42,42,1,sword lily,sword lily
1670,42,95,0,sword lily,camellia
1671,42,73,0,sword lily,rose
1672,42,42,1,sword lily,sword lily
1673,42,96,0,sword lily,mallow
1674,42,3,0,sword lily,sweet pea
1675,42,41,0,sword lily,daffodil
1676,42,42,1,sword lily,sword lily
1677,42,42,1,sword lily,sword lily
1678,42,44,0,sword lily,bolero deep blue
1679,42,42,1,sword lily,sword lily
1680,42,42,1,sword lily,sword lily
1681,42,10,0,sword lily,snapdragon
1682,42,3,0,sword lily,sweet pea
1683,42,3,0,sword lily,sweet pea
1684,42,42,1,sword lily,sword lily
1685,42,79,0,sword lily,anthurium
1686,42,42,1,sword lily,sword lily
1687,42,42,1,sword lily,sword lily
1688,42,31,0,sword lily,garden phlox
1689,42,42,1,sword lily,sword lily
1690,42,27,0,sword lily,stemless gentian
1691,42,3,0,sword lily,sweet pea
1692,42,42,1,sword lily,sword lily
1693,42,42,1,sword lily,sword lily
1694,42,42,1,sword lily,sword lily
1695,42,42,1,sword lily,sword lily
1696,42,42,1,sword lily,sword lily
1697,42,30,0,sword lily,carnation
1698,42,3,0,sword lily,sweet pea
1699,42,88,0,sword lily,watercress
1700,42,71,0,sword lily,azalea
1701,42,42,1,sword lily,sword lily
1702,42,45,0,sword lily,wallflower
1703,42,42,1,sword lily,sword lily
1704,42,88,0,sword lily,watercress
1705,42,50,0,sword lily,petunia
1706,42,43,0,sword lily,poinsettia
1707,42,8,0,sword lily,monkshood
1708,42,29,0,sword lily,sweet william
1709,42,42,1,sword lily,sword lily
1710,42,3,0,sword lily,sweet pea
1711,42,57,0,sword lily,geranium
1712,42,6,0,sword lily,moon orchid
1713,42,57,0,sword lily,geranium
1714,42,44,0,sword lily,bolero deep blue
1715,42,42,1,sword lily,sword lily
1716,42,94,0,sword lily,bougainvillea
1717,42,85,0,sword lily,tree mallow
1718,42,8,0,sword lily,monkshood
1719,42,100,0,sword lily,trumpet creeper
1720,42,38,0,sword lily,siam tulip
1721,42,32,0,sword lily,love in the mist
1722,42,42,1,sword lily,sword lily
1723,42,45,0,sword lily,wallflower
1724,42,42,1,sword lily,sword lily
1725,42,73,0,sword lily,rose
1726,42,84,0,sword lily,desert-rose
1727,42,42,1,sword lily,sword lily
1728,42,38,0,sword lily,siam tulip
1729,42,29,0,sword lily,sweet william
1730,42,29,0,sword lily,sweet william
1731,42,89,0,sword lily,canna lily
1732,42,42,1,sword lily,sword lily
1733,42,6,0,sword lily,moon orchid
1734,42,42,1,sword lily,sword lily
1735,42,90,0,sword lily,hippeastrum
1736,42,42,1,sword lily,sword lily
1737,42,42,1,sword lily,sword lily
1738,42,50,0,sword lily,petunia
1739,42,82,0,sword lily,hibiscus
1740,42,3,0,sword lily,sweet pea
1741,42,42,1,sword lily,sword lily
1742,42,19,0,sword lily,giant white arum lily
1743,42,71,0,sword lily,azalea
1744,42,6,0,sword lily,moon orchid
1745,42,45,0,sword lily,wallflower
1746,42,42,1,sword lily,sword lily
1747,42,45,0,sword lily,wallflower
1748,42,3,0,sword lily,sweet pea
1749,42,94,0,sword lily,bougainvillea
1750,42,31,0,sword lily,garden phlox
1751,42,42,1,sword lily,sword lily
1752,42,6,0,sword lily,moon orchid
1753,42,42,1,sword lily,sword lily
1754,42,12,0,sword lily,king protea
1755,42,94,0,sword lily,bougainvillea
1756,42,38,0,sword lily,siam tulip
1757,42,31,0,sword lily,garden phlox
1758,42,10,0,sword lily,snapdragon
1759,42,42,1,sword lily,sword lily
1760,42,73,0,sword lily,rose
1761,42,100,0,sword lily,trumpet creeper
1762,42,42,1,sword lily,sword lily
1763,42,100,0,sword lily,trumpet creeper
1764,42,3,0,sword lily,sweet pea
1765,42,29,0,sword lily,sweet william
1766,42,42,1,sword lily,sword lily
1767,43,43,1,poinsettia,poinsettia
1768,43,43,1,poinsettia,poinsettia
1769,43,43,1,poinsettia,poinsettia
1770,43,43,1,poinsettia,poinsettia
1771,43,35,0,poinsettia,ruby-lipped cattleya
1772,43,98,0,poinsettia,bromelia
1773,43,43,1,poinsettia,poinsettia
1774,43,43,1,poinsettia,poinsettia
1775,43,42,0,poinsettia,sword lily
1776,43,43,1,poinsettia,poinsettia
1777,43,43,1,poinsettia,poinsettia
1778,43,43,1,poinsettia,poinsettia
1779,43,43,1,poinsettia,poinsettia
1780,43,43,1,poinsettia,poinsettia
1781,43,43,1,poinsettia,poinsettia
1782,43,43,1,poinsettia,poinsettia
1783,43,43,1,poinsettia,poinsettia
1784,43,43,1,poinsettia,poinsettia
1785,43,43,1,poinsettia,poinsettia
1786,43,43,1,poinsettia,poinsettia
1787,43,43,1,poinsettia,poinsettia
1788,43,43,1,poinsettia,poinsettia
1789,43,43,1,poinsettia,poinsettia
1790,43,43,1,poinsettia,poinsettia
1791,43,43,1,poinsettia,poinsettia
1792,43,43,1,poinsettia,poinsettia
1793,43,43,1,poinsettia,poinsettia
1794,43,43,1,poinsettia,poinsettia
1795,43,43,1,poinsettia,poinsettia
1796,43,43,1,poinsettia,poinsettia
1797,43,43,1,poinsettia,poinsettia
1798,43,43,1,poinsettia,poinsettia
1799,43,43,1,poinsettia,poinsettia
1800,43,43,1,poinsettia,poinsettia
1801,43,43,1,poinsettia,poinsettia
1802,43,43,1,poinsettia,poinsettia
1803,43,50,0,poinsettia,petunia
1804,43,86,0,poinsettia,magnolia
1805,43,43,1,poinsettia,poinsettia
1806,43,43,1,poinsettia,poinsettia
1807,43,43,1,poinsettia,poinsettia
1808,43,43,1,poinsettia,poinsettia
1809,43,43,1,poinsettia,poinsettia
1810,43,43,1,poinsettia,poinsettia
1811,43,86,0,poinsettia,magnolia
1812,43,43,1,poinsettia,poinsettia
1813,43,43,1,poinsettia,poinsettia
1814,43,43,1,poinsettia,poinsettia
1815,43,43,1,poinsettia,poinsettia
1816,43,43,1,poinsettia,poinsettia
1817,43,43,1,poinsettia,poinsettia
1818,43,43,1,poinsettia,poinsettia
1819,43,43,1,poinsettia,poinsettia
1820,43,43,1,poinsettia,poinsettia
1821,43,89,0,poinsettia,canna lily
1822,43,43,1,poinsettia,poinsettia
1823,43,43,1,poinsettia,poinsettia
1824,43,43,1,poinsettia,poinsettia
1825,43,98,0,poinsettia,bromelia
1826,43,43,1,poinsettia,poinsettia
1827,43,43,1,poinsettia,poinsettia
1828,43,43,1,poinsettia,poinsettia
1829,43,43,1,poinsettia,poinsettia
1830,43,43,1,poinsettia,poinsettia
1831,43,43,1,poinsettia,poinsettia
1832,43,35,0,poinsettia,ruby-lipped cattleya
1833,43,43,1,poinsettia,poinsettia
1834,43,43,1,poinsettia,poinsettia
1835,43,43,1,poinsettia,poinsettia
1836,43,42,0,poinsettia,sword lily
1837,43,43,1,poinsettia,poinsettia
1838,43,43,1,poinsettia,poinsettia
1839,43,43,1,poinsettia,poinsettia
1840,44,44,1,bolero deep blue,bolero deep blue
1841,44,44,1,bolero deep blue,bolero deep blue
1842,44,44,1,bolero deep blue,bolero deep blue
1843,44,2,0,bolero deep blue,canterbury bells
1844,44,44,1,bolero deep blue,bolero deep blue
1845,44,44,1,bolero deep blue,bolero deep blue
1846,44,44,1,bolero deep blue,bolero deep blue
1847,44,44,1,bolero deep blue,bolero deep blue
1848,44,27,0,bolero deep blue,stemless gentian
1849,44,44,1,bolero deep blue,bolero deep blue
1850,44,44,1,bolero deep blue,bolero deep blue
1851,44,97,0,bolero deep blue,mexican petunia
1852,44,44,1,bolero deep blue,bolero deep blue
1853,44,44,1,bolero deep blue,bolero deep blue
1854,44,44,1,bolero deep blue,bolero deep blue
1855,44,44,1,bolero deep blue,bolero deep blue
1856,44,44,1,bolero deep blue,bolero deep blue
1857,44,44,1,bolero deep blue,bolero deep blue
1858,44,44,1,bolero deep blue,bolero deep blue
1859,44,44,1,bolero deep blue,bolero deep blue
1860,45,45,1,wallflower,wallflower
1861,45,45,1,wallflower,wallflower
1862,45,88,0,wallflower,watercress
1863,45,14,0,wallflower,yellow iris
1864,45,45,1,wallflower,wallflower
1865,45,45,1,wallflower,wallflower
1866,45,14,0,wallflower,yellow iris
1867,45,100,0,wallflower,trumpet creeper
1868,45,45,1,wallflower,wallflower
1869,45,45,1,wallflower,wallflower
1870,45,45,1,wallflower,wallflower
1871,45,100,0,wallflower,trumpet creeper
1872,45,45,1,wallflower,wallflower
1873,45,45,1,wallflower,wallflower
1874,45,45,1,wallflower,wallflower
1875,45,80,0,wallflower,frangipani
1876,45,45,1,wallflower,wallflower
1877,45,45,1,wallflower,wallflower
1878,45,45,1,wallflower,wallflower
1879,45,45,1,wallflower,wallflower
1880,45,45,1,wallflower,wallflower
1881,45,45,1,wallflower,wallflower
1882,45,45,1,wallflower,wallflower
1883,45,15,0,wallflower,globe-flower
1884,45,88,0,wallflower,watercress
1885,45,45,1,wallflower,wallflower
1886,45,45,1,wallflower,wallflower
1887,45,45,1,wallflower,wallflower
1888,45,88,0,wallflower,watercress
1889,45,45,1,wallflower,wallflower
1890,45,45,1,wallflower,wallflower
1891,45,45,1,wallflower,wallflower
1892,45,88,0,wallflower,watercress
1893,45,45,1,wallflower,wallflower
1894,45,64,0,wallflower,californian poppy
1895,45,84,0,wallflower,desert-rose
1896,45,100,0,wallflower,trumpet creeper
1897,45,45,1,wallflower,wallflower
1898,45,45,1,wallflower,wallflower
1899,45,45,1,wallflower,wallflower
1900,45,45,1,wallflower,wallflower
1901,45,45,1,wallflower,wallflower
1902,45,45,1,wallflower,wallflower
1903,45,45,1,wallflower,wallflower
1904,45,45,1,wallflower,wallflower
1905,45,45,1,wallflower,wallflower
1906,45,45,1,wallflower,wallflower
1907,45,45,1,wallflower,wallflower
1908,45,45,1,wallflower,wallflower
1909,45,45,1,wallflower,wallflower
1910,45,45,1,wallflower,wallflower
1911,45,45,1,wallflower,wallflower
1912,45,100,0,wallflower,trumpet creeper
1913,45,45,1,wallflower,wallflower
1914,45,45,1,wallflower,wallflower
1915,45,45,1,wallflower,wallflower
1916,45,45,1,wallflower,wallflower
1917,45,45,1,wallflower,wallflower
1918,45,45,1,wallflower,wallflower
1919,45,45,1,wallflower,wallflower
1920,45,45,1,wallflower,wallflower
1921,45,84,0,wallflower,desert-rose
1922,45,45,1,wallflower,wallflower
1923,45,45,1,wallflower,wallflower
1924,45,45,1,wallflower,wallflower
1925,45,100,0,wallflower,trumpet creeper
1926,45,45,1,wallflower,wallflower
1927,45,45,1,wallflower,wallflower
1928,45,45,1,wallflower,wallflower
1929,45,45,1,wallflower,wallflower
1930,45,45,1,wallflower,wallflower
1931,45,45,1,wallflower,wallflower
1932,45,45,1,wallflower,wallflower
1933,45,45,1,wallflower,wallflower
1934,45,45,1,wallflower,wallflower
1935,45,45,1,wallflower,wallflower
1936,45,45,1,wallflower,wallflower
1937,45,45,1,wallflower,wallflower
1938,45,82,0,wallflower,hibiscus
1939,45,45,1,wallflower,wallflower
1940,45,45,1,wallflower,wallflower
1941,45,45,1,wallflower,wallflower
1942,45,57,0,wallflower,geranium
1943,45,45,1,wallflower,wallflower
1944,45,45,1,wallflower,wallflower
1945,45,45,1,wallflower,wallflower
1946,45,45,1,wallflower,wallflower
1947,45,45,1,wallflower,wallflower
1948,45,45,1,wallflower,wallflower
1949,45,100,0,wallflower,trumpet creeper
1950,45,45,1,wallflower,wallflower
1951,45,45,1,wallflower,wallflower
1952,45,45,1,wallflower,wallflower
1953,45,45,1,wallflower,wallflower
1954,45,45,1,wallflower,wallflower
1955,45,45,1,wallflower,wallflower
1956,45,45,1,wallflower,wallflower
1957,45,45,1,wallflower,wallflower
1958,45,100,0,wallflower,trumpet creeper
1959,45,45,1,wallflower,wallflower
1960,45,45,1,wallflower,wallflower
1961,45,45,1,wallflower,wallflower
1962,45,45,1,wallflower,wallflower
1963,45,45,1,wallflower,wallflower
1964,45,45,1,wallflower,wallflower
1965,45,45,1,wallflower,wallflower
1966,45,45,1,wallflower,wallflower
1967,45,45,1,wallflower,wallflower
1968,45,45,1,wallflower,wallflower
1969,45,4,0,wallflower,english marigold
1970,45,45,1,wallflower,wallflower
1971,45,45,1,wallflower,wallflower
1972,45,45,1,wallflower,wallflower
1973,45,45,1,wallflower,wallflower
1974,45,45,1,wallflower,wallflower
1975,45,45,1,wallflower,wallflower
1976,45,45,1,wallflower,wallflower
1977,45,45,1,wallflower,wallflower
1978,45,45,1,wallflower,wallflower
1979,45,45,1,wallflower,wallflower
1980,45,45,1,wallflower,wallflower
1981,45,45,1,wallflower,wallflower
1982,45,45,1,wallflower,wallflower
1983,45,100,0,wallflower,trumpet creeper
1984,45,88,0,wallflower,watercress
1985,45,64,0,wallflower,californian poppy
1986,45,45,1,wallflower,wallflower
1987,45,45,1,wallflower,wallflower
1988,45,45,1,wallflower,wallflower
1989,45,94,0,wallflower,bougainvillea
1990,45,45,1,wallflower,wallflower
1991,45,45,1,wallflower,wallflower
1992,45,45,1,wallflower,wallflower
1993,45,45,1,wallflower,wallflower
1994,45,45,1,wallflower,wallflower
1995,45,45,1,wallflower,wallflower
1996,45,45,1,wallflower,wallflower
1997,45,45,1,wallflower,wallflower
1998,45,45,1,wallflower,wallflower
1999,45,45,1,wallflower,wallflower
2000,45,45,1,wallflower,wallflower
2001,45,45,1,wallflower,wallflower
2002,45,45,1,wallflower,wallflower
2003,45,45,1,wallflower,wallflower
2004,45,45,1,wallflower,wallflower
2005,45,45,1,wallflower,wallflower
2006,45,45,1,wallflower,wallflower
2007,45,45,1,wallflower,wallflower
2008,45,45,1,wallflower,wallflower
2009,45,88,0,wallflower,watercress
2010,45,45,1,wallflower,wallflower
2011,45,45,1,wallflower,wallflower
2012,45,45,1,wallflower,wallflower
2013,45,45,1,wallflower,wallflower
2014,45,45,1,wallflower,wallflower
2015,45,45,1,wallflower,wallflower
2016,45,45,1,wallflower,wallflower
2017,45,45,1,wallflower,wallflower
2018,45,45,1,wallflower,wallflower
2019,45,45,1,wallflower,wallflower
2020,45,45,1,wallflower,wallflower
2021,45,45,1,wallflower,wallflower
2022,45,45,1,wallflower,wallflower
2023,45,45,1,wallflower,wallflower
2024,45,45,1,wallflower,wallflower
2025,45,45,1,wallflower,wallflower
2026,45,45,1,wallflower,wallflower
2027,45,64,0,wallflower,californian poppy
2028,45,45,1,wallflower,wallflower
2029,45,45,1,wallflower,wallflower
2030,45,45,1,wallflower,wallflower
2031,45,45,1,wallflower,wallflower
2032,45,89,0,wallflower,canna lily
2033,45,45,1,wallflower,wallflower
2034,45,45,1,wallflower,wallflower
2035,45,45,1,wallflower,wallflower
2036,46,46,1,marigold,marigold
2037,46,46,1,marigold,marigold
2038,46,46,1,marigold,marigold
2039,46,46,1,marigold,marigold
2040,46,46,1,marigold,marigold
2041,46,46,1,marigold,marigold
2042,46,46,1,marigold,marigold
2043,46,46,1,marigold,marigold
2044,46,46,1,marigold,marigold
2045,46,46,1,marigold,marigold
2046,46,46,1,marigold,marigold
2047,46,26,0,marigold,prince of wales feathers
2048,46,46,1,marigold,marigold
2049,46,46,1,marigold,marigold
2050,46,46,1,marigold,marigold
2051,46,46,1,marigold,marigold
2052,46,46,1,marigold,marigold
2053,46,46,1,marigold,marigold
2054,46,46,1,marigold,marigold
2055,46,46,1,marigold,marigold
2056,46,46,1,marigold,marigold
2057,46,46,1,marigold,marigold
2058,46,46,1,marigold,marigold
2059,46,46,1,marigold,marigold
2060,46,46,1,marigold,marigold
2061,46,46,1,marigold,marigold
2062,46,46,1,marigold,marigold
2063,46,46,1,marigold,marigold
2064,46,46,1,marigold,marigold
2065,46,46,1,marigold,marigold
2066,46,46,1,marigold,marigold
2067,46,46,1,marigold,marigold
2068,46,46,1,marigold,marigold
2069,46,46,1,marigold,marigold
2070,46,46,1,marigold,marigold
2071,46,46,1,marigold,marigold
2072,46,46,1,marigold,marigold
2073,46,46,1,marigold,marigold
2074,46,46,1,marigold,marigold
2075,46,46,1,marigold,marigold
2076,46,46,1,marigold,marigold
2077,46,46,1,marigold,marigold
2078,46,46,1,marigold,marigold
2079,46,46,1,marigold,marigold
2080,46,46,1,marigold,marigold
2081,46,46,1,marigold,marigold
2082,46,46,1,marigold,marigold
2083,47,47,1,buttercup,buttercup
2084,47,47,1,buttercup,buttercup
2085,47,47,1,buttercup,buttercup
2086,47,47,1,buttercup,buttercup
2087,47,47,1,buttercup,buttercup
2088,47,47,1,buttercup,buttercup
2089,47,47,1,buttercup,buttercup
2090,47,47,1,buttercup,buttercup
2091,47,47,1,buttercup,buttercup
2092,47,96,0,buttercup,mallow
2093,47,47,1,buttercup,buttercup
2094,47,47,1,buttercup,buttercup
2095,47,47,1,buttercup,buttercup
2096,47,47,1,buttercup,buttercup
2097,47,45,0,buttercup,wallflower
2098,47,47,1,buttercup,buttercup
2099,47,47,1,buttercup,buttercup
2100,47,47,1,buttercup,buttercup
2101,47,47,1,buttercup,buttercup
2102,47,47,1,buttercup,buttercup
2103,47,47,1,buttercup,buttercup
2104,47,47,1,buttercup,buttercup
2105,47,26,0,buttercup,prince of wales feathers
2106,47,15,0,buttercup,globe-flower
2107,47,47,1,buttercup,buttercup
2108,47,47,1,buttercup,buttercup
2109,47,47,1,buttercup,buttercup
2110,47,47,1,buttercup,buttercup
2111,47,47,1,buttercup,buttercup
2112,47,47,1,buttercup,buttercup
2113,47,47,1,buttercup,buttercup
2114,47,47,1,buttercup,buttercup
2115,47,47,1,buttercup,buttercup
2116,47,47,1,buttercup,buttercup
2117,47,47,1,buttercup,buttercup
2118,47,47,1,buttercup,buttercup
2119,47,47,1,buttercup,buttercup
2120,47,47,1,buttercup,buttercup
2121,47,47,1,buttercup,buttercup
2122,47,46,0,buttercup,marigold
2123,47,47,1,buttercup,buttercup
2124,47,47,1,buttercup,buttercup
2125,47,47,1,buttercup,buttercup
2126,47,47,1,buttercup,buttercup
2127,47,64,0,buttercup,californian poppy
2128,47,47,1,buttercup,buttercup
2129,47,47,1,buttercup,buttercup
2130,47,64,0,buttercup,californian poppy
2131,47,47,1,buttercup,buttercup
2132,47,47,1,buttercup,buttercup
2133,47,47,1,buttercup,buttercup
2134,48,48,1,oxeye daisy,oxeye daisy
2135,48,48,1,oxeye daisy,oxeye daisy
2136,48,48,1,oxeye daisy,oxeye daisy
2137,48,48,1,oxeye daisy,oxeye daisy
2138,48,48,1,oxeye daisy,oxeye daisy
2139,48,48,1,oxeye daisy,oxeye daisy
2140,48,48,1,oxeye daisy,oxeye daisy
2141,48,48,1,oxeye daisy,oxeye daisy
2142,48,48,1,oxeye daisy,oxeye daisy
2143,48,48,1,oxeye daisy,oxeye daisy
2144,48,48,1,oxeye daisy,oxeye daisy
2145,48,48,1,oxeye daisy,oxeye daisy
2146,48,48,1,oxeye daisy,oxeye daisy
2147,48,48,1,oxeye daisy,oxeye daisy
2148,48,48,1,oxeye daisy,oxeye daisy
2149,48,48,1,oxeye daisy,oxeye daisy
2150,48,48,1,oxeye daisy,oxeye daisy
2151,48,48,1,oxeye daisy,oxeye daisy
2152,48,48,1,oxeye daisy,oxeye daisy
2153,48,48,1,oxeye daisy,oxeye daisy
2154,48,48,1,oxeye daisy,oxeye daisy
2155,48,48,1,oxeye daisy,oxeye daisy
2156,48,48,1,oxeye daisy,oxeye daisy
2157,48,48,1,oxeye daisy,oxeye daisy
2158,48,48,1,oxeye daisy,oxeye daisy
2159,48,48,1,oxeye daisy,oxeye daisy
2160,48,48,1,oxeye daisy,oxeye daisy
2161,48,48,1,oxeye daisy,oxeye daisy
2162,48,48,1,oxeye daisy,oxeye daisy
2163,49,11,0,common dandelion,colt's foot
2164,49,49,1,common dandelion,common dandelion
2165,49,49,1,common dandelion,common dandelion
2166,49,49,1,common dandelion,common dandelion
2167,49,49,1,common dandelion,common dandelion
2168,49,49,1,common dandelion,common dandelion
2169,49,49,1,common dandelion,common dandelion
2170,49,49,1,common dandelion,common dandelion
2171,49,49,1,common dandelion,common dandelion
2172,49,49,1,common dandelion,common dandelion
2173,49,49,1,common dandelion,common dandelion
2174,49,49,1,common dandelion,common dandelion
2175,49,49,1,common dandelion,common dandelion
2176,49,49,1,common dandelion,common dandelion
2177,49,49,1,common dandelion,common dandelion
2178,49,49,1,common dandelion,common dandelion
2179,49,49,1,common dandelion,common dandelion
2180,49,49,1,common dandelion,common dandelion
2181,49,49,1,common dandelion,common dandelion
2182,49,49,1,common dandelion,common dandelion
2183,49,49,1,common dandelion,common dandelion
2184,49,49,1,common dandelion,common dandelion
2185,49,49,1,common dandelion,common dandelion
2186,49,49,1,common dandelion,common dandelion
2187,49,49,1,common dandelion,common dandelion
2188,49,49,1,common dandelion,common dandelion
2189,49,49,1,common dandelion,common dandelion
2190,49,49,1,common dandelion,common dandelion
2191,49,11,0,common dandelion,colt's foot
2192,49,49,1,common dandelion,common dandelion
2193,49,49,1,common dandelion,common dandelion
2194,49,49,1,common dandelion,common dandelion
2195,49,49,1,common dandelion,common dandelion
2196,49,49,1,common dandelion,common dandelion
2197,49,49,1,common dandelion,common dandelion
2198,49,49,1,common dandelion,common dandelion
2199,49,49,1,common dandelion,common dandelion
2200,49,30,0,common dandelion,carnation
2201,49,49,1,common dandelion,common dandelion
2202,49,49,1,common dandelion,common dandelion
2203,49,49,1,common dandelion,common dandelion
2204,49,49,1,common dandelion,common dandelion
2205,49,9,0,common dandelion,globe thistle
2206,49,9,0,common dandelion,globe thistle
2207,49,49,1,common dandelion,common dandelion
2208,49,49,1,common dandelion,common dandelion
2209,49,49,1,common dandelion,common dandelion
2210,49,49,1,common dandelion,common dandelion
2211,49,49,1,common dandelion,common dandelion
2212,49,49,1,common dandelion,common dandelion
2213,49,49,1,common dandelion,common dandelion
2214,49,49,1,common dandelion,common dandelion
2215,49,49,1,common dandelion,common dandelion
2216,49,49,1,common dandelion,common dandelion
2217,49,49,1,common dandelion,common dandelion
2218,49,49,1,common dandelion,common dandelion
2219,49,49,1,common dandelion,common dandelion
2220,49,49,1,common dandelion,common dandelion
2221,49,49,1,common dandelion,common dandelion
2222,49,49,1,common dandelion,common dandelion
2223,49,49,1,common dandelion,common dandelion
2224,49,49,1,common dandelion,common dandelion
2225,49,49,1,common dandelion,common dandelion
2226,49,49,1,common dandelion,common dandelion
2227,49,49,1,common dandelion,common dandelion
2228,49,49,1,common dandelion,common dandelion
2229,49,49,1,common dandelion,common dandelion
2230,49,49,1,common dandelion,common dandelion
2231,49,49,1,common dandelion,common dandelion
2232,49,49,1,common dandelion,common dandelion
2233,49,49,1,common dandelion,common dandelion
2234,49,49,1,common dandelion,common dandelion
2235,50,80,0,petunia,frangipani
2236,50,50,1,petunia,petunia
2237,50,10,0,petunia,snapdragon
2238,50,50,1,petunia,petunia
2239,50,50,1,petunia,petunia
2240,50,50,1,petunia,petunia
2241,50,50,1,petunia,petunia
2242,50,50,1,petunia,petunia
2243,50,50,1,petunia,petunia
2244,50,0,0,petunia,pink primrose
2245,50,0,0,petunia,pink primrose
2246,50,100,0,petunia,trumpet creeper
2247,50,86,0,petunia,magnolia
2248,50,82,0,petunia,hibiscus
2249,50,85,0,petunia,tree mallow
2250,50,71,0,petunia,azalea
2251,50,29,0,petunia,sweet william
2252,50,79,0,petunia,anthurium
2253,50,0,0,petunia,pink primrose
2254,50,25,0,petunia,corn poppy
2255,50,50,1,petunia,petunia
2256,50,50,1,petunia,petunia
2257,50,0,0,petunia,pink primrose
2258,50,82,0,petunia,hibiscus
2259,50,31,0,petunia,garden phlox
2260,50,6,0,petunia,moon orchid
2261,50,97,0,petunia,mexican petunia
2262,50,75,0,petunia,morning glory
2263,50,38,0,petunia,siam tulip
2264,50,94,0,petunia,bougainvillea
2265,50,50,1,petunia,petunia
2266,50,3,0,petunia,sweet pea
2267,50,50,1,petunia,petunia
2268,50,50,1,petunia,petunia
2269,50,50,1,petunia,petunia
2270,50,50,1,petunia,petunia
2271,50,29,0,petunia,sweet william
2272,50,86,0,petunia,magnolia
2273,50,0,0,petunia,pink primrose
2274,50,31,0,petunia,garden phlox
2275,50,50,1,petunia,petunia
2276,50,50,1,petunia,petunia
2277,50,50,1,petunia,petunia
2278,50,39,0,petunia,lenten rose
2279,50,50,1,petunia,petunia
2280,50,50,1,petunia,petunia
2281,50,0,0,petunia,pink primrose
2282,50,10,0,petunia,snapdragon
2283,50,50,1,petunia,petunia
2284,50,82,0,petunia,hibiscus
2285,50,31,0,petunia,garden phlox
2286,50,50,1,petunia,petunia
2287,50,85,0,petunia,tree mallow
2288,50,85,0,petunia,tree mallow
2289,50,50,1,petunia,petunia
2290,50,100,0,petunia,trumpet creeper
2291,50,50,1,petunia,petunia
2292,50,76,0,petunia,passion flower
2293,50,50,1,petunia,petunia
2294,50,2,0,petunia,canterbury bells
2295,50,0,0,petunia,pink primrose
2296,50,31,0,petunia,garden phlox
2297,50,82,0,petunia,hibiscus
2298,50,0,0,petunia,pink primrose
2299,50,97,0,petunia,mexican petunia
2300,50,94,0,petunia,bougainvillea
2301,50,50,1,petunia,petunia
2302,50,62,0,petunia,black-eyed susan
2303,50,50,1,petunia,petunia
2304,50,3,0,petunia,sweet pea
2305,50,97,0,petunia,mexican petunia
2306,50,50,1,petunia,petunia
2307,50,31,0,petunia,garden phlox
2308,50,10,0,petunia,snapdragon
2309,50,97,0,petunia,mexican petunia
2310,50,82,0,petunia,hibiscus
2311,50,50,1,petunia,petunia
2312,50,50,1,petunia,petunia
2313,50,0,0,petunia,pink primrose
2314,50,85,0,petunia,tree mallow
2315,50,2,0,petunia,canterbury bells
2316,50,82,0,petunia,hibiscus
2317,50,50,1,petunia,petunia
2318,50,97,0,petunia,mexican petunia
2319,50,66,0,petunia,spring crocus
2320,50,50,1,petunia,petunia
2321,50,0,0,petunia,pink primrose
2322,50,0,0,petunia,pink primrose
2323,50,75,0,petunia,morning glory
2324,50,50,1,petunia,petunia
2325,50,79,0,petunia,anthurium
2326,50,82,0,petunia,hibiscus
2327,50,31,0,petunia,garden phlox
2328,50,50,1,petunia,petunia
2329,50,50,1,petunia,petunia
2330,50,0,0,petunia,pink primrose
2331,50,50,1,petunia,petunia
2332,50,50,1,petunia,petunia
2333,50,0,0,petunia,pink primrose
2334,50,50,1,petunia,petunia
2335,50,97,0,petunia,mexican petunia
2336,50,50,1,petunia,petunia
2337,50,50,1,petunia,petunia
2338,50,50,1,petunia,petunia
2339,50,99,0,petunia,blanket flower
2340,50,82,0,petunia,hibiscus
2341,50,0,0,petunia,pink primrose
2342,50,50,1,petunia,petunia
2343,50,64,0,petunia,californian poppy
2344,50,50,1,petunia,petunia
2345,50,50,1,petunia,petunia
2346,50,0,0,petunia,pink primrose
2347,50,0,0,petunia,pink primrose
2348,50,50,1,petunia,petunia
2349,50,82,0,petunia,hibiscus
2350,50,50,1,petunia,petunia
2351,50,97,0,petunia,mexican petunia
2352,50,85,0,petunia,tree mallow
2353,50,50,1,petunia,petunia
2354,50,100,0,petunia,trumpet creeper
2355,50,79,0,petunia,anthurium
2356,50,100,0,petunia,trumpet creeper
2357,50,85,0,petunia,tree mallow
2358,50,38,0,petunia,siam tulip
2359,50,50,1,petunia,petunia
2360,50,50,1,petunia,petunia
2361,50,50,1,petunia,petunia
2362,50,0,0,petunia,pink primrose
2363,50,50,1,petunia,petunia
2364,50,50,1,petunia,petunia
2365,50,50,1,petunia,petunia
2366,50,50,1,petunia,petunia
2367,50,85,0,petunia,tree mallow
2368,50,71,0,petunia,azalea
2369,50,50,1,petunia,petunia
2370,50,74,0,petunia,thorn apple
2371,50,50,1,petunia,petunia
2372,50,50,1,petunia,petunia
2373,50,44,0,petunia,bolero deep blue
2374,50,0,0,petunia,pink primrose
2375,50,100,0,petunia,trumpet creeper
2376,50,31,0,petunia,garden phlox
2377,50,0,0,petunia,pink primrose
2378,50,50,1,petunia,petunia
2379,50,50,1,petunia,petunia
2380,50,50,1,petunia,petunia
2381,50,10,0,petunia,snapdragon
2382,50,50,1,petunia,petunia
2383,50,50,1,petunia,petunia
2384,50,50,1,petunia,petunia
2385,50,97,0,petunia,mexican petunia
2386,50,29,0,petunia,sweet william
2387,50,10,0,petunia,snapdragon
2388,50,29,0,petunia,sweet william
2389,50,79,0,petunia,anthurium
2390,50,79,0,petunia,anthurium
2391,50,50,1,petunia,petunia
2392,50,97,0,petunia,mexican petunia
2393,50,82,0,petunia,hibiscus
2394,50,50,1,petunia,petunia
2395,50,50,1,petunia,petunia
2396,50,0,0,petunia,pink primrose
2397,50,25,0,petunia,corn poppy
2398,50,50,1,petunia,petunia
2399,50,50,1,petunia,petunia
2400,50,76,0,petunia,passion flower
2401,50,19,0,petunia,giant white arum lily
2402,50,31,0,petunia,garden phlox
2403,50,10,0,petunia,snapdragon
2404,50,82,0,petunia,hibiscus
2405,50,31,0,petunia,garden phlox
2406,50,50,1,petunia,petunia
2407,50,82,0,petunia,hibiscus
2408,50,82,0,petunia,hibiscus
2409,50,80,0,petunia,frangipani
2410,50,38,0,petunia,siam tulip
2411,50,50,1,petunia,petunia
2412,50,82,0,petunia,hibiscus
2413,50,50,1,petunia,petunia
2414,50,97,0,petunia,mexican petunia
2415,50,85,0,petunia,tree mallow
2416,50,97,0,petunia,mexican petunia
2417,50,50,1,petunia,petunia
2418,50,50,1,petunia,petunia
2419,50,50,1,petunia,petunia
2420,50,82,0,petunia,hibiscus
2421,50,50,1,petunia,petunia
2422,50,50,1,petunia,petunia
2423,50,50,1,petunia,petunia
2424,50,50,1,petunia,petunia
2425,50,65,0,petunia,osteospermum
2426,50,50,1,petunia,petunia
2427,50,31,0,petunia,garden phlox
2428,50,85,0,petunia,tree mallow
2429,50,50,1,petunia,petunia
2430,50,43,0,petunia,poinsettia
2431,50,97,0,petunia,mexican petunia
2432,50,82,0,petunia,hibiscus
2433,50,97,0,petunia,mexican petunia
2434,50,23,0,petunia,red ginger
2435,50,31,0,petunia,garden phlox
2436,50,0,0,petunia,pink primrose
2437,50,82,0,petunia,hibiscus
2438,50,50,1,petunia,petunia
2439,50,50,1,petunia,petunia
2440,50,0,0,petunia,pink primrose
2441,50,85,0,petunia,tree mallow
2442,50,97,0,petunia,mexican petunia
2443,50,0,0,petunia,pink primrose
2444,50,97,0,petunia,mexican petunia
2445,50,6,0,petunia,moon orchid
2446,50,0,0,petunia,pink primrose
2447,50,31,0,petunia,garden phlox
2448,50,82,0,petunia,hibiscus
2449,50,50,1,petunia,petunia
2450,50,50,1,petunia,petunia
2451,50,0,0,petunia,pink primrose
2452,50,0,0,petunia,pink primrose
2453,50,50,1,petunia,petunia
2454,50,50,1,petunia,petunia
2455,50,31,0,petunia,garden phlox
2456,50,0,0,petunia,pink primrose
2457,50,0,0,petunia,pink primrose
2458,50,85,0,petunia,tree mallow
2459,50,29,0,petunia,sweet william
2460,50,85,0,petunia,tree mallow
2461,50,50,1,petunia,petunia
2462,50,50,1,petunia,petunia
2463,50,3,0,petunia,sweet pea
2464,50,100,0,petunia,trumpet creeper
2465,50,50,1,petunia,petunia
2466,50,79,0,petunia,anthurium
2467,50,50,1,petunia,petunia
2468,50,82,0,petunia,hibiscus
2469,50,0,0,petunia,pink primrose
2470,50,50,1,petunia,petunia
2471,50,50,1,petunia,petunia
2472,50,31,0,petunia,garden phlox
2473,51,51,1,wild pansy,wild pansy
2474,51,51,1,wild pansy,wild pansy
2475,51,51,1,wild pansy,wild pansy
2476,51,51,1,wild pansy,wild pansy
2477,51,51,1,wild pansy,wild pansy
2478,51,51,1,wild pansy,wild pansy
2479,51,51,1,wild pansy,wild pansy
2480,51,51,1,wild pansy,wild pansy
2481,51,51,1,wild pansy,wild pansy
2482,51,51,1,wild pansy,wild pansy
2483,51,51,1,wild pansy,wild pansy
2484,51,51,1,wild pansy,wild pansy
2485,51,51,1,wild pansy,wild pansy
2486,51,51,1,wild pansy,wild pansy
2487,51,51,1,wild pansy,wild pansy
2488,51,51,1,wild pansy,wild pansy
2489,51,51,1,wild pansy,wild pansy
2490,51,51,1,wild pansy,wild pansy
2491,51,51,1,wild pansy,wild pansy
2492,51,51,1,wild pansy,wild pansy
2493,51,51,1,wild pansy,wild pansy
2494,51,51,1,wild pansy,wild pansy
2495,51,51,1,wild pansy,wild pansy
2496,51,51,1,wild pansy,wild pansy
2497,51,51,1,wild pansy,wild pansy
2498,51,51,1,wild pansy,wild pansy
2499,51,51,1,wild pansy,wild pansy
2500,51,51,1,wild pansy,wild pansy
2501,51,51,1,wild pansy,wild pansy
2502,51,51,1,wild pansy,wild pansy
2503,51,51,1,wild pansy,wild pansy
2504,51,51,1,wild pansy,wild pansy
2505,51,51,1,wild pansy,wild pansy
2506,51,51,1,wild pansy,wild pansy
2507,51,51,1,wild pansy,wild pansy
2508,51,51,1,wild pansy,wild pansy
2509,51,51,1,wild pansy,wild pansy
2510,51,51,1,wild pansy,wild pansy
2511,51,51,1,wild pansy,wild pansy
2512,51,51,1,wild pansy,wild pansy
2513,51,51,1,wild pansy,wild pansy
2514,51,51,1,wild pansy,wild pansy
2515,51,51,1,wild pansy,wild pansy
2516,51,51,1,wild pansy,wild pansy
2517,51,51,1,wild pansy,wild pansy
2518,51,51,1,wild pansy,wild pansy
2519,51,35,0,wild pansy,ruby-lipped cattleya
2520,51,51,1,wild pansy,wild pansy
2521,51,51,1,wild pansy,wild pansy
2522,51,51,1,wild pansy,wild pansy
2523,51,51,1,wild pansy,wild pansy
2524,51,51,1,wild pansy,wild pansy
2525,51,35,0,wild pansy,ruby-lipped cattleya
2526,51,51,1,wild pansy,wild pansy
2527,51,51,1,wild pansy,wild pansy
2528,51,51,1,wild pansy,wild pansy
2529,51,51,1,wild pansy,wild pansy
2530,51,61,0,wild pansy,japanese anemone
2531,51,51,1,wild pansy,wild pansy
2532,51,81,0,wild pansy,clematis
2533,51,50,0,wild pansy,petunia
2534,51,51,1,wild pansy,wild pansy
2535,51,80,0,wild pansy,frangipani
2536,51,96,0,wild pansy,mallow
2537,51,51,1,wild pansy,wild pansy
2538,52,57,0,primula,geranium
2539,52,57,0,primula,geranium
2540,52,57,0,primula,geranium
2541,52,45,0,primula,wallflower
2542,52,52,1,primula,primula
2543,52,45,0,primula,wallflower
2544,52,52,1,primula,primula
2545,52,26,0,primula,prince of wales feathers
2546,52,57,0,primula,geranium
2547,52,52,1,primula,primula
2548,52,45,0,primula,wallflower
2549,52,45,0,primula,wallflower
2550,52,52,1,primula,primula
2551,52,57,0,primula,geranium
2552,52,52,1,primula,primula
2553,52,26,0,primula,prince of wales feathers
2554,52,57,0,primula,geranium
2555,52,57,0,primula,geranium
2556,52,52,1,primula,primula
2557,52,52,1,primula,primula
2558,52,52,1,primula,primula
2559,52,88,0,primula,watercress
2560,52,52,1,primula,primula
2561,52,0,0,primula,pink primrose
2562,52,52,1,primula,primula
2563,52,4,0,primula,english marigold
2564,52,4,0,primula,english marigold
2565,52,84,0,primula,desert-rose
2566,52,10,0,primula,snapdragon
2567,52,84,0,primula,desert-rose
2568,52,10,0,primula,snapdragon
2569,52,57,0,primula,geranium
2570,52,52,1,primula,primula
2571,52,52,1,primula,primula
2572,52,52,1,primula,primula
2573,52,52,1,primula,primula
2574,52,52,1,primula,primula
2575,52,6,0,primula,moon orchid
2576,52,52,1,primula,primula
2577,52,82,0,primula,hibiscus
2578,52,52,1,primula,primula
2579,52,52,1,primula,primula
2580,52,31,0,primula,garden phlox
2581,52,85,0,primula,tree mallow
2582,52,88,0,primula,watercress
2583,52,46,0,primula,marigold
2584,52,52,1,primula,primula
2585,52,15,0,primula,globe-flower
2586,52,52,1,primula,primula
2587,52,100,0,primula,trumpet creeper
2588,52,52,1,primula,primula
2589,52,88,0,primula,watercress
2590,52,52,1,primula,primula
2591,52,80,0,primula,frangipani
2592,52,88,0,primula,watercress
2593,52,41,0,primula,daffodil
2594,52,52,1,primula,primula
2595,52,50,0,primula,petunia
2596,52,52,1,primula,primula
2597,52,57,0,primula,geranium
2598,52,52,1,primula,primula
2599,52,52,1,primula,primula
2600,52,52,1,primula,primula
2601,52,52,1,primula,primula
2602,52,0,0,primula,pink primrose
2603,52,52,1,primula,primula
2604,52,52,1,primula,primula
2605,52,52,1,primula,primula
2606,52,52,1,primula,primula
2607,52,52,1,primula,primula
2608,52,52,1,primula,primula
2609,52,15,0,primula,globe-flower
2610,52,52,1,primula,primula
2611,53,53,1,sunflower,sunflower
2612,53,53,1,sunflower,sunflower
2613,53,53,1,sunflower,sunflower
2614,53,53,1,sunflower,sunflower
2615,53,14,0,sunflower,yellow iris
2616,53,53,1,sunflower,sunflower
2617,53,53,1,sunflower,sunflower
2618,53,53,1,sunflower,sunflower
2619,53,53,1,sunflower,sunflower
2620,53,53,1,sunflower,sunflower
2621,53,53,1,sunflower,sunflower
2622,53,53,1,sunflower,sunflower
2623,53,53,1,sunflower,sunflower
2624,53,53,1,sunflower,sunflower
2625,53,53,1,sunflower,sunflower
2626,53,53,1,sunflower,sunflower
2627,53,53,1,sunflower,sunflower
2628,53,53,1,sunflower,sunflower
2629,53,53,1,sunflower,sunflower
2630,53,53,1,sunflower,sunflower
2631,53,53,1,sunflower,sunflower
2632,53,53,1,sunflower,sunflower
2633,53,53,1,sunflower,sunflower
2634,53,53,1,sunflower,sunflower
2635,53,53,1,sunflower,sunflower
2636,53,53,1,sunflower,sunflower
2637,53,53,1,sunflower,sunflower
2638,53,53,1,sunflower,sunflower
2639,53,53,1,sunflower,sunflower
2640,53,53,1,sunflower,sunflower
2641,53,53,1,sunflower,sunflower
2642,53,53,1,sunflower,sunflower
2643,53,53,1,sunflower,sunflower
2644,53,53,1,sunflower,sunflower
2645,53,53,1,sunflower,sunflower
2646,53,53,1,sunflower,sunflower
2647,53,53,1,sunflower,sunflower
2648,53,53,1,sunflower,sunflower
2649,53,53,1,sunflower,sunflower
2650,53,53,1,sunflower,sunflower
2651,53,53,1,sunflower,sunflower
2652,54,54,1,pelargonium,pelargonium
2653,54,54,1,pelargonium,pelargonium
2654,54,54,1,pelargonium,pelargonium
2655,54,2,0,pelargonium,canterbury bells
2656,54,2,0,pelargonium,canterbury bells
2657,54,32,0,pelargonium,love in the mist
2658,54,63,0,pelargonium,silverbush
2659,54,54,1,pelargonium,pelargonium
2660,54,54,1,pelargonium,pelargonium
2661,54,54,1,pelargonium,pelargonium
2662,54,54,1,pelargonium,pelargonium
2663,54,93,0,pelargonium,foxglove
2664,54,97,0,pelargonium,mexican petunia
2665,54,54,1,pelargonium,pelargonium
2666,54,54,1,pelargonium,pelargonium
2667,54,54,1,pelargonium,pelargonium
2668,54,54,1,pelargonium,pelargonium
2669,54,54,1,pelargonium,pelargonium
2670,54,54,1,pelargonium,pelargonium
2671,54,54,1,pelargonium,pelargonium
2672,54,54,1,pelargonium,pelargonium
2673,54,54,1,pelargonium,pelargonium
2674,54,54,1,pelargonium,pelargonium
2675,54,54,1,pelargonium,pelargonium
2676,54,54,1,pelargonium,pelargonium
2677,54,54,1,pelargonium,pelargonium
2678,54,54,1,pelargonium,pelargonium
2679,54,54,1,pelargonium,pelargonium
2680,54,38,0,pelargonium,siam tulip
2681,54,54,1,pelargonium,pelargonium
2682,54,39,0,pelargonium,lenten rose
2683,54,54,1,pelargonium,pelargonium
2684,54,54,1,pelargonium,pelargonium
2685,54,54,1,pelargonium,pelargonium
2686,54,97,0,pelargonium,mexican petunia
2687,54,54,1,pelargonium,pelargonium
2688,54,54,1,pelargonium,pelargonium
2689,54,13,0,pelargonium,spear thistle
2690,54,2,0,pelargonium,canterbury bells
2691,54,39,0,pelargonium,lenten rose
2692,54,54,1,pelargonium,pelargonium
2693,54,54,1,pelargonium,pelargonium
2694,54,54,1,pelargonium,pelargonium
2695,54,54,1,pelargonium,pelargonium
2696,54,54,1,pelargonium,pelargonium
2697,54,63,0,pelargonium,silverbush
2698,54,2,0,pelargonium,canterbury bells
2699,54,54,1,pelargonium,pelargonium
2700,54,97,0,pelargonium,mexican petunia
2701,54,54,1,pelargonium,pelargonium
2702,54,54,1,pelargonium,pelargonium
2703,55,55,1,bishop of llandaff,bishop of llandaff
2704,55,55,1,bishop of llandaff,bishop of llandaff
2705,55,55,1,bishop of llandaff,bishop of llandaff
2706,55,55,1,bishop of llandaff,bishop of llandaff
2707,55,55,1,bishop of llandaff,bishop of llandaff
2708,55,55,1,bishop of llandaff,bishop of llandaff
2709,55,55,1,bishop of llandaff,bishop of llandaff
2710,55,55,1,bishop of llandaff,bishop of llandaff
2711,55,55,1,bishop of llandaff,bishop of llandaff
2712,55,45,0,bishop of llandaff,wallflower
2713,55,55,1,bishop of llandaff,bishop of llandaff
2714,55,55,1,bishop of llandaff,bishop of llandaff
2715,55,45,0,bishop of llandaff,wallflower
2716,55,58,0,bishop of llandaff,orange dahlia
2717,55,55,1,bishop of llandaff,bishop of llandaff
2718,55,55,1,bishop of llandaff,bishop of llandaff
2719,55,58,0,bishop of llandaff,orange dahlia
2720,55,55,1,bishop of llandaff,bishop of llandaff
2721,55,55,1,bishop of llandaff,bishop of llandaff
2722,55,55,1,bishop of llandaff,bishop of llandaff
2723,55,55,1,bishop of llandaff,bishop of llandaff
2724,55,55,1,bishop of llandaff,bishop of llandaff
2725,55,55,1,bishop of llandaff,bishop of llandaff
2726,55,45,0,bishop of llandaff,wallflower
2727,55,55,1,bishop of llandaff,bishop of llandaff
2728,55,100,0,bishop of llandaff,trumpet creeper
2729,55,55,1,bishop of llandaff,bishop of llandaff
2730,55,55,1,bishop of llandaff,bishop of llandaff
2731,55,55,1,bishop of llandaff,bishop of llandaff
2732,55,55,1,bishop of llandaff,bishop of llandaff
2733,55,55,1,bishop of llandaff,bishop of llandaff
2734,55,55,1,bishop of llandaff,bishop of llandaff
2735,55,55,1,bishop of llandaff,bishop of llandaff
2736,55,55,1,bishop of llandaff,bishop of llandaff
2737,55,55,1,bishop of llandaff,bishop of llandaff
2738,55,82,0,bishop of llandaff,hibiscus
2739,55,55,1,bishop of llandaff,bishop of llandaff
2740,55,55,1,bishop of llandaff,bishop of llandaff
2741,55,55,1,bishop of llandaff,bishop of llandaff
2742,55,55,1,bishop of llandaff,bishop of llandaff
2743,55,55,1,bishop of llandaff,bishop of llandaff
2744,55,55,1,bishop of llandaff,bishop of llandaff
2745,55,82,0,bishop of llandaff,hibiscus
2746,55,55,1,bishop of llandaff,bishop of llandaff
2747,55,55,1,bishop of llandaff,bishop of llandaff
2748,55,55,1,bishop of llandaff,bishop of llandaff
2749,55,55,1,bishop of llandaff,bishop of llandaff
2750,55,45,0,bishop of llandaff,wallflower
2751,55,55,1,bishop of llandaff,bishop of llandaff
2752,55,55,1,bishop of llandaff,bishop of llandaff
2753,55,87,0,bishop of llandaff,cyclamen
2754,55,55,1,bishop of llandaff,bishop of llandaff
2755,55,55,1,bishop of llandaff,bishop of llandaff
2756,55,55,1,bishop of llandaff,bishop of llandaff
2757,55,55,1,bishop of llandaff,bishop of llandaff
2758,55,55,1,bishop of llandaff,bishop of llandaff
2759,55,55,1,bishop of llandaff,bishop of llandaff
2760,55,55,1,bishop of llandaff,bishop of llandaff
2761,55,55,1,bishop of llandaff,bishop of llandaff
2762,55,55,1,bishop of llandaff,bishop of llandaff
2763,55,55,1,bishop of llandaff,bishop of llandaff
2764,55,55,1,bishop of llandaff,bishop of llandaff
2765,55,55,1,bishop of llandaff,bishop of llandaff
2766,55,55,1,bishop of llandaff,bishop of llandaff
2767,55,57,0,bishop of llandaff,geranium
2768,55,45,0,bishop of llandaff,wallflower
2769,55,55,1,bishop of llandaff,bishop of llandaff
2770,55,55,1,bishop of llandaff,bishop of llandaff
2771,55,55,1,bishop of llandaff,bishop of llandaff
2772,55,55,1,bishop of llandaff,bishop of llandaff
2773,55,55,1,bishop of llandaff,bishop of llandaff
2774,55,55,1,bishop of llandaff,bishop of llandaff
2775,55,55,1,bishop of llandaff,bishop of llandaff
2776,55,55,1,bishop of llandaff,bishop of llandaff
2777,55,55,1,bishop of llandaff,bishop of llandaff
2778,55,55,1,bishop of llandaff,bishop of llandaff
2779,55,55,1,bishop of llandaff,bishop of llandaff
2780,55,58,0,bishop of llandaff,orange dahlia
2781,55,58,0,bishop of llandaff,orange dahlia
2782,55,58,0,bishop of llandaff,orange dahlia
2783,55,55,1,bishop of llandaff,bishop of llandaff
2784,55,55,1,bishop of llandaff,bishop of llandaff
2785,55,55,1,bishop of llandaff,bishop of llandaff
2786,55,55,1,bishop of llandaff,bishop of llandaff
2787,55,55,1,bishop of llandaff,bishop of llandaff
2788,55,55,1,bishop of llandaff,bishop of llandaff
2789,55,55,1,bishop of llandaff,bishop of llandaff
2790,55,73,0,bishop of llandaff,rose
2791,55,82,0,bishop of llandaff,hibiscus
2792,56,56,1,gaura,gaura
2793,56,56,1,gaura,gaura
2794,56,56,1,gaura,gaura
2795,56,56,1,gaura,gaura
2796,56,56,1,gaura,gaura
2797,56,56,1,gaura,gaura
2798,56,56,1,gaura,gaura
2799,56,56,1,gaura,gaura
2800,56,56,1,gaura,gaura
2801,56,56,1,gaura,gaura
2802,56,56,1,gaura,gaura
2803,56,56,1,gaura,gaura
2804,56,56,1,gaura,gaura
2805,56,56,1,gaura,gaura
2806,56,56,1,gaura,gaura
2807,56,56,1,gaura,gaura
2808,56,56,1,gaura,gaura
2809,56,56,1,gaura,gaura
2810,56,56,1,gaura,gaura
2811,56,56,1,gaura,gaura
2812,56,56,1,gaura,gaura
2813,56,56,1,gaura,gaura
2814,56,56,1,gaura,gaura
2815,56,56,1,gaura,gaura
2816,56,56,1,gaura,gaura
2817,56,56,1,gaura,gaura
2818,56,56,1,gaura,gaura
2819,56,56,1,gaura,gaura
2820,56,51,0,gaura,wild pansy
2821,56,56,1,gaura,gaura
2822,56,56,1,gaura,gaura
2823,56,56,1,gaura,gaura
2824,56,56,1,gaura,gaura
2825,56,56,1,gaura,gaura
2826,56,56,1,gaura,gaura
2827,56,56,1,gaura,gaura
2828,56,56,1,gaura,gaura
2829,56,56,1,gaura,gaura
2830,56,56,1,gaura,gaura
2831,56,56,1,gaura,gaura
2832,56,56,1,gaura,gaura
2833,56,83,0,gaura,columbine
2834,56,56,1,gaura,gaura
2835,56,35,0,gaura,ruby-lipped cattleya
2836,56,56,1,gaura,gaura
2837,56,81,0,gaura,clematis
2838,56,56,1,gaura,gaura
2839,57,57,1,geranium,geranium
2840,57,57,1,geranium,geranium
2841,57,57,1,geranium,geranium
2842,57,57,1,geranium,geranium
2843,57,57,1,geranium,geranium
2844,57,57,1,geranium,geranium
2845,57,57,1,geranium,geranium
2846,57,57,1,geranium,geranium
2847,57,57,1,geranium,geranium
2848,57,57,1,geranium,geranium
2849,57,57,1,geranium,geranium
2850,57,57,1,geranium,geranium
2851,57,82,0,geranium,hibiscus
2852,57,57,1,geranium,geranium
2853,57,57,1,geranium,geranium
2854,57,57,1,geranium,geranium
2855,57,57,1,geranium,geranium
2856,57,57,1,geranium,geranium
2857,57,57,1,geranium,geranium
2858,57,57,1,geranium,geranium
2859,57,57,1,geranium,geranium
2860,57,57,1,geranium,geranium
2861,57,57,1,geranium,geranium
2862,57,57,1,geranium,geranium
2863,57,82,0,geranium,hibiscus
2864,57,57,1,geranium,geranium
2865,57,57,1,geranium,geranium
2866,57,57,1,geranium,geranium
2867,57,57,1,geranium,geranium
2868,57,57,1,geranium,geranium
2869,57,57,1,geranium,geranium
2870,57,57,1,geranium,geranium
2871,57,57,1,geranium,geranium
2872,57,57,1,geranium,geranium
2873,57,57,1,geranium,geranium
2874,57,57,1,geranium,geranium
2875,57,57,1,geranium,geranium
2876,57,57,1,geranium,geranium
2877,57,57,1,geranium,geranium
2878,57,57,1,geranium,geranium
2879,57,57,1,geranium,geranium
2880,57,57,1,geranium,geranium
2881,57,57,1,geranium,geranium
2882,57,57,1,geranium,geranium
2883,57,57,1,geranium,geranium
2884,57,57,1,geranium,geranium
2885,57,57,1,geranium,geranium
2886,57,57,1,geranium,geranium
2887,57,57,1,geranium,geranium
2888,57,57,1,geranium,geranium
2889,57,57,1,geranium,geranium
2890,57,57,1,geranium,geranium
2891,57,57,1,geranium,geranium
2892,57,57,1,geranium,geranium
2893,57,57,1,geranium,geranium
2894,57,57,1,geranium,geranium
2895,57,57,1,geranium,geranium
2896,57,57,1,geranium,geranium
2897,57,57,1,geranium,geranium
2898,57,57,1,geranium,geranium
2899,57,57,1,geranium,geranium
2900,57,57,1,geranium,geranium
2901,57,57,1,geranium,geranium
2902,57,57,1,geranium,geranium
2903,57,59,0,geranium,pink-yellow dahlia?
2904,57,57,1,geranium,geranium
2905,57,57,1,geranium,geranium
2906,57,57,1,geranium,geranium
2907,57,57,1,geranium,geranium
2908,57,57,1,geranium,geranium
2909,57,57,1,geranium,geranium
2910,57,57,1,geranium,geranium
2911,57,57,1,geranium,geranium
2912,57,57,1,geranium,geranium
2913,57,57,1,geranium,geranium
2914,57,57,1,geranium,geranium
2915,57,57,1,geranium,geranium
2916,57,57,1,geranium,geranium
2917,57,57,1,geranium,geranium
2918,57,100,0,geranium,trumpet creeper
2919,57,57,1,geranium,geranium
2920,57,57,1,geranium,geranium
2921,57,57,1,geranium,geranium
2922,57,57,1,geranium,geranium
2923,57,57,1,geranium,geranium
2924,57,57,1,geranium,geranium
2925,57,57,1,geranium,geranium
2926,57,57,1,geranium,geranium
2927,57,57,1,geranium,geranium
2928,57,57,1,geranium,geranium
2929,57,57,1,geranium,geranium
2930,57,57,1,geranium,geranium
2931,57,57,1,geranium,geranium
2932,57,57,1,geranium,geranium
2933,58,58,1,orange dahlia,orange dahlia
2934,58,58,1,orange dahlia,orange dahlia
2935,58,58,1,orange dahlia,orange dahlia
2936,58,58,1,orange dahlia,orange dahlia
2937,58,58,1,orange dahlia,orange dahlia
2938,58,58,1,orange dahlia,orange dahlia
2939,58,58,1,orange dahlia,orange dahlia
2940,58,58,1,orange dahlia,orange dahlia
2941,58,58,1,orange dahlia,orange dahlia
2942,58,58,1,orange dahlia,orange dahlia
2943,58,58,1,orange dahlia,orange dahlia
2944,58,58,1,orange dahlia,orange dahlia
2945,58,101,0,orange dahlia,blackberry lily
2946,58,58,1,orange dahlia,orange dahlia
2947,58,101,0,orange dahlia,blackberry lily
2948,58,58,1,orange dahlia,orange dahlia
2949,58,58,1,orange dahlia,orange dahlia
2950,58,58,1,orange dahlia,orange dahlia
2951,58,58,1,orange dahlia,orange dahlia
2952,58,58,1,orange dahlia,orange dahlia
2953,58,58,1,orange dahlia,orange dahlia
2954,58,101,0,orange dahlia,blackberry lily
2955,58,58,1,orange dahlia,orange dahlia
2956,58,98,0,orange dahlia,bromelia
2957,58,58,1,orange dahlia,orange dahlia
2958,58,58,1,orange dahlia,orange dahlia
2959,58,58,1,orange dahlia,orange dahlia
2960,58,58,1,orange dahlia,orange dahlia
2961,58,58,1,orange dahlia,orange dahlia
2962,58,58,1,orange dahlia,orange dahlia
2963,58,58,1,orange dahlia,orange dahlia
2964,58,58,1,orange dahlia,orange dahlia
2965,58,58,1,orange dahlia,orange dahlia
2966,58,58,1,orange dahlia,orange dahlia
2967,58,58,1,orange dahlia,orange dahlia
2968,58,58,1,orange dahlia,orange dahlia
2969,58,58,1,orange dahlia,orange dahlia
2970,58,58,1,orange dahlia,orange dahlia
2971,58,58,1,orange dahlia,orange dahlia
2972,58,58,1,orange dahlia,orange dahlia
2973,58,58,1,orange dahlia,orange dahlia
2974,58,58,1,orange dahlia,orange dahlia
2975,58,58,1,orange dahlia,orange dahlia
2976,58,58,1,orange dahlia,orange dahlia
2977,58,58,1,orange dahlia,orange dahlia
2978,58,58,1,orange dahlia,orange dahlia
2979,58,58,1,orange dahlia,orange dahlia
2980,59,59,1,pink-yellow dahlia?,pink-yellow dahlia?
2981,59,59,1,pink-yellow dahlia?,pink-yellow dahlia?
2982,59,59,1,pink-yellow dahlia?,pink-yellow dahlia?
2983,59,59,1,pink-yellow dahlia?,pink-yellow dahlia?
2984,59,59,1,pink-yellow dahlia?,pink-yellow dahlia?
2985,59,59,1,pink-yellow dahlia?,pink-yellow dahlia?
2986,59,59,1,pink-yellow dahlia?,pink-yellow dahlia?
2987,59,59,1,pink-yellow dahlia?,pink-yellow dahlia?
2988,59,59,1,pink-yellow dahlia?,pink-yellow dahlia?
2989,59,59,1,pink-yellow dahlia?,pink-yellow dahlia?
2990,59,59,1,pink-yellow dahlia?,pink-yellow dahlia?
2991,59,59,1,pink-yellow dahlia?,pink-yellow dahlia?
2992,59,59,1,pink-yellow dahlia?,pink-yellow dahlia?
2993,59,59,1,pink-yellow dahlia?,pink-yellow dahlia?
2994,59,59,1,pink-yellow dahlia?,pink-yellow dahlia?
2995,59,59,1,pink-yellow dahlia?,pink-yellow dahlia?
2996,59,59,1,pink-yellow dahlia?,pink-yellow dahlia?
2997,59,59,1,pink-yellow dahlia?,pink-yellow dahlia?
2998,59,59,1,pink-yellow dahlia?,pink-yellow dahlia?
2999,59,59,1,pink-yellow dahlia?,pink-yellow dahlia?
3000,59,59,1,pink-yellow dahlia?,pink-yellow dahlia?
3001,59,59,1,pink-yellow dahlia?,pink-yellow dahlia?
3002,59,59,1,pink-yellow dahlia?,pink-yellow dahlia?
3003,59,59,1,pink-yellow dahlia?,pink-yellow dahlia?
3004,59,59,1,pink-yellow dahlia?,pink-yellow dahlia?
3005,59,59,1,pink-yellow dahlia?,pink-yellow dahlia?
3006,59,59,1,pink-yellow dahlia?,pink-yellow dahlia?
3007,59,59,1,pink-yellow dahlia?,pink-yellow dahlia?
3008,59,59,1,pink-yellow dahlia?,pink-yellow dahlia?
3009,59,59,1,pink-yellow dahlia?,pink-yellow dahlia?
3010,59,59,1,pink-yellow dahlia?,pink-yellow dahlia?
3011,59,59,1,pink-yellow dahlia?,pink-yellow dahlia?
3012,59,59,1,pink-yellow dahlia?,pink-yellow dahlia?
3013,59,59,1,pink-yellow dahlia?,pink-yellow dahlia?
3014,59,59,1,pink-yellow dahlia?,pink-yellow dahlia?
3015,59,59,1,pink-yellow dahlia?,pink-yellow dahlia?
3016,59,59,1,pink-yellow dahlia?,pink-yellow dahlia?
3017,59,59,1,pink-yellow dahlia?,pink-yellow dahlia?
3018,59,59,1,pink-yellow dahlia?,pink-yellow dahlia?
3019,59,59,1,pink-yellow dahlia?,pink-yellow dahlia?
3020,59,29,0,pink-yellow dahlia?,sweet william
3021,59,59,1,pink-yellow dahlia?,pink-yellow dahlia?
3022,59,59,1,pink-yellow dahlia?,pink-yellow dahlia?
3023,59,59,1,pink-yellow dahlia?,pink-yellow dahlia?
3024,59,59,1,pink-yellow dahlia?,pink-yellow dahlia?
3025,59,59,1,pink-yellow dahlia?,pink-yellow dahlia?
3026,59,59,1,pink-yellow dahlia?,pink-yellow dahlia?
3027,59,59,1,pink-yellow dahlia?,pink-yellow dahlia?
3028,59,59,1,pink-yellow dahlia?,pink-yellow dahlia?
3029,59,59,1,pink-yellow dahlia?,pink-yellow dahlia?
3030,59,59,1,pink-yellow dahlia?,pink-yellow dahlia?
3031,59,59,1,pink-yellow dahlia?,pink-yellow dahlia?
3032,59,30,0,pink-yellow dahlia?,carnation
3033,59,59,1,pink-yellow dahlia?,pink-yellow dahlia?
3034,59,59,1,pink-yellow dahlia?,pink-yellow dahlia?
3035,59,59,1,pink-yellow dahlia?,pink-yellow dahlia?
3036,59,59,1,pink-yellow dahlia?,pink-yellow dahlia?
3037,59,59,1,pink-yellow dahlia?,pink-yellow dahlia?
3038,59,26,0,pink-yellow dahlia?,prince of wales feathers
3039,59,59,1,pink-yellow dahlia?,pink-yellow dahlia?
3040,59,59,1,pink-yellow dahlia?,pink-yellow dahlia?
3041,59,59,1,pink-yellow dahlia?,pink-yellow dahlia?
3042,59,59,1,pink-yellow dahlia?,pink-yellow dahlia?
3043,59,59,1,pink-yellow dahlia?,pink-yellow dahlia?
3044,59,59,1,pink-yellow dahlia?,pink-yellow dahlia?
3045,59,59,1,pink-yellow dahlia?,pink-yellow dahlia?
3046,59,59,1,pink-yellow dahlia?,pink-yellow dahlia?
3047,59,59,1,pink-yellow dahlia?,pink-yellow dahlia?
3048,59,59,1,pink-yellow dahlia?,pink-yellow dahlia?
3049,59,59,1,pink-yellow dahlia?,pink-yellow dahlia?
3050,59,59,1,pink-yellow dahlia?,pink-yellow dahlia?
3051,59,59,1,pink-yellow dahlia?,pink-yellow dahlia?
3052,59,59,1,pink-yellow dahlia?,pink-yellow dahlia?
3053,59,59,1,pink-yellow dahlia?,pink-yellow dahlia?
3054,59,59,1,pink-yellow dahlia?,pink-yellow dahlia?
3055,59,59,1,pink-yellow dahlia?,pink-yellow dahlia?
3056,59,59,1,pink-yellow dahlia?,pink-yellow dahlia?
3057,59,59,1,pink-yellow dahlia?,pink-yellow dahlia?
3058,59,59,1,pink-yellow dahlia?,pink-yellow dahlia?
3059,59,59,1,pink-yellow dahlia?,pink-yellow dahlia?
3060,59,59,1,pink-yellow dahlia?,pink-yellow dahlia?
3061,59,59,1,pink-yellow dahlia?,pink-yellow dahlia?
3062,59,59,1,pink-yellow dahlia?,pink-yellow dahlia?
3063,59,80,0,pink-yellow dahlia?,frangipani
3064,59,59,1,pink-yellow dahlia?,pink-yellow dahlia?
3065,59,59,1,pink-yellow dahlia?,pink-yellow dahlia?
3066,59,59,1,pink-yellow dahlia?,pink-yellow dahlia?
3067,59,59,1,pink-yellow dahlia?,pink-yellow dahlia?
3068,59,59,1,pink-yellow dahlia?,pink-yellow dahlia?
3069,60,60,1,cautleya spicata,cautleya spicata
3070,60,60,1,cautleya spicata,cautleya spicata
3071,60,60,1,cautleya spicata,cautleya spicata
3072,60,56,0,cautleya spicata,gaura
3073,60,60,1,cautleya spicata,cautleya spicata
3074,60,60,1,cautleya spicata,cautleya spicata
3075,60,56,0,cautleya spicata,gaura
3076,60,60,1,cautleya spicata,cautleya spicata
3077,60,60,1,cautleya spicata,cautleya spicata
3078,60,60,1,cautleya spicata,cautleya spicata
3079,60,60,1,cautleya spicata,cautleya spicata
3080,60,60,1,cautleya spicata,cautleya spicata
3081,60,60,1,cautleya spicata,cautleya spicata
3082,60,60,1,cautleya spicata,cautleya spicata
3083,60,60,1,cautleya spicata,cautleya spicata
3084,60,60,1,cautleya spicata,cautleya spicata
3085,60,14,0,cautleya spicata,yellow iris
3086,60,60,1,cautleya spicata,cautleya spicata
3087,60,60,1,cautleya spicata,cautleya spicata
3088,60,56,0,cautleya spicata,gaura
3089,60,60,1,cautleya spicata,cautleya spicata
3090,60,60,1,cautleya spicata,cautleya spicata
3091,60,60,1,cautleya spicata,cautleya spicata
3092,60,60,1,cautleya spicata,cautleya spicata
3093,60,60,1,cautleya spicata,cautleya spicata
3094,60,60,1,cautleya spicata,cautleya spicata
3095,60,60,1,cautleya spicata,cautleya spicata
3096,60,60,1,cautleya spicata,cautleya spicata
3097,60,60,1,cautleya spicata,cautleya spicata
3098,60,60,1,cautleya spicata,cautleya spicata
3099,61,61,1,japanese anemone,japanese anemone
3100,61,45,0,japanese anemone,wallflower
3101,61,45,0,japanese anemone,wallflower
3102,61,61,1,japanese anemone,japanese anemone
3103,61,61,1,japanese anemone,japanese anemone
3104,61,61,1,japanese anemone,japanese anemone
3105,61,61,1,japanese anemone,japanese anemone
3106,61,61,1,japanese anemone,japanese anemone
3107,61,61,1,japanese anemone,japanese anemone
3108,61,61,1,japanese anemone,japanese anemone
3109,61,61,1,japanese anemone,japanese anemone
3110,61,61,1,japanese anemone,japanese anemone
3111,61,69,0,japanese anemone,tree poppy
3112,61,61,1,japanese anemone,japanese anemone
3113,61,61,1,japanese anemone,japanese anemone
3114,61,52,0,japanese anemone,primula
3115,61,61,1,japanese anemone,japanese anemone
3116,61,61,1,japanese anemone,japanese anemone
3117,61,80,0,japanese anemone,frangipani
3118,61,6,0,japanese anemone,moon orchid
3119,61,73,0,japanese anemone,rose
3120,61,52,0,japanese anemone,primula
3121,61,52,0,japanese anemone,primula
3122,61,61,1,japanese anemone,japanese anemone
3123,61,61,1,japanese anemone,japanese anemone
3124,61,44,0,japanese anemone,bolero deep blue
3125,61,80,0,japanese anemone,frangipani
3126,61,61,1,japanese anemone,japanese anemone
3127,61,52,0,japanese anemone,primula
3128,61,61,1,japanese anemone,japanese anemone
3129,61,52,0,japanese anemone,primula
3130,61,69,0,japanese anemone,tree poppy
3131,61,52,0,japanese anemone,primula
3132,61,95,0,japanese anemone,camellia
3133,61,69,0,japanese anemone,tree poppy
3134,62,62,1,black-eyed susan,black-eyed susan
3135,62,62,1,black-eyed susan,black-eyed susan
3136,62,62,1,black-eyed susan,black-eyed susan
3137,62,62,1,black-eyed susan,black-eyed susan
3138,62,62,1,black-eyed susan,black-eyed susan
3139,62,62,1,black-eyed susan,black-eyed susan
3140,62,62,1,black-eyed susan,black-eyed susan
3141,62,62,1,black-eyed susan,black-eyed susan
3142,62,62,1,black-eyed susan,black-eyed susan
3143,62,62,1,black-eyed susan,black-eyed susan
3144,62,62,1,black-eyed susan,black-eyed susan
3145,62,62,1,black-eyed susan,black-eyed susan
3146,62,62,1,black-eyed susan,black-eyed susan
3147,62,62,1,black-eyed susan,black-eyed susan
3148,62,62,1,black-eyed susan,black-eyed susan
3149,62,62,1,black-eyed susan,black-eyed susan
3150,62,62,1,black-eyed susan,black-eyed susan
3151,62,62,1,black-eyed susan,black-eyed susan
3152,62,62,1,black-eyed susan,black-eyed susan
3153,62,62,1,black-eyed susan,black-eyed susan
3154,62,62,1,black-eyed susan,black-eyed susan
3155,62,62,1,black-eyed susan,black-eyed susan
3156,62,62,1,black-eyed susan,black-eyed susan
3157,62,62,1,black-eyed susan,black-eyed susan
3158,62,62,1,black-eyed susan,black-eyed susan
3159,62,62,1,black-eyed susan,black-eyed susan
3160,62,62,1,black-eyed susan,black-eyed susan
3161,62,62,1,black-eyed susan,black-eyed susan
3162,62,62,1,black-eyed susan,black-eyed susan
3163,62,62,1,black-eyed susan,black-eyed susan
3164,62,62,1,black-eyed susan,black-eyed susan
3165,62,62,1,black-eyed susan,black-eyed susan
3166,62,62,1,black-eyed susan,black-eyed susan
3167,62,62,1,black-eyed susan,black-eyed susan
3168,63,63,1,silverbush,silverbush
3169,63,63,1,silverbush,silverbush
3170,63,63,1,silverbush,silverbush
3171,63,63,1,silverbush,silverbush
3172,63,63,1,silverbush,silverbush
3173,63,63,1,silverbush,silverbush
3174,63,63,1,silverbush,silverbush
3175,63,63,1,silverbush,silverbush
3176,63,63,1,silverbush,silverbush
3177,63,63,1,silverbush,silverbush
3178,63,63,1,silverbush,silverbush
3179,63,63,1,silverbush,silverbush
3180,63,63,1,silverbush,silverbush
3181,63,63,1,silverbush,silverbush
3182,63,63,1,silverbush,silverbush
3183,63,63,1,silverbush,silverbush
3184,63,63,1,silverbush,silverbush
3185,63,63,1,silverbush,silverbush
3186,63,63,1,silverbush,silverbush
3187,63,63,1,silverbush,silverbush
3188,63,63,1,silverbush,silverbush
3189,63,63,1,silverbush,silverbush
3190,63,63,1,silverbush,silverbush
3191,63,63,1,silverbush,silverbush
3192,63,63,1,silverbush,silverbush
3193,63,63,1,silverbush,silverbush
3194,63,63,1,silverbush,silverbush
3195,63,63,1,silverbush,silverbush
3196,63,63,1,silverbush,silverbush
3197,63,63,1,silverbush,silverbush
3198,63,63,1,silverbush,silverbush
3199,63,63,1,silverbush,silverbush
3200,64,47,0,californian poppy,buttercup
3201,64,64,1,californian poppy,californian poppy
3202,64,64,1,californian poppy,californian poppy
3203,64,47,0,californian poppy,buttercup
3204,64,64,1,californian poppy,californian poppy
3205,64,45,0,californian poppy,wallflower
3206,64,46,0,californian poppy,marigold
3207,64,66,0,californian poppy,spring crocus
3208,64,64,1,californian poppy,californian poppy
3209,64,64,1,californian poppy,californian poppy
3210,64,64,1,californian poppy,californian poppy
3211,64,64,1,californian poppy,californian poppy
3212,64,47,0,californian poppy,buttercup
3213,64,64,1,californian poppy,californian poppy
3214,64,46,0,californian poppy,marigold
3215,64,64,1,californian poppy,californian poppy
3216,64,47,0,californian poppy,buttercup
3217,64,47,0,californian poppy,buttercup
3218,64,15,0,californian poppy,globe-flower
3219,64,15,0,californian poppy,globe-flower
3220,64,15,0,californian poppy,globe-flower
3221,64,15,0,californian poppy,globe-flower
3222,64,64,1,californian poppy,californian poppy
3223,64,64,1,californian poppy,californian poppy
3224,64,64,1,californian poppy,californian poppy
3225,64,64,1,californian poppy,californian poppy
3226,64,64,1,californian poppy,californian poppy
3227,64,47,0,californian poppy,buttercup
3228,64,47,0,californian poppy,buttercup
3229,64,64,1,californian poppy,californian poppy
3230,64,64,1,californian poppy,californian poppy
3231,64,64,1,californian poppy,californian poppy
3232,64,64,1,californian poppy,californian poppy
3233,64,64,1,californian poppy,californian poppy
3234,64,47,0,californian poppy,buttercup
3235,64,64,1,californian poppy,californian poppy
3236,64,64,1,californian poppy,californian poppy
3237,64,15,0,californian poppy,globe-flower
3238,64,64,1,californian poppy,californian poppy
3239,64,47,0,californian poppy,buttercup
3240,64,64,1,californian poppy,californian poppy
3241,64,64,1,californian poppy,californian poppy
3242,64,47,0,californian poppy,buttercup
3243,64,64,1,californian poppy,californian poppy
3244,64,47,0,californian poppy,buttercup
3245,64,64,1,californian poppy,californian poppy
3246,64,47,0,californian poppy,buttercup
3247,64,15,0,californian poppy,globe-flower
3248,64,15,0,californian poppy,globe-flower
3249,64,47,0,californian poppy,buttercup
3250,64,47,0,californian poppy,buttercup
3251,64,15,0,californian poppy,globe-flower
3252,64,64,1,californian poppy,californian poppy
3253,64,47,0,californian poppy,buttercup
3254,64,64,1,californian poppy,californian poppy
3255,64,64,1,californian poppy,californian poppy
3256,64,64,1,californian poppy,californian poppy
3257,64,64,1,californian poppy,californian poppy
3258,64,47,0,californian poppy,buttercup
3259,64,64,1,californian poppy,californian poppy
3260,64,66,0,californian poppy,spring crocus
3261,64,97,0,californian poppy,mexican petunia
3262,64,15,0,californian poppy,globe-flower
3263,64,63,0,californian poppy,silverbush
3264,64,54,0,californian poppy,pelargonium
3265,64,63,0,californian poppy,silverbush
3266,64,64,1,californian poppy,californian poppy
3267,64,73,0,californian poppy,rose
3268,64,64,1,californian poppy,californian poppy
3269,64,64,1,californian poppy,californian poppy
3270,64,64,1,californian poppy,californian poppy
3271,64,64,1,californian poppy,californian poppy
3272,64,64,1,californian poppy,californian poppy
3273,64,64,1,californian poppy,californian poppy
3274,64,64,1,californian poppy,californian poppy
3275,64,64,1,californian poppy,californian poppy
3276,64,64,1,californian poppy,californian poppy
3277,64,47,0,californian poppy,buttercup
3278,64,64,1,californian poppy,californian poppy
3279,64,64,1,californian poppy,californian poppy
3280,64,66,0,californian poppy,spring crocus
3281,64,15,0,californian poppy,globe-flower
3282,65,65,1,osteospermum,osteospermum
3283,65,65,1,osteospermum,osteospermum
3284,65,65,1,osteospermum,osteospermum
3285,65,65,1,osteospermum,osteospermum
3286,65,65,1,osteospermum,osteospermum
3287,65,65,1,osteospermum,osteospermum
3288,65,65,1,osteospermum,osteospermum
3289,65,65,1,osteospermum,osteospermum
3290,65,65,1,osteospermum,osteospermum
3291,65,65,1,osteospermum,osteospermum
3292,65,65,1,osteospermum,osteospermum
3293,65,65,1,osteospermum,osteospermum
3294,65,65,1,osteospermum,osteospermum
3295,65,65,1,osteospermum,osteospermum
3296,65,65,1,osteospermum,osteospermum
3297,65,65,1,osteospermum,osteospermum
3298,65,65,1,osteospermum,osteospermum
3299,65,65,1,osteospermum,osteospermum
3300,65,65,1,osteospermum,osteospermum
3301,65,65,1,osteospermum,osteospermum
3302,65,65,1,osteospermum,osteospermum
3303,65,65,1,osteospermum,osteospermum
3304,65,65,1,osteospermum,osteospermum
3305,65,65,1,osteospermum,osteospermum
3306,65,65,1,osteospermum,osteospermum
3307,65,65,1,osteospermum,osteospermum
3308,65,65,1,osteospermum,osteospermum
3309,65,65,1,osteospermum,osteospermum
3310,65,65,1,osteospermum,osteospermum
3311,65,65,1,osteospermum,osteospermum
3312,65,65,1,osteospermum,osteospermum
3313,65,65,1,osteospermum,osteospermum
3314,65,65,1,osteospermum,osteospermum
3315,65,65,1,osteospermum,osteospermum
3316,65,65,1,osteospermum,osteospermum
3317,65,65,1,osteospermum,osteospermum
3318,65,65,1,osteospermum,osteospermum
3319,65,65,1,osteospermum,osteospermum
3320,65,65,1,osteospermum,osteospermum
3321,65,65,1,osteospermum,osteospermum
3322,65,65,1,osteospermum,osteospermum
3323,66,66,1,spring crocus,spring crocus
3324,66,66,1,spring crocus,spring crocus
3325,66,66,1,spring crocus,spring crocus
3326,66,66,1,spring crocus,spring crocus
3327,66,66,1,spring crocus,spring crocus
3328,66,66,1,spring crocus,spring crocus
3329,66,66,1,spring crocus,spring crocus
3330,66,66,1,spring crocus,spring crocus
3331,66,66,1,spring crocus,spring crocus
3332,66,66,1,spring crocus,spring crocus
3333,66,66,1,spring crocus,spring crocus
3334,66,66,1,spring crocus,spring crocus
3335,66,66,1,spring crocus,spring crocus
3336,66,66,1,spring crocus,spring crocus
3337,66,66,1,spring crocus,spring crocus
3338,66,66,1,spring crocus,spring crocus
3339,66,66,1,spring crocus,spring crocus
3340,66,29,0,spring crocus,sweet william
3341,66,34,0,spring crocus,alpine sea holly
3342,66,66,1,spring crocus,spring crocus
3343,66,34,0,spring crocus,alpine sea holly
3344,66,66,1,spring crocus,spring crocus
3345,67,8,0,bearded iris,monkshood
3346,67,67,1,bearded iris,bearded iris
3347,67,67,1,bearded iris,bearded iris
3348,67,67,1,bearded iris,bearded iris
3349,67,67,1,bearded iris,bearded iris
3350,67,67,1,bearded iris,bearded iris
3351,67,67,1,bearded iris,bearded iris
3352,67,67,1,bearded iris,bearded iris
3353,67,67,1,bearded iris,bearded iris
3354,67,67,1,bearded iris,bearded iris
3355,67,67,1,bearded iris,bearded iris
3356,67,44,0,bearded iris,bolero deep blue
3357,67,15,0,bearded iris,globe-flower
3358,67,67,1,bearded iris,bearded iris
3359,67,67,1,bearded iris,bearded iris
3360,67,67,1,bearded iris,bearded iris
3361,67,67,1,bearded iris,bearded iris
3362,67,67,1,bearded iris,bearded iris
3363,67,67,1,bearded iris,bearded iris
3364,67,67,1,bearded iris,bearded iris
3365,67,8,0,bearded iris,monkshood
3366,67,67,1,bearded iris,bearded iris
3367,67,67,1,bearded iris,bearded iris
3368,67,67,1,bearded iris,bearded iris
3369,67,3,0,bearded iris,sweet pea
3370,67,67,1,bearded iris,bearded iris
3371,67,27,0,bearded iris,stemless gentian
3372,67,67,1,bearded iris,bearded iris
3373,67,83,0,bearded iris,columbine
3374,67,67,1,bearded iris,bearded iris
3375,67,67,1,bearded iris,bearded iris
3376,67,67,1,bearded iris,bearded iris
3377,67,67,1,bearded iris,bearded iris
3378,67,8,0,bearded iris,monkshood
3379,68,17,0,windflower,peruvian lily
3380,68,95,0,windflower,camellia
3381,68,68,1,windflower,windflower
3382,68,98,0,windflower,bromelia
3383,68,69,0,windflower,tree poppy
3384,68,68,1,windflower,windflower
3385,68,68,1,windflower,windflower
3386,68,68,1,windflower,windflower
3387,68,68,1,windflower,windflower
3388,68,68,1,windflower,windflower
3389,68,68,1,windflower,windflower
3390,68,68,1,windflower,windflower
3391,68,83,0,windflower,columbine
3392,68,68,1,windflower,windflower
3393,68,68,1,windflower,windflower
3394,68,68,1,windflower,windflower
3395,68,68,1,windflower,windflower
3396,68,66,0,windflower,spring crocus
3397,68,68,1,windflower,windflower
3398,68,68,1,windflower,windflower
3399,68,68,1,windflower,windflower
3400,68,68,1,windflower,windflower
3401,68,68,1,windflower,windflower
3402,68,37,0,windflower,great masterwort
3403,68,68,1,windflower,windflower
3404,68,97,0,windflower,mexican petunia
3405,68,52,0,windflower,primula
3406,68,68,1,windflower,windflower
3407,68,83,0,windflower,columbine
3408,68,68,1,windflower,windflower
3409,68,80,0,windflower,frangipani
3410,68,38,0,windflower,siam tulip
3411,68,83,0,windflower,columbine
3412,68,68,1,windflower,windflower
3413,69,69,1,tree poppy,tree poppy
3414,69,69,1,tree poppy,tree poppy
3415,69,69,1,tree poppy,tree poppy
3416,69,69,1,tree poppy,tree poppy
3417,69,69,1,tree poppy,tree poppy
3418,69,69,1,tree poppy,tree poppy
3419,69,69,1,tree poppy,tree poppy
3420,69,69,1,tree poppy,tree poppy
3421,69,69,1,tree poppy,tree poppy
3422,69,69,1,tree poppy,tree poppy
3423,69,63,0,tree poppy,silverbush
3424,69,69,1,tree poppy,tree poppy
3425,69,69,1,tree poppy,tree poppy
3426,69,69,1,tree poppy,tree poppy
3427,69,69,1,tree poppy,tree poppy
3428,69,69,1,tree poppy,tree poppy
3429,69,69,1,tree poppy,tree poppy
3430,69,63,0,tree poppy,silverbush
3431,69,69,1,tree poppy,tree poppy
3432,69,69,1,tree poppy,tree poppy
3433,69,69,1,tree poppy,tree poppy
3434,69,69,1,tree poppy,tree poppy
3435,69,69,1,tree poppy,tree poppy
3436,69,69,1,tree poppy,tree poppy
3437,69,69,1,tree poppy,tree poppy
3438,69,69,1,tree poppy,tree poppy
3439,69,95,0,tree poppy,camellia
3440,69,69,1,tree poppy,tree poppy
3441,69,69,1,tree poppy,tree poppy
3442,69,69,1,tree poppy,tree poppy
3443,69,69,1,tree poppy,tree poppy
3444,69,69,1,tree poppy,tree poppy
3445,69,69,1,tree poppy,tree poppy
3446,69,69,1,tree poppy,tree poppy
3447,69,69,1,tree poppy,tree poppy
3448,69,69,1,tree poppy,tree poppy
3449,69,69,1,tree poppy,tree poppy
3450,69,69,1,tree poppy,tree poppy
3451,69,69,1,tree poppy,tree poppy
3452,69,69,1,tree poppy,tree poppy
3453,69,69,1,tree poppy,tree poppy
3454,69,69,1,tree poppy,tree poppy
3455,70,70,1,gazania,gazania
3456,70,70,1,gazania,gazania
3457,70,70,1,gazania,gazania
3458,70,70,1,gazania,gazania
3459,70,70,1,gazania,gazania
3460,70,70,1,gazania,gazania
3461,70,70,1,gazania,gazania
3462,70,70,1,gazania,gazania
3463,70,70,1,gazania,gazania
3464,70,70,1,gazania,gazania
3465,70,70,1,gazania,gazania
3466,70,70,1,gazania,gazania
3467,70,70,1,gazania,gazania
3468,70,70,1,gazania,gazania
3469,70,70,1,gazania,gazania
3470,70,70,1,gazania,gazania
3471,70,99,0,gazania,blanket flower
3472,70,70,1,gazania,gazania
3473,70,70,1,gazania,gazania
3474,70,70,1,gazania,gazania
3475,70,70,1,gazania,gazania
3476,70,70,1,gazania,gazania
3477,70,70,1,gazania,gazania
3478,70,70,1,gazania,gazania
3479,70,70,1,gazania,gazania
3480,70,70,1,gazania,gazania
3481,70,70,1,gazania,gazania
3482,70,70,1,gazania,gazania
3483,70,70,1,gazania,gazania
3484,70,70,1,gazania,gazania
3485,70,70,1,gazania,gazania
3486,70,70,1,gazania,gazania
3487,70,70,1,gazania,gazania
3488,70,70,1,gazania,gazania
3489,70,70,1,gazania,gazania
3490,70,70,1,gazania,gazania
3491,70,70,1,gazania,gazania
3492,70,70,1,gazania,gazania
3493,70,70,1,gazania,gazania
3494,70,70,1,gazania,gazania
3495,70,70,1,gazania,gazania
3496,70,70,1,gazania,gazania
3497,70,70,1,gazania,gazania
3498,70,98,0,gazania,bromelia
3499,70,70,1,gazania,gazania
3500,70,70,1,gazania,gazania
3501,70,70,1,gazania,gazania
3502,70,70,1,gazania,gazania
3503,70,70,1,gazania,gazania
3504,70,70,1,gazania,gazania
3505,70,70,1,gazania,gazania
3506,70,70,1,gazania,gazania
3507,70,70,1,gazania,gazania
3508,70,70,1,gazania,gazania
3509,70,70,1,gazania,gazania
3510,70,70,1,gazania,gazania
3511,70,70,1,gazania,gazania
3512,70,70,1,gazania,gazania
3513,71,21,0,azalea,pincushion flower
3514,71,28,0,azalea,artichoke
3515,71,89,0,azalea,canna lily
3516,71,71,1,azalea,azalea
3517,71,71,1,azalea,azalea
3518,71,71,1,azalea,azalea
3519,71,71,1,azalea,azalea
3520,71,71,1,azalea,azalea
3521,71,82,0,azalea,hibiscus
3522,71,71,1,azalea,azalea
3523,71,26,0,azalea,prince of wales feathers
3524,71,71,1,azalea,azalea
3525,71,71,1,azalea,azalea
3526,71,31,0,azalea,garden phlox
3527,71,71,1,azalea,azalea
3528,71,71,1,azalea,azalea
3529,71,29,0,azalea,sweet william
3530,71,82,0,azalea,hibiscus
3531,71,71,1,azalea,azalea
3532,71,71,1,azalea,azalea
3533,71,71,1,azalea,azalea
3534,71,71,1,azalea,azalea
3535,71,71,1,azalea,azalea
3536,71,71,1,azalea,azalea
3537,71,31,0,azalea,garden phlox
3538,71,71,1,azalea,azalea
3539,71,82,0,azalea,hibiscus
3540,71,80,0,azalea,frangipani
3541,71,71,1,azalea,azalea
3542,71,87,0,azalea,cyclamen
3543,71,71,1,azalea,azalea
3544,71,30,0,azalea,carnation
3545,71,71,1,azalea,azalea
3546,71,71,1,azalea,azalea
3547,71,71,1,azalea,azalea
3548,71,29,0,azalea,sweet william
3549,71,71,1,azalea,azalea
3550,71,3,0,azalea,sweet pea
3551,71,30,0,azalea,carnation
3552,71,71,1,azalea,azalea
3553,71,82,0,azalea,hibiscus
3554,71,44,0,azalea,bolero deep blue
3555,71,29,0,azalea,sweet william
3556,71,71,1,azalea,azalea
3557,71,71,1,azalea,azalea
3558,71,71,1,azalea,azalea
3559,71,30,0,azalea,carnation
3560,71,71,1,azalea,azalea
3561,71,71,1,azalea,azalea
3562,71,57,0,azalea,geranium
3563,71,71,1,azalea,azalea
3564,71,10,0,azalea,snapdragon
3565,71,29,0,azalea,sweet william
3566,71,71,1,azalea,azalea
3567,71,71,1,azalea,azalea
3568,71,82,0,azalea,hibiscus
3569,71,71,1,azalea,azalea
3570,71,30,0,azalea,carnation
3571,71,90,0,azalea,hippeastrum
3572,71,71,1,azalea,azalea
3573,71,71,1,azalea,azalea
3574,71,97,0,azalea,mexican petunia
3575,71,97,0,azalea,mexican petunia
3576,71,71,1,azalea,azalea
3577,71,12,0,azalea,king protea
3578,71,77,0,azalea,lotus
3579,71,71,1,azalea,azalea
3580,71,71,1,azalea,azalea
3581,71,71,1,azalea,azalea
3582,71,71,1,azalea,azalea
3583,71,21,0,azalea,pincushion flower
3584,71,71,1,azalea,azalea
3585,71,31,0,azalea,garden phlox
3586,71,82,0,azalea,hibiscus
3587,71,29,0,azalea,sweet william
3588,71,71,1,azalea,azalea
3589,72,72,1,water lily,water lily
3590,72,72,1,water lily,water lily
3591,72,77,0,water lily,lotus
3592,72,72,1,water lily,water lily
3593,72,72,1,water lily,water lily
3594,72,72,1,water lily,water lily
3595,72,72,1,water lily,water lily
3596,72,72,1,water lily,water lily
3597,72,72,1,water lily,water lily
3598,72,72,1,water lily,water lily
3599,72,72,1,water lily,water lily
3600,72,72,1,water lily,water lily
3601,72,72,1,water lily,water lily
3602,72,72,1,water lily,water lily
3603,72,72,1,water lily,water lily
3604,72,72,1,water lily,water lily
3605,72,72,1,water lily,water lily
3606,72,72,1,water lily,water lily
3607,72,72,1,water lily,water lily
3608,72,72,1,water lily,water lily
3609,72,72,1,water lily,water lily
3610,72,46,0,water lily,marigold
3611,72,72,1,water lily,water lily
3612,72,72,1,water lily,water lily
3613,72,72,1,water lily,water lily
3614,72,72,1,water lily,water lily
3615,72,72,1,water lily,water lily
3616,72,37,0,water lily,great masterwort
3617,72,48,0,water lily,oxeye daisy
3618,72,72,1,water lily,water lily
3619,72,72,1,water lily,water lily
3620,72,72,1,water lily,water lily
3621,72,72,1,water lily,water lily
3622,72,72,1,water lily,water lily
3623,72,72,1,water lily,water lily
3624,72,72,1,water lily,water lily
3625,72,77,0,water lily,lotus
3626,72,72,1,water lily,water lily
3627,72,72,1,water lily,water lily
3628,72,72,1,water lily,water lily
3629,72,72,1,water lily,water lily
3630,72,72,1,water lily,water lily
3631,72,72,1,water lily,water lily
3632,72,101,0,water lily,blackberry lily
3633,72,72,1,water lily,water lily
3634,72,72,1,water lily,water lily
3635,72,72,1,water lily,water lily
3636,72,72,1,water lily,water lily
3637,72,72,1,water lily,water lily
3638,72,72,1,water lily,water lily
3639,72,72,1,water lily,water lily
3640,72,72,1,water lily,water lily
3641,72,72,1,water lily,water lily
3642,72,72,1,water lily,water lily
3643,72,72,1,water lily,water lily
3644,72,72,1,water lily,water lily
3645,72,72,1,water lily,water lily
3646,72,72,1,water lily,water lily
3647,72,72,1,water lily,water lily
3648,72,72,1,water lily,water lily
3649,72,76,0,water lily,passion flower
3650,72,72,1,water lily,water lily
3651,72,72,1,water lily,water lily
3652,72,17,0,water lily,peruvian lily
3653,72,72,1,water lily,water lily
3654,72,72,1,water lily,water lily
3655,72,72,1,water lily,water lily
3656,72,58,0,water lily,orange dahlia
3657,72,72,1,water lily,water lily
3658,72,77,0,water lily,lotus
3659,72,72,1,water lily,water lily
3660,72,72,1,water lily,water lily
3661,72,72,1,water lily,water lily
3662,72,72,1,water lily,water lily
3663,72,72,1,water lily,water lily
3664,72,72,1,water lily,water lily
3665,72,72,1,water lily,water lily
3666,72,72,1,water lily,water lily
3667,72,72,1,water lily,water lily
3668,72,72,1,water lily,water lily
3669,72,72,1,water lily,water lily
3670,72,72,1,water lily,water lily
3671,72,73,0,water lily,rose
3672,72,72,1,water lily,water lily
3673,72,72,1,water lily,water lily
3674,72,72,1,water lily,water lily
3675,72,59,0,water lily,pink-yellow dahlia?
3676,72,72,1,water lily,water lily
3677,72,72,1,water lily,water lily
3678,72,17,0,water lily,peruvian lily
3679,72,72,1,water lily,water lily
3680,72,72,1,water lily,water lily
3681,72,72,1,water lily,water lily
3682,72,72,1,water lily,water lily
3683,72,72,1,water lily,water lily
3684,72,72,1,water lily,water lily
3685,72,72,1,water lily,water lily
3686,72,72,1,water lily,water lily
3687,72,72,1,water lily,water lily
3688,72,72,1,water lily,water lily
3689,72,72,1,water lily,water lily
3690,72,39,0,water lily,lenten rose
3691,72,72,1,water lily,water lily
3692,72,72,1,water lily,water lily
3693,72,72,1,water lily,water lily
3694,72,72,1,water lily,water lily
3695,72,77,0,water lily,lotus
3696,72,77,0,water lily,lotus
3697,72,72,1,water lily,water lily
3698,72,72,1,water lily,water lily
3699,72,72,1,water lily,water lily
3700,72,72,1,water lily,water lily
3701,72,72,1,water lily,water lily
3702,72,72,1,water lily,water lily
3703,72,72,1,water lily,water lily
3704,72,72,1,water lily,water lily
3705,72,72,1,water lily,water lily
3706,72,72,1,water lily,water lily
3707,72,72,1,water lily,water lily
3708,72,72,1,water lily,water lily
3709,72,72,1,water lily,water lily
3710,72,72,1,water lily,water lily
3711,72,73,0,water lily,rose
3712,72,72,1,water lily,water lily
3713,72,72,1,water lily,water lily
3714,72,72,1,water lily,water lily
3715,72,72,1,water lily,water lily
3716,72,72,1,water lily,water lily
3717,72,72,1,water lily,water lily
3718,72,72,1,water lily,water lily
3719,72,72,1,water lily,water lily
3720,72,72,1,water lily,water lily
3721,72,72,1,water lily,water lily
3722,72,71,0,water lily,azalea
3723,72,72,1,water lily,water lily
3724,72,72,1,water lily,water lily
3725,72,72,1,water lily,water lily
3726,72,77,0,water lily,lotus
3727,72,72,1,water lily,water lily
3728,72,72,1,water lily,water lily
3729,72,72,1,water lily,water lily
3730,72,49,0,water lily,common dandelion
3731,72,72,1,water lily,water lily
3732,72,77,0,water lily,lotus
3733,72,72,1,water lily,water lily
3734,72,72,1,water lily,water lily
3735,72,72,1,water lily,water lily
3736,72,72,1,water lily,water lily
3737,72,72,1,water lily,water lily
3738,72,72,1,water lily,water lily
3739,72,77,0,water lily,lotus
3740,72,72,1,water lily,water lily
3741,72,72,1,water lily,water lily
3742,72,72,1,water lily,water lily
3743,72,72,1,water lily,water lily
3744,72,72,1,water lily,water lily
3745,72,72,1,water lily,water lily
3746,72,72,1,water lily,water lily
3747,72,72,1,water lily,water lily
3748,72,72,1,water lily,water lily
3749,72,77,0,water lily,lotus
3750,72,72,1,water lily,water lily
3751,72,72,1,water lily,water lily
3752,72,72,1,water lily,water lily
3753,72,72,1,water lily,water lily
3754,72,72,1,water lily,water lily
3755,72,95,0,water lily,camellia
3756,72,72,1,water lily,water lily
3757,72,72,1,water lily,water lily
3758,72,72,1,water lily,water lily
3759,72,72,1,water lily,water lily
3760,72,72,1,water lily,water lily
3761,72,72,1,water lily,water lily
3762,72,72,1,water lily,water lily
3763,73,73,1,rose,rose
3764,73,73,1,rose,rose
3765,73,73,1,rose,rose
3766,73,73,1,rose,rose
3767,73,73,1,rose,rose
3768,73,73,1,rose,rose
3769,73,38,0,rose,siam tulip
3770,73,73,1,rose,rose
3771,73,73,1,rose,rose
3772,73,73,1,rose,rose
3773,73,73,1,rose,rose
3774,73,73,1,rose,rose
3775,73,80,0,rose,frangipani
3776,73,94,0,rose,bougainvillea
3777,73,73,1,rose,rose
3778,73,73,1,rose,rose
3779,73,87,0,rose,cyclamen
3780,73,73,1,rose,rose
3781,73,73,1,rose,rose
3782,73,73,1,rose,rose
3783,73,73,1,rose,rose
3784,73,72,0,rose,water lily
3785,73,87,0,rose,cyclamen
3786,73,73,1,rose,rose
3787,73,100,0,rose,trumpet creeper
3788,73,73,1,rose,rose
3789,73,94,0,rose,bougainvillea
3790,73,95,0,rose,camellia
3791,73,73,1,rose,rose
3792,73,73,1,rose,rose
3793,73,94,0,rose,bougainvillea
3794,73,39,0,rose,lenten rose
3795,73,94,0,rose,bougainvillea
3796,73,73,1,rose,rose
3797,73,88,0,rose,watercress
3798,73,79,0,rose,anthurium
3799,73,73,1,rose,rose
3800,73,73,1,rose,rose
3801,73,95,0,rose,camellia
3802,73,94,0,rose,bougainvillea
3803,73,73,1,rose,rose
3804,73,73,1,rose,rose
3805,73,73,1,rose,rose
3806,73,79,0,rose,anthurium
3807,73,95,0,rose,camellia
3808,73,73,1,rose,rose
3809,73,73,1,rose,rose
3810,73,73,1,rose,rose
3811,73,38,0,rose,siam tulip
3812,73,15,0,rose,globe-flower
3813,73,73,1,rose,rose
3814,73,73,1,rose,rose
3815,73,73,1,rose,rose
3816,73,38,0,rose,siam tulip
3817,73,73,1,rose,rose
3818,73,94,0,rose,bougainvillea
3819,73,73,1,rose,rose
3820,73,73,1,rose,rose
3821,73,73,1,rose,rose
3822,73,79,0,rose,anthurium
3823,73,73,1,rose,rose
3824,73,66,0,rose,spring crocus
3825,73,73,1,rose,rose
3826,73,39,0,rose,lenten rose
3827,73,73,1,rose,rose
3828,73,92,0,rose,ball moss
3829,73,73,1,rose,rose
3830,73,73,1,rose,rose
3831,73,73,1,rose,rose
3832,73,73,1,rose,rose
3833,73,3,0,rose,sweet pea
3834,73,94,0,rose,bougainvillea
3835,73,73,1,rose,rose
3836,73,73,1,rose,rose
3837,73,77,0,rose,lotus
3838,73,73,1,rose,rose
3839,73,73,1,rose,rose
3840,73,77,0,rose,lotus
3841,73,73,1,rose,rose
3842,73,94,0,rose,bougainvillea
3843,73,73,1,rose,rose
3844,73,73,1,rose,rose
3845,73,73,1,rose,rose
3846,73,79,0,rose,anthurium
3847,73,73,1,rose,rose
3848,73,73,1,rose,rose
3849,73,87,0,rose,cyclamen
3850,73,15,0,rose,globe-flower
3851,73,73,1,rose,rose
3852,73,6,0,rose,moon orchid
3853,73,50,0,rose,petunia
3854,73,73,1,rose,rose
3855,73,77,0,rose,lotus
3856,73,19,0,rose,giant white arum lily
3857,73,73,1,rose,rose
3858,73,73,1,rose,rose
3859,73,80,0,rose,frangipani
3860,73,73,1,rose,rose
3861,73,95,0,rose,camellia
3862,73,73,1,rose,rose
3863,73,79,0,rose,anthurium
3864,73,73,1,rose,rose
3865,73,73,1,rose,rose
3866,73,73,1,rose,rose
3867,73,73,1,rose,rose
3868,73,73,1,rose,rose
3869,73,3,0,rose,sweet pea
3870,73,100,0,rose,trumpet creeper
3871,73,87,0,rose,cyclamen
3872,73,73,1,rose,rose
3873,73,73,1,rose,rose
3874,73,73,1,rose,rose
3875,73,73,1,rose,rose
3876,73,94,0,rose,bougainvillea
3877,73,73,1,rose,rose
3878,73,73,1,rose,rose
3879,73,73,1,rose,rose
3880,73,73,1,rose,rose
3881,73,73,1,rose,rose
3882,73,73,1,rose,rose
3883,73,73,1,rose,rose
3884,73,94,0,rose,bougainvillea
3885,73,73,1,rose,rose
3886,73,79,0,rose,anthurium
3887,73,73,1,rose,rose
3888,73,73,1,rose,rose
3889,73,73,1,rose,rose
3890,73,73,1,rose,rose
3891,73,73,1,rose,rose
3892,73,3,0,rose,sweet pea
3893,73,73,1,rose,rose
3894,73,73,1,rose,rose
3895,73,73,1,rose,rose
3896,73,73,1,rose,rose
3897,73,15,0,rose,globe-flower
3898,73,73,1,rose,rose
3899,73,73,1,rose,rose
3900,73,73,1,rose,rose
3901,73,73,1,rose,rose
3902,73,73,1,rose,rose
3903,73,79,0,rose,anthurium
3904,73,95,0,rose,camellia
3905,73,6,0,rose,moon orchid
3906,73,73,1,rose,rose
3907,73,73,1,rose,rose
3908,73,73,1,rose,rose
3909,73,73,1,rose,rose
3910,73,73,1,rose,rose
3911,73,73,1,rose,rose
3912,73,73,1,rose,rose
3913,73,96,0,rose,mallow
3914,74,74,1,thorn apple,thorn apple
3915,74,74,1,thorn apple,thorn apple
3916,74,44,0,thorn apple,bolero deep blue
3917,74,0,0,thorn apple,pink primrose
3918,74,74,1,thorn apple,thorn apple
3919,74,19,0,thorn apple,giant white arum lily
3920,74,6,0,thorn apple,moon orchid
3921,74,74,1,thorn apple,thorn apple
3922,74,30,0,thorn apple,carnation
3923,74,74,1,thorn apple,thorn apple
3924,74,74,1,thorn apple,thorn apple
3925,74,74,1,thorn apple,thorn apple
3926,74,74,1,thorn apple,thorn apple
3927,74,95,0,thorn apple,camellia
3928,74,74,1,thorn apple,thorn apple
3929,74,74,1,thorn apple,thorn apple
3930,74,74,1,thorn apple,thorn apple
3931,74,74,1,thorn apple,thorn apple
3932,74,74,1,thorn apple,thorn apple
3933,74,74,1,thorn apple,thorn apple
3934,74,74,1,thorn apple,thorn apple
3935,74,74,1,thorn apple,thorn apple
3936,74,97,0,thorn apple,mexican petunia
3937,74,74,1,thorn apple,thorn apple
3938,74,63,0,thorn apple,silverbush
3939,74,19,0,thorn apple,giant white arum lily
3940,74,28,0,thorn apple,artichoke
3941,74,19,0,thorn apple,giant white arum lily
3942,74,19,0,thorn apple,giant white arum lily
3943,74,6,0,thorn apple,moon orchid
3944,74,74,1,thorn apple,thorn apple
3945,74,74,1,thorn apple,thorn apple
3946,74,19,0,thorn apple,giant white arum lily
3947,74,74,1,thorn apple,thorn apple
3948,74,74,1,thorn apple,thorn apple
3949,74,86,0,thorn apple,magnolia
3950,74,74,1,thorn apple,thorn apple
3951,74,74,1,thorn apple,thorn apple
3952,74,19,0,thorn apple,giant white arum lily
3953,74,74,1,thorn apple,thorn apple
3954,74,74,1,thorn apple,thorn apple
3955,74,74,1,thorn apple,thorn apple
3956,74,74,1,thorn apple,thorn apple
3957,74,6,0,thorn apple,moon orchid
3958,74,74,1,thorn apple,thorn apple
3959,74,95,0,thorn apple,camellia
3960,74,6,0,thorn apple,moon orchid
3961,74,86,0,thorn apple,magnolia
3962,74,63,0,thorn apple,silverbush
3963,74,6,0,thorn apple,moon orchid
3964,74,6,0,thorn apple,moon orchid
3965,74,74,1,thorn apple,thorn apple
3966,74,74,1,thorn apple,thorn apple
3967,74,74,1,thorn apple,thorn apple
3968,74,74,1,thorn apple,thorn apple
3969,74,74,1,thorn apple,thorn apple
3970,74,74,1,thorn apple,thorn apple
3971,74,6,0,thorn apple,moon orchid
3972,74,6,0,thorn apple,moon orchid
3973,74,19,0,thorn apple,giant white arum lily
3974,74,75,0,thorn apple,morning glory
3975,74,74,1,thorn apple,thorn apple
3976,74,74,1,thorn apple,thorn apple
3977,74,74,1,thorn apple,thorn apple
3978,74,28,0,thorn apple,artichoke
3979,74,86,0,thorn apple,magnolia
3980,74,19,0,thorn apple,giant white arum lily
3981,74,74,1,thorn apple,thorn apple
3982,74,74,1,thorn apple,thorn apple
3983,74,74,1,thorn apple,thorn apple
3984,74,74,1,thorn apple,thorn apple
3985,74,41,0,thorn apple,daffodil
3986,74,74,1,thorn apple,thorn apple
3987,74,74,1,thorn apple,thorn apple
3988,74,74,1,thorn apple,thorn apple
3989,74,6,0,thorn apple,moon orchid
3990,74,74,1,thorn apple,thorn apple
3991,74,74,1,thorn apple,thorn apple
3992,74,74,1,thorn apple,thorn apple
3993,74,74,1,thorn apple,thorn apple
3994,74,86,0,thorn apple,magnolia
3995,74,63,0,thorn apple,silverbush
3996,74,74,1,thorn apple,thorn apple
3997,74,19,0,thorn apple,giant white arum lily
3998,74,74,1,thorn apple,thorn apple
3999,74,74,1,thorn apple,thorn apple
4000,74,19,0,thorn apple,giant white arum lily
4001,74,19,0,thorn apple,giant white arum lily
4002,74,74,1,thorn apple,thorn apple
4003,74,6,0,thorn apple,moon orchid
4004,74,74,1,thorn apple,thorn apple
4005,74,74,1,thorn apple,thorn apple
4006,74,74,1,thorn apple,thorn apple
4007,74,74,1,thorn apple,thorn apple
4008,74,74,1,thorn apple,thorn apple
4009,74,74,1,thorn apple,thorn apple
4010,74,69,0,thorn apple,tree poppy
4011,74,6,0,thorn apple,moon orchid
4012,74,74,1,thorn apple,thorn apple
4013,74,74,1,thorn apple,thorn apple
4014,75,75,1,morning glory,morning glory
4015,75,75,1,morning glory,morning glory
4016,75,75,1,morning glory,morning glory
4017,75,75,1,morning glory,morning glory
4018,75,75,1,morning glory,morning glory
4019,75,0,0,morning glory,pink primrose
4020,75,0,0,morning glory,pink primrose
4021,75,44,0,morning glory,bolero deep blue
4022,75,97,0,morning glory,mexican petunia
4023,75,75,1,morning glory,morning glory
4024,75,27,0,morning glory,stemless gentian
4025,75,28,0,morning glory,artichoke
4026,75,66,0,morning glory,spring crocus
4027,75,75,1,morning glory,morning glory
4028,75,75,1,morning glory,morning glory
4029,75,75,1,morning glory,morning glory
4030,75,75,1,morning glory,morning glory
4031,75,75,1,morning glory,morning glory
4032,75,44,0,morning glory,bolero deep blue
4033,75,27,0,morning glory,stemless gentian
4034,75,75,1,morning glory,morning glory
4035,75,75,1,morning glory,morning glory
4036,75,2,0,morning glory,canterbury bells
4037,75,27,0,morning glory,stemless gentian
4038,75,74,0,morning glory,thorn apple
4039,75,75,1,morning glory,morning glory
4040,75,75,1,morning glory,morning glory
4041,75,75,1,morning glory,morning glory
4042,75,6,0,morning glory,moon orchid
4043,75,75,1,morning glory,morning glory
4044,75,75,1,morning glory,morning glory
4045,75,75,1,morning glory,morning glory
4046,75,75,1,morning glory,morning glory
4047,75,66,0,morning glory,spring crocus
4048,75,75,1,morning glory,morning glory
4049,75,75,1,morning glory,morning glory
4050,75,75,1,morning glory,morning glory
4051,75,75,1,morning glory,morning glory
4052,75,75,1,morning glory,morning glory
4053,75,75,1,morning glory,morning glory
4054,75,75,1,morning glory,morning glory
4055,75,75,1,morning glory,morning glory
4056,75,75,1,morning glory,morning glory
4057,75,75,1,morning glory,morning glory
4058,75,75,1,morning glory,morning glory
4059,75,75,1,morning glory,morning glory
4060,75,94,0,morning glory,bougainvillea
4061,75,27,0,morning glory,stemless gentian
4062,75,27,0,morning glory,stemless gentian
4063,75,75,1,morning glory,morning glory
4064,75,75,1,morning glory,morning glory
4065,75,75,1,morning glory,morning glory
4066,75,74,0,morning glory,thorn apple
4067,75,2,0,morning glory,canterbury bells
4068,75,75,1,morning glory,morning glory
4069,75,27,0,morning glory,stemless gentian
4070,75,75,1,morning glory,morning glory
4071,75,75,1,morning glory,morning glory
4072,75,75,1,morning glory,morning glory
4073,75,6,0,morning glory,moon orchid
4074,75,75,1,morning glory,morning glory
4075,75,75,1,morning glory,morning glory
4076,75,75,1,morning glory,morning glory
4077,75,75,1,morning glory,morning glory
4078,75,97,0,morning glory,mexican petunia
4079,75,75,1,morning glory,morning glory
4080,75,0,0,morning glory,pink primrose
4081,75,66,0,morning glory,spring crocus
4082,75,75,1,morning glory,morning glory
4083,75,75,1,morning glory,morning glory
4084,75,75,1,morning glory,morning glory
4085,75,8,0,morning glory,monkshood
4086,75,66,0,morning glory,spring crocus
4087,75,75,1,morning glory,morning glory
4088,75,75,1,morning glory,morning glory
4089,75,75,1,morning glory,morning glory
4090,75,75,1,morning glory,morning glory
4091,75,66,0,morning glory,spring crocus
4092,75,75,1,morning glory,morning glory
4093,75,75,1,morning glory,morning glory
4094,75,75,1,morning glory,morning glory
4095,75,74,0,morning glory,thorn apple
4096,75,75,1,morning glory,morning glory
4097,75,79,0,morning glory,anthurium
4098,75,75,1,morning glory,morning glory
4099,75,75,1,morning glory,morning glory
4100,75,75,1,morning glory,morning glory
4101,76,76,1,passion flower,passion flower
4102,76,76,1,passion flower,passion flower
4103,76,76,1,passion flower,passion flower
4104,76,37,0,passion flower,great masterwort
4105,76,76,1,passion flower,passion flower
4106,76,76,1,passion flower,passion flower
4107,76,39,0,passion flower,lenten rose
4108,76,76,1,passion flower,passion flower
4109,76,76,1,passion flower,passion flower
4110,76,76,1,passion flower,passion flower
4111,76,76,1,passion flower,passion flower
4112,76,76,1,passion flower,passion flower
4113,76,76,1,passion flower,passion flower
4114,76,37,0,passion flower,great masterwort
4115,76,76,1,passion flower,passion flower
4116,76,76,1,passion flower,passion flower
4117,76,76,1,passion flower,passion flower
4118,76,91,0,passion flower,bee balm
4119,76,37,0,passion flower,great masterwort
4120,76,34,0,passion flower,alpine sea holly
4121,76,76,1,passion flower,passion flower
4122,76,76,1,passion flower,passion flower
4123,76,76,1,passion flower,passion flower
4124,76,37,0,passion flower,great masterwort
4125,76,78,0,passion flower,toad lily
4126,76,76,1,passion flower,passion flower
4127,76,76,1,passion flower,passion flower
4128,76,76,1,passion flower,passion flower
4129,76,28,0,passion flower,artichoke
4130,76,21,0,passion flower,pincushion flower
4131,76,76,1,passion flower,passion flower
4132,76,34,0,passion flower,alpine sea holly
4133,76,76,1,passion flower,passion flower
4134,76,76,1,passion flower,passion flower
4135,76,76,1,passion flower,passion flower
4136,76,37,0,passion flower,great masterwort
4137,76,76,1,passion flower,passion flower
4138,76,76,1,passion flower,passion flower
4139,76,34,0,passion flower,alpine sea holly
4140,76,37,0,passion flower,great masterwort
4141,76,76,1,passion flower,passion flower
4142,76,76,1,passion flower,passion flower
4143,76,76,1,passion flower,passion flower
4144,76,76,1,passion flower,passion flower
4145,76,76,1,passion flower,passion flower
4146,76,76,1,passion flower,passion flower
4147,76,76,1,passion flower,passion flower
4148,76,76,1,passion flower,passion flower
4149,76,76,1,passion flower,passion flower
4150,76,76,1,passion flower,passion flower
4151,76,76,1,passion flower,passion flower
4152,76,76,1,passion flower,passion flower
4153,76,76,1,passion flower,passion flower
4154,76,76,1,passion flower,passion flower
4155,76,76,1,passion flower,passion flower
4156,76,76,1,passion flower,passion flower
4157,76,78,0,passion flower,toad lily
4158,76,76,1,passion flower,passion flower
4159,76,76,1,passion flower,passion flower
4160,76,76,1,passion flower,passion flower
4161,76,76,1,passion flower,passion flower
4162,76,76,1,passion flower,passion flower
4163,76,34,0,passion flower,alpine sea holly
4164,76,76,1,passion flower,passion flower
4165,76,76,1,passion flower,passion flower
4166,76,76,1,passion flower,passion flower
4167,76,76,1,passion flower,passion flower
4168,76,78,0,passion flower,toad lily
4169,76,76,1,passion flower,passion flower
4170,76,37,0,passion flower,great masterwort
4171,76,76,1,passion flower,passion flower
4172,76,34,0,passion flower,alpine sea holly
4173,76,76,1,passion flower,passion flower
4174,76,76,1,passion flower,passion flower
4175,76,76,1,passion flower,passion flower
4176,76,76,1,passion flower,passion flower
4177,76,76,1,passion flower,passion flower
4178,76,76,1,passion flower,passion flower
4179,76,9,0,passion flower,globe thistle
4180,76,34,0,passion flower,alpine sea holly
4181,76,98,0,passion flower,bromelia
4182,76,76,1,passion flower,passion flower
4183,76,76,1,passion flower,passion flower
4184,76,76,1,passion flower,passion flower
4185,76,76,1,passion flower,passion flower
4186,76,76,1,passion flower,passion flower
4187,76,76,1,passion flower,passion flower
4188,76,76,1,passion flower,passion flower
4189,76,76,1,passion flower,passion flower
4190,76,76,1,passion flower,passion flower
4191,76,76,1,passion flower,passion flower
4192,76,76,1,passion flower,passion flower
4193,76,32,0,passion flower,love in the mist
4194,76,76,1,passion flower,passion flower
4195,76,9,0,passion flower,globe thistle
4196,76,37,0,passion flower,great masterwort
4197,76,76,1,passion flower,passion flower
4198,76,76,1,passion flower,passion flower
4199,76,76,1,passion flower,passion flower
4200,76,76,1,passion flower,passion flower
4201,76,76,1,passion flower,passion flower
4202,76,76,1,passion flower,passion flower
4203,76,37,0,passion flower,great masterwort
4204,76,76,1,passion flower,passion flower
4205,76,34,0,passion flower,alpine sea holly
4206,76,76,1,passion flower,passion flower
4207,76,76,1,passion flower,passion flower
4208,76,37,0,passion flower,great masterwort
4209,76,76,1,passion flower,passion flower
4210,76,76,1,passion flower,passion flower
4211,76,76,1,passion flower,passion flower
4212,76,76,1,passion flower,passion flower
4213,76,76,1,passion flower,passion flower
4214,76,76,1,passion flower,passion flower
4215,76,76,1,passion flower,passion flower
4216,76,76,1,passion flower,passion flower
4217,76,76,1,passion flower,passion flower
4218,76,76,1,passion flower,passion flower
4219,76,9,0,passion flower,globe thistle
4220,76,76,1,passion flower,passion flower
4221,76,37,0,passion flower,great masterwort
4222,76,76,1,passion flower,passion flower
4223,76,37,0,passion flower,great masterwort
4224,76,76,1,passion flower,passion flower
4225,76,34,0,passion flower,alpine sea holly
4226,76,91,0,passion flower,bee balm
4227,76,76,1,passion flower,passion flower
4228,76,76,1,passion flower,passion flower
4229,76,76,1,passion flower,passion flower
4230,76,76,1,passion flower,passion flower
4231,76,76,1,passion flower,passion flower
4232,76,76,1,passion flower,passion flower
4233,76,76,1,passion flower,passion flower
4234,76,76,1,passion flower,passion flower
4235,76,98,0,passion flower,bromelia
4236,76,76,1,passion flower,passion flower
4237,76,76,1,passion flower,passion flower
4238,76,34,0,passion flower,alpine sea holly
4239,76,76,1,passion flower,passion flower
4240,76,76,1,passion flower,passion flower
4241,76,76,1,passion flower,passion flower
4242,76,76,1,passion flower,passion flower
4243,76,76,1,passion flower,passion flower
4244,76,76,1,passion flower,passion flower
4245,76,76,1,passion flower,passion flower
4246,76,76,1,passion flower,passion flower
4247,76,76,1,passion flower,passion flower
4248,76,76,1,passion flower,passion flower
4249,76,76,1,passion flower,passion flower
4250,76,37,0,passion flower,great masterwort
4251,76,76,1,passion flower,passion flower
4252,76,76,1,passion flower,passion flower
4253,76,76,1,passion flower,passion flower
4254,76,76,1,passion flower,passion flower
4255,76,76,1,passion flower,passion flower
4256,76,37,0,passion flower,great masterwort
4257,76,76,1,passion flower,passion flower
4258,76,21,0,passion flower,pincushion flower
4259,76,76,1,passion flower,passion flower
4260,76,76,1,passion flower,passion flower
4261,76,76,1,passion flower,passion flower
4262,76,76,1,passion flower,passion flower
4263,76,76,1,passion flower,passion flower
4264,76,76,1,passion flower,passion flower
4265,76,34,0,passion flower,alpine sea holly
4266,76,76,1,passion flower,passion flower
4267,76,5,0,passion flower,tiger lily
4268,76,34,0,passion flower,alpine sea holly
4269,76,37,0,passion flower,great masterwort
4270,76,76,1,passion flower,passion flower
4271,76,76,1,passion flower,passion flower
4272,76,76,1,passion flower,passion flower
4273,76,37,0,passion flower,great masterwort
4274,76,27,0,passion flower,stemless gentian
4275,76,37,0,passion flower,great masterwort
4276,76,76,1,passion flower,passion flower
4277,76,76,1,passion flower,passion flower
4278,76,76,1,passion flower,passion flower
4279,76,76,1,passion flower,passion flower
4280,76,76,1,passion flower,passion flower
4281,76,76,1,passion flower,passion flower
4282,76,34,0,passion flower,alpine sea holly
4283,76,76,1,passion flower,passion flower
4284,76,76,1,passion flower,passion flower
4285,76,76,1,passion flower,passion flower
4286,76,76,1,passion flower,passion flower
4287,76,76,1,passion flower,passion flower
4288,76,76,1,passion flower,passion flower
4289,76,76,1,passion flower,passion flower
4290,76,76,1,passion flower,passion flower
4291,76,76,1,passion flower,passion flower
4292,76,76,1,passion flower,passion flower
4293,76,76,1,passion flower,passion flower
4294,76,76,1,passion flower,passion flower
4295,76,76,1,passion flower,passion flower
4296,76,76,1,passion flower,passion flower
4297,76,76,1,passion flower,passion flower
4298,76,37,0,passion flower,great masterwort
4299,76,76,1,passion flower,passion flower
4300,76,76,1,passion flower,passion flower
4301,76,37,0,passion flower,great masterwort
4302,76,76,1,passion flower,passion flower
4303,76,76,1,passion flower,passion flower
4304,76,76,1,passion flower,passion flower
4305,76,76,1,passion flower,passion flower
4306,76,78,0,passion flower,toad lily
4307,76,76,1,passion flower,passion flower
4308,76,76,1,passion flower,passion flower
4309,76,76,1,passion flower,passion flower
4310,76,76,1,passion flower,passion flower
4311,76,76,1,passion flower,passion flower
4312,76,76,1,passion flower,passion flower
4313,76,76,1,passion flower,passion flower
4314,76,78,0,passion flower,toad lily
4315,76,76,1,passion flower,passion flower
4316,76,76,1,passion flower,passion flower
4317,76,34,0,passion flower,alpine sea holly
4318,76,76,1,passion flower,passion flower
4319,76,76,1,passion flower,passion flower
4320,76,76,1,passion flower,passion flower
4321,76,76,1,passion flower,passion flower
4322,76,76,1,passion flower,passion flower
4323,76,76,1,passion flower,passion flower
4324,76,76,1,passion flower,passion flower
4325,76,76,1,passion flower,passion flower
4326,76,76,1,passion flower,passion flower
4327,76,76,1,passion flower,passion flower
4328,76,76,1,passion flower,passion flower
4329,76,37,0,passion flower,great masterwort
4330,76,76,1,passion flower,passion flower
4331,76,76,1,passion flower,passion flower
4332,77,72,0,lotus,water lily
4333,77,38,0,lotus,siam tulip
4334,77,73,0,lotus,rose
4335,77,72,0,lotus,water lily
4336,77,77,1,lotus,lotus
4337,77,73,0,lotus,rose
4338,77,68,0,lotus,windflower
4339,77,77,1,lotus,lotus
4340,77,41,0,lotus,daffodil
4341,77,79,0,lotus,anthurium
4342,77,72,0,lotus,water lily
4343,77,77,1,lotus,lotus
4344,77,73,0,lotus,rose
4345,77,54,0,lotus,pelargonium
4346,77,77,1,lotus,lotus
4347,77,77,1,lotus,lotus
4348,77,77,1,lotus,lotus
4349,77,89,0,lotus,canna lily
4350,77,73,0,lotus,rose
4351,77,94,0,lotus,bougainvillea
4352,77,77,1,lotus,lotus
4353,77,83,0,lotus,columbine
4354,77,77,1,lotus,lotus
4355,77,77,1,lotus,lotus
4356,77,77,1,lotus,lotus
4357,77,77,1,lotus,lotus
4358,77,77,1,lotus,lotus
4359,77,77,1,lotus,lotus
4360,77,77,1,lotus,lotus
4361,77,77,1,lotus,lotus
4362,77,77,1,lotus,lotus
4363,77,77,1,lotus,lotus
4364,77,98,0,lotus,bromelia
4365,77,77,1,lotus,lotus
4366,77,84,0,lotus,desert-rose
4367,77,98,0,lotus,bromelia
4368,77,72,0,lotus,water lily
4369,77,77,1,lotus,lotus
4370,77,61,0,lotus,japanese anemone
4371,77,77,1,lotus,lotus
4372,77,77,1,lotus,lotus
4373,77,77,1,lotus,lotus
4374,77,84,0,lotus,desert-rose
4375,77,38,0,lotus,siam tulip
4376,77,98,0,lotus,bromelia
4377,77,87,0,lotus,cyclamen
4378,77,77,1,lotus,lotus
4379,77,77,1,lotus,lotus
4380,77,77,1,lotus,lotus
4381,77,77,1,lotus,lotus
4382,77,80,0,lotus,frangipani
4383,77,77,1,lotus,lotus
4384,77,77,1,lotus,lotus
4385,77,98,0,lotus,bromelia
4386,77,72,0,lotus,water lily
4387,77,77,1,lotus,lotus
4388,77,77,1,lotus,lotus
4389,77,77,1,lotus,lotus
4390,77,77,1,lotus,lotus
4391,77,83,0,lotus,columbine
4392,77,77,1,lotus,lotus
4393,77,77,1,lotus,lotus
4394,77,83,0,lotus,columbine
4395,77,98,0,lotus,bromelia
4396,77,87,0,lotus,cyclamen
4397,77,77,1,lotus,lotus
4398,77,87,0,lotus,cyclamen
4399,77,52,0,lotus,primula
4400,77,98,0,lotus,bromelia
4401,77,72,0,lotus,water lily
4402,77,77,1,lotus,lotus
4403,77,73,0,lotus,rose
4404,77,77,1,lotus,lotus
4405,77,95,0,lotus,camellia
4406,77,98,0,lotus,bromelia
4407,77,95,0,lotus,camellia
4408,77,52,0,lotus,primula
4409,77,77,1,lotus,lotus
4410,77,77,1,lotus,lotus
4411,77,86,0,lotus,magnolia
4412,77,41,0,lotus,daffodil
4413,77,77,1,lotus,lotus
4414,77,77,1,lotus,lotus
4415,77,77,1,lotus,lotus
4416,77,77,1,lotus,lotus
4417,77,87,0,lotus,cyclamen
4418,77,69,0,lotus,tree poppy
4419,77,77,1,lotus,lotus
4420,77,77,1,lotus,lotus
4421,77,77,1,lotus,lotus
4422,77,77,1,lotus,lotus
4423,77,77,1,lotus,lotus
4424,77,77,1,lotus,lotus
4425,77,77,1,lotus,lotus
4426,77,72,0,lotus,water lily
4427,77,80,0,lotus,frangipani
4428,77,77,1,lotus,lotus
4429,77,77,1,lotus,lotus
4430,77,77,1,lotus,lotus
4431,77,77,1,lotus,lotus
4432,77,72,0,lotus,water lily
4433,77,77,1,lotus,lotus
4434,77,77,1,lotus,lotus
4435,77,77,1,lotus,lotus
4436,77,77,1,lotus,lotus
4437,77,77,1,lotus,lotus
4438,77,6,0,lotus,moon orchid
4439,77,77,1,lotus,lotus
4440,77,77,1,lotus,lotus
4441,77,77,1,lotus,lotus
4442,77,73,0,lotus,rose
4443,77,77,1,lotus,lotus
4444,77,77,1,lotus,lotus
4445,77,77,1,lotus,lotus
4446,77,66,0,lotus,spring crocus
4447,77,87,0,lotus,cyclamen
4448,77,77,1,lotus,lotus
4449,78,78,1,toad lily,toad lily
4450,78,78,1,toad lily,toad lily
4451,78,78,1,toad lily,toad lily
4452,78,78,1,toad lily,toad lily
4453,78,78,1,toad lily,toad lily
4454,78,78,1,toad lily,toad lily
4455,78,78,1,toad lily,toad lily
4456,78,78,1,toad lily,toad lily
4457,78,78,1,toad lily,toad lily
4458,78,78,1,toad lily,toad lily
4459,78,78,1,toad lily,toad lily
4460,78,78,1,toad lily,toad lily
4461,78,78,1,toad lily,toad lily
4462,78,78,1,toad lily,toad lily
4463,78,78,1,toad lily,toad lily
4464,78,78,1,toad lily,toad lily
4465,78,78,1,toad lily,toad lily
4466,78,78,1,toad lily,toad lily
4467,78,78,1,toad lily,toad lily
4468,78,78,1,toad lily,toad lily
4469,78,78,1,toad lily,toad lily
4470,79,79,1,anthurium,anthurium
4471,79,79,1,anthurium,anthurium
4472,79,79,1,anthurium,anthurium
4473,79,6,0,anthurium,moon orchid
4474,79,79,1,anthurium,anthurium
4475,79,79,1,anthurium,anthurium
4476,79,79,1,anthurium,anthurium
4477,79,79,1,anthurium,anthurium
4478,79,79,1,anthurium,anthurium
4479,79,79,1,anthurium,anthurium
4480,79,79,1,anthurium,anthurium
4481,79,79,1,anthurium,anthurium
4482,79,79,1,anthurium,anthurium
4483,79,79,1,anthurium,anthurium
4484,79,79,1,anthurium,anthurium
4485,79,79,1,anthurium,anthurium
4486,79,90,0,anthurium,hippeastrum
4487,79,79,1,anthurium,anthurium
4488,79,79,1,anthurium,anthurium
4489,79,79,1,anthurium,anthurium
4490,79,79,1,anthurium,anthurium
4491,79,79,1,anthurium,anthurium
4492,79,79,1,anthurium,anthurium
4493,79,101,0,anthurium,blackberry lily
4494,79,79,1,anthurium,anthurium
4495,79,79,1,anthurium,anthurium
4496,79,79,1,anthurium,anthurium
4497,79,79,1,anthurium,anthurium
4498,79,79,1,anthurium,anthurium
4499,79,79,1,anthurium,anthurium
4500,79,79,1,anthurium,anthurium
4501,79,77,0,anthurium,lotus
4502,79,79,1,anthurium,anthurium
4503,79,79,1,anthurium,anthurium
4504,79,79,1,anthurium,anthurium
4505,79,79,1,anthurium,anthurium
4506,79,79,1,anthurium,anthurium
4507,79,90,0,anthurium,hippeastrum
4508,79,19,0,anthurium,giant white arum lily
4509,79,79,1,anthurium,anthurium
4510,79,79,1,anthurium,anthurium
4511,79,73,0,anthurium,rose
4512,79,74,0,anthurium,thorn apple
4513,79,79,1,anthurium,anthurium
4514,79,79,1,anthurium,anthurium
4515,79,79,1,anthurium,anthurium
4516,79,79,1,anthurium,anthurium
4517,79,79,1,anthurium,anthurium
4518,79,79,1,anthurium,anthurium
4519,79,79,1,anthurium,anthurium
4520,79,79,1,anthurium,anthurium
4521,79,79,1,anthurium,anthurium
4522,79,66,0,anthurium,spring crocus
4523,79,79,1,anthurium,anthurium
4524,79,79,1,anthurium,anthurium
4525,79,79,1,anthurium,anthurium
4526,79,79,1,anthurium,anthurium
4527,79,79,1,anthurium,anthurium
4528,79,79,1,anthurium,anthurium
4529,79,79,1,anthurium,anthurium
4530,79,79,1,anthurium,anthurium
4531,79,79,1,anthurium,anthurium
4532,79,79,1,anthurium,anthurium
4533,79,79,1,anthurium,anthurium
4534,79,79,1,anthurium,anthurium
4535,79,86,0,anthurium,magnolia
4536,79,79,1,anthurium,anthurium
4537,79,79,1,anthurium,anthurium
4538,79,79,1,anthurium,anthurium
4539,79,79,1,anthurium,anthurium
4540,79,79,1,anthurium,anthurium
4541,79,79,1,anthurium,anthurium
4542,79,79,1,anthurium,anthurium
4543,79,79,1,anthurium,anthurium
4544,79,6,0,anthurium,moon orchid
4545,79,73,0,anthurium,rose
4546,79,79,1,anthurium,anthurium
4547,79,79,1,anthurium,anthurium
4548,79,79,1,anthurium,anthurium
4549,79,79,1,anthurium,anthurium
4550,79,79,1,anthurium,anthurium
4551,79,79,1,anthurium,anthurium
4552,79,66,0,anthurium,spring crocus
4553,79,79,1,anthurium,anthurium
4554,79,94,0,anthurium,bougainvillea
4555,80,80,1,frangipani,frangipani
4556,80,80,1,frangipani,frangipani
4557,80,80,1,frangipani,frangipani
4558,80,80,1,frangipani,frangipani
4559,80,80,1,frangipani,frangipani
4560,80,19,0,frangipani,giant white arum lily
4561,80,80,1,frangipani,frangipani
4562,80,80,1,frangipani,frangipani
4563,80,80,1,frangipani,frangipani
4564,80,80,1,frangipani,frangipani
4565,80,80,1,frangipani,frangipani
4566,80,80,1,frangipani,frangipani
4567,80,80,1,frangipani,frangipani
4568,80,84,0,frangipani,desert-rose
4569,80,80,1,frangipani,frangipani
4570,80,80,1,frangipani,frangipani
4571,80,80,1,frangipani,frangipani
4572,80,80,1,frangipani,frangipani
4573,80,80,1,frangipani,frangipani
4574,80,80,1,frangipani,frangipani
4575,80,80,1,frangipani,frangipani
4576,80,80,1,frangipani,frangipani
4577,80,80,1,frangipani,frangipani
4578,80,80,1,frangipani,frangipani
4579,80,80,1,frangipani,frangipani
4580,80,80,1,frangipani,frangipani
4581,80,80,1,frangipani,frangipani
4582,80,66,0,frangipani,spring crocus
4583,80,80,1,frangipani,frangipani
4584,80,80,1,frangipani,frangipani
4585,80,80,1,frangipani,frangipani
4586,80,80,1,frangipani,frangipani
4587,80,84,0,frangipani,desert-rose
4588,80,80,1,frangipani,frangipani
4589,80,80,1,frangipani,frangipani
4590,80,35,0,frangipani,ruby-lipped cattleya
4591,80,80,1,frangipani,frangipani
4592,80,19,0,frangipani,giant white arum lily
4593,80,19,0,frangipani,giant white arum lily
4594,80,80,1,frangipani,frangipani
4595,80,80,1,frangipani,frangipani
4596,80,80,1,frangipani,frangipani
4597,80,80,1,frangipani,frangipani
4598,80,80,1,frangipani,frangipani
4599,80,80,1,frangipani,frangipani
4600,80,19,0,frangipani,giant white arum lily
4601,80,10,0,frangipani,snapdragon
4602,80,80,1,frangipani,frangipani
4603,80,19,0,frangipani,giant white arum lily
4604,80,80,1,frangipani,frangipani
4605,80,80,1,frangipani,frangipani
4606,80,90,0,frangipani,hippeastrum
4607,80,80,1,frangipani,frangipani
4608,80,80,1,frangipani,frangipani
4609,80,66,0,frangipani,spring crocus
4610,80,80,1,frangipani,frangipani
4611,80,80,1,frangipani,frangipani
4612,80,84,0,frangipani,desert-rose
4613,80,80,1,frangipani,frangipani
4614,80,19,0,frangipani,giant white arum lily
4615,80,80,1,frangipani,frangipani
4616,80,80,1,frangipani,frangipani
4617,80,80,1,frangipani,frangipani
4618,80,19,0,frangipani,giant white arum lily
4619,80,80,1,frangipani,frangipani
4620,80,80,1,frangipani,frangipani
4621,80,80,1,frangipani,frangipani
4622,80,6,0,frangipani,moon orchid
4623,80,80,1,frangipani,frangipani
4624,80,80,1,frangipani,frangipani
4625,80,80,1,frangipani,frangipani
4626,80,80,1,frangipani,frangipani
4627,80,80,1,frangipani,frangipani
4628,80,80,1,frangipani,frangipani
4629,80,80,1,frangipani,frangipani
4630,80,84,0,frangipani,desert-rose
4631,80,80,1,frangipani,frangipani
4632,80,80,1,frangipani,frangipani
4633,80,67,0,frangipani,bearded iris
4634,80,35,0,frangipani,ruby-lipped cattleya
4635,80,80,1,frangipani,frangipani
4636,80,41,0,frangipani,daffodil
4637,80,66,0,frangipani,spring crocus
4638,80,80,1,frangipani,frangipani
4639,80,80,1,frangipani,frangipani
4640,80,84,0,frangipani,desert-rose
4641,80,80,1,frangipani,frangipani
4642,80,80,1,frangipani,frangipani
4643,80,35,0,frangipani,ruby-lipped cattleya
4644,80,80,1,frangipani,frangipani
4645,80,80,1,frangipani,frangipani
4646,80,43,0,frangipani,poinsettia
4647,80,80,1,frangipani,frangipani
4648,80,80,1,frangipani,frangipani
4649,80,80,1,frangipani,frangipani
4650,80,80,1,frangipani,frangipani
4651,80,71,0,frangipani,azalea
4652,80,19,0,frangipani,giant white arum lily
4653,80,35,0,frangipani,ruby-lipped cattleya
4654,80,66,0,frangipani,spring crocus
4655,80,80,1,frangipani,frangipani
4656,80,80,1,frangipani,frangipani
4657,80,94,0,frangipani,bougainvillea
4658,80,19,0,frangipani,giant white arum lily
4659,80,35,0,frangipani,ruby-lipped cattleya
4660,80,80,1,frangipani,frangipani
4661,80,80,1,frangipani,frangipani
4662,80,73,0,frangipani,rose
4663,80,35,0,frangipani,ruby-lipped cattleya
4664,80,84,0,frangipani,desert-rose
4665,80,80,1,frangipani,frangipani
4666,80,19,0,frangipani,giant white arum lily
4667,80,80,1,frangipani,frangipani
4668,80,80,1,frangipani,frangipani
4669,80,80,1,frangipani,frangipani
4670,80,80,1,frangipani,frangipani
4671,80,80,1,frangipani,frangipani
4672,80,80,1,frangipani,frangipani
4673,80,80,1,frangipani,frangipani
4674,80,80,1,frangipani,frangipani
4675,80,80,1,frangipani,frangipani
4676,80,80,1,frangipani,frangipani
4677,80,15,0,frangipani,globe-flower
4678,80,80,1,frangipani,frangipani
4679,80,80,1,frangipani,frangipani
4680,80,80,1,frangipani,frangipani
4681,80,80,1,frangipani,frangipani
4682,80,80,1,frangipani,frangipani
4683,80,80,1,frangipani,frangipani
4684,80,80,1,frangipani,frangipani
4685,80,80,1,frangipani,frangipani
4686,80,80,1,frangipani,frangipani
4687,80,80,1,frangipani,frangipani
4688,80,80,1,frangipani,frangipani
4689,80,80,1,frangipani,frangipani
4690,80,66,0,frangipani,spring crocus
4691,80,19,0,frangipani,giant white arum lily
4692,80,15,0,frangipani,globe-flower
4693,80,80,1,frangipani,frangipani
4694,80,80,1,frangipani,frangipani
4695,80,19,0,frangipani,giant white arum lily
4696,80,19,0,frangipani,giant white arum lily
4697,80,80,1,frangipani,frangipani
4698,80,80,1,frangipani,frangipani
4699,80,80,1,frangipani,frangipani
4700,80,80,1,frangipani,frangipani
4701,81,68,0,clematis,windflower
4702,81,81,1,clematis,clematis
4703,81,76,0,clematis,passion flower
4704,81,81,1,clematis,clematis
4705,81,81,1,clematis,clematis
4706,81,76,0,clematis,passion flower
4707,81,83,0,clematis,columbine
4708,81,39,0,clematis,lenten rose
4709,81,27,0,clematis,stemless gentian
4710,81,76,0,clematis,passion flower
4711,81,68,0,clematis,windflower
4712,81,81,1,clematis,clematis
4713,81,83,0,clematis,columbine
4714,81,17,0,clematis,peruvian lily
4715,81,39,0,clematis,lenten rose
4716,81,83,0,clematis,columbine
4717,81,80,0,clematis,frangipani
4718,81,3,0,clematis,sweet pea
4719,81,71,0,clematis,azalea
4720,81,27,0,clematis,stemless gentian
4721,81,17,0,clematis,peruvian lily
4722,81,81,1,clematis,clematis
4723,81,39,0,clematis,lenten rose
4724,81,76,0,clematis,passion flower
4725,81,39,0,clematis,lenten rose
4726,81,39,0,clematis,lenten rose
4727,81,81,1,clematis,clematis
4728,81,81,1,clematis,clematis
4729,81,98,0,clematis,bromelia
4730,81,32,0,clematis,love in the mist
4731,81,81,1,clematis,clematis
4732,81,81,1,clematis,clematis
4733,81,39,0,clematis,lenten rose
4734,81,39,0,clematis,lenten rose
4735,81,81,1,clematis,clematis
4736,81,81,1,clematis,clematis
4737,81,39,0,clematis,lenten rose
4738,81,81,1,clematis,clematis
4739,81,81,1,clematis,clematis
4740,81,0,0,clematis,pink primrose
4741,81,17,0,clematis,peruvian lily
4742,81,98,0,clematis,bromelia
4743,81,81,1,clematis,clematis
4744,81,83,0,clematis,columbine
4745,81,29,0,clematis,sweet william
4746,81,97,0,clematis,mexican petunia
4747,81,71,0,clematis,azalea
4748,81,39,0,clematis,lenten rose
4749,81,42,0,clematis,sword lily
4750,81,98,0,clematis,bromelia
4751,81,81,1,clematis,clematis
4752,81,71,0,clematis,azalea
4753,81,98,0,clematis,bromelia
4754,81,35,0,clematis,ruby-lipped cattleya
4755,81,68,0,clematis,windflower
4756,81,31,0,clematis,garden phlox
4757,81,71,0,clematis,azalea
4758,81,81,1,clematis,clematis
4759,81,81,1,clematis,clematis
4760,81,94,0,clematis,bougainvillea
4761,81,39,0,clematis,lenten rose
4762,81,39,0,clematis,lenten rose
4763,81,83,0,clematis,columbine
4764,81,81,1,clematis,clematis
4765,81,76,0,clematis,passion flower
4766,81,71,0,clematis,azalea
4767,81,81,1,clematis,clematis
4768,81,76,0,clematis,passion flower
4769,81,81,1,clematis,clematis
4770,81,81,1,clematis,clematis
4771,81,68,0,clematis,windflower
4772,81,76,0,clematis,passion flower
4773,81,81,1,clematis,clematis
4774,81,76,0,clematis,passion flower
4775,81,81,1,clematis,clematis
4776,81,44,0,clematis,bolero deep blue
4777,81,39,0,clematis,lenten rose
4778,81,81,1,clematis,clematis
4779,81,81,1,clematis,clematis
4780,81,6,0,clematis,moon orchid
4781,81,81,1,clematis,clematis
4782,81,17,0,clematis,peruvian lily
4783,81,76,0,clematis,passion flower
4784,81,76,0,clematis,passion flower
4785,81,31,0,clematis,garden phlox
4786,81,81,1,clematis,clematis
4787,81,81,1,clematis,clematis
4788,81,98,0,clematis,bromelia
4789,81,68,0,clematis,windflower
4790,81,81,1,clematis,clematis
4791,81,81,1,clematis,clematis
4792,81,83,0,clematis,columbine
4793,82,82,1,hibiscus,hibiscus
4794,82,35,0,hibiscus,ruby-lipped cattleya
4795,82,90,0,hibiscus,hippeastrum
4796,82,89,0,hibiscus,canna lily
4797,82,0,0,hibiscus,pink primrose
4798,82,82,1,hibiscus,hibiscus
4799,82,57,0,hibiscus,geranium
4800,82,82,1,hibiscus,hibiscus
4801,82,0,0,hibiscus,pink primrose
4802,82,82,1,hibiscus,hibiscus
4803,82,38,0,hibiscus,siam tulip
4804,82,55,0,hibiscus,bishop of llandaff
4805,82,82,1,hibiscus,hibiscus
4806,82,82,1,hibiscus,hibiscus
4807,82,46,0,hibiscus,marigold
4808,82,82,1,hibiscus,hibiscus
4809,82,55,0,hibiscus,bishop of llandaff
4810,82,55,0,hibiscus,bishop of llandaff
4811,82,15,0,hibiscus,globe-flower
4812,82,15,0,hibiscus,globe-flower
4813,82,82,1,hibiscus,hibiscus
4814,82,79,0,hibiscus,anthurium
4815,82,68,0,hibiscus,windflower
4816,82,69,0,hibiscus,tree poppy
4817,82,100,0,hibiscus,trumpet creeper
4818,82,82,1,hibiscus,hibiscus
4819,82,6,0,hibiscus,moon orchid
4820,82,79,0,hibiscus,anthurium
4821,82,97,0,hibiscus,mexican petunia
4822,82,82,1,hibiscus,hibiscus
4823,82,0,0,hibiscus,pink primrose
4824,82,89,0,hibiscus,canna lily
4825,82,17,0,hibiscus,peruvian lily
4826,82,64,0,hibiscus,californian poppy
4827,82,85,0,hibiscus,tree mallow
4828,82,6,0,hibiscus,moon orchid
4829,82,58,0,hibiscus,orange dahlia
4830,82,82,1,hibiscus,hibiscus
4831,82,15,0,hibiscus,globe-flower
4832,82,82,1,hibiscus,hibiscus
4833,82,82,1,hibiscus,hibiscus
4834,82,55,0,hibiscus,bishop of llandaff
4835,82,79,0,hibiscus,anthurium
4836,82,54,0,hibiscus,pelargonium
4837,82,89,0,hibiscus,canna lily
4838,82,97,0,hibiscus,mexican petunia
4839,82,88,0,hibiscus,watercress
4840,82,15,0,hibiscus,globe-flower
4841,82,55,0,hibiscus,bishop of llandaff
4842,82,31,0,hibiscus,garden phlox
4843,82,4,0,hibiscus,english marigold
4844,82,17,0,hibiscus,peruvian lily
4845,82,82,1,hibiscus,hibiscus
4846,82,46,0,hibiscus,marigold
4847,82,86,0,hibiscus,magnolia
4848,82,6,0,hibiscus,moon orchid
4849,82,98,0,hibiscus,bromelia
4850,82,0,0,hibiscus,pink primrose
4851,82,100,0,hibiscus,trumpet creeper
4852,82,82,1,hibiscus,hibiscus
4853,82,82,1,hibiscus,hibiscus
4854,82,82,1,hibiscus,hibiscus
4855,82,17,0,hibiscus,peruvian lily
4856,82,82,1,hibiscus,hibiscus
4857,82,77,0,hibiscus,lotus
4858,82,82,1,hibiscus,hibiscus
4859,82,82,1,hibiscus,hibiscus
4860,82,17,0,hibiscus,peruvian lily
4861,82,86,0,hibiscus,magnolia
4862,82,82,1,hibiscus,hibiscus
4863,82,6,0,hibiscus,moon orchid
4864,82,31,0,hibiscus,garden phlox
4865,82,82,1,hibiscus,hibiscus
4866,82,82,1,hibiscus,hibiscus
4867,82,69,0,hibiscus,tree poppy
4868,82,82,1,hibiscus,hibiscus
4869,82,88,0,hibiscus,watercress
4870,82,73,0,hibiscus,rose
4871,82,57,0,hibiscus,geranium
4872,82,57,0,hibiscus,geranium
4873,82,0,0,hibiscus,pink primrose
4874,82,85,0,hibiscus,tree mallow
4875,82,31,0,hibiscus,garden phlox
4876,82,90,0,hibiscus,hippeastrum
4877,82,82,1,hibiscus,hibiscus
4878,82,55,0,hibiscus,bishop of llandaff
4879,82,82,1,hibiscus,hibiscus
4880,82,73,0,hibiscus,rose
4881,82,82,1,hibiscus,hibiscus
4882,82,82,1,hibiscus,hibiscus
4883,82,82,1,hibiscus,hibiscus
4884,82,82,1,hibiscus,hibiscus
4885,82,82,1,hibiscus,hibiscus
4886,82,82,1,hibiscus,hibiscus
4887,82,100,0,hibiscus,trumpet creeper
4888,82,82,1,hibiscus,hibiscus
4889,82,50,0,hibiscus,petunia
4890,82,73,0,hibiscus,rose
4891,82,0,0,hibiscus,pink primrose
4892,82,82,1,hibiscus,hibiscus
4893,82,82,1,hibiscus,hibiscus
4894,82,43,0,hibiscus,poinsettia
4895,82,82,1,hibiscus,hibiscus
4896,82,82,1,hibiscus,hibiscus
4897,82,67,0,hibiscus,bearded iris
4898,82,82,1,hibiscus,hibiscus
4899,82,17,0,hibiscus,peruvian lily
4900,82,82,1,hibiscus,hibiscus
4901,82,82,1,hibiscus,hibiscus
4902,82,82,1,hibiscus,hibiscus
4903,82,86,0,hibiscus,magnolia
4904,83,89,0,columbine,canna lily
4905,83,83,1,columbine,columbine
4906,83,66,0,columbine,spring crocus
4907,83,38,0,columbine,siam tulip
4908,83,80,0,columbine,frangipani
4909,83,83,1,columbine,columbine
4910,83,39,0,columbine,lenten rose
4911,83,56,0,columbine,gaura
4912,83,83,1,columbine,columbine
4913,83,6,0,columbine,moon orchid
4914,83,56,0,columbine,gaura
4915,83,17,0,columbine,peruvian lily
4916,83,72,0,columbine,water lily
4917,83,89,0,columbine,canna lily
4918,83,91,0,columbine,bee balm
4919,83,72,0,columbine,water lily
4920,83,89,0,columbine,canna lily
4921,83,83,1,columbine,columbine
4922,83,83,1,columbine,columbine
4923,83,87,0,columbine,cyclamen
4924,83,61,0,columbine,japanese anemone
4925,83,83,1,columbine,columbine
4926,83,39,0,columbine,lenten rose
4927,83,83,1,columbine,columbine
4928,83,83,1,columbine,columbine
4929,83,51,0,columbine,wild pansy
4930,83,35,0,columbine,ruby-lipped cattleya
4931,83,91,0,columbine,bee balm
4932,83,39,0,columbine,lenten rose
4933,83,89,0,columbine,canna lily
4934,83,39,0,columbine,lenten rose
4935,83,39,0,columbine,lenten rose
4936,83,83,1,columbine,columbine
4937,83,83,1,columbine,columbine
4938,83,80,0,columbine,frangipani
4939,83,14,0,columbine,yellow iris
4940,83,91,0,columbine,bee balm
4941,83,68,0,columbine,windflower
4942,83,83,1,columbine,columbine
4943,83,89,0,columbine,canna lily
4944,83,83,1,columbine,columbine
4945,83,83,1,columbine,columbine
4946,83,88,0,columbine,watercress
4947,83,83,1,columbine,columbine
4948,83,12,0,columbine,king protea
4949,83,17,0,columbine,peruvian lily
4950,83,56,0,columbine,gaura
4951,83,72,0,columbine,water lily
4952,83,45,0,columbine,wallflower
4953,83,41,0,columbine,daffodil
4954,83,80,0,columbine,frangipani
4955,83,41,0,columbine,daffodil
4956,83,83,1,columbine,columbine
4957,83,91,0,columbine,bee balm
4958,83,83,1,columbine,columbine
4959,83,83,1,columbine,columbine
4960,83,84,0,columbine,desert-rose
4961,83,24,0,columbine,grape hyacinth
4962,83,41,0,columbine,daffodil
4963,83,98,0,columbine,bromelia
4964,83,101,0,columbine,blackberry lily
4965,83,84,0,columbine,desert-rose
4966,83,80,0,columbine,frangipani
4967,83,83,1,columbine,columbine
4968,83,80,0,columbine,frangipani
4969,83,83,1,columbine,columbine
4970,84,45,0,desert-rose,wallflower
4971,84,100,0,desert-rose,trumpet creeper
4972,84,84,1,desert-rose,desert-rose
4973,84,84,1,desert-rose,desert-rose
4974,84,84,1,desert-rose,desert-rose
4975,84,84,1,desert-rose,desert-rose
4976,84,84,1,desert-rose,desert-rose
4977,84,82,0,desert-rose,hibiscus
4978,84,79,0,desert-rose,anthurium
4979,84,84,1,desert-rose,desert-rose
4980,84,84,1,desert-rose,desert-rose
4981,84,84,1,desert-rose,desert-rose
4982,84,92,0,desert-rose,ball moss
4983,84,84,1,desert-rose,desert-rose
4984,84,84,1,desert-rose,desert-rose
4985,84,71,0,desert-rose,azalea
4986,84,84,1,desert-rose,desert-rose
4987,84,84,1,desert-rose,desert-rose
4988,84,84,1,desert-rose,desert-rose
4989,84,84,1,desert-rose,desert-rose
4990,84,89,0,desert-rose,canna lily
4991,84,84,1,desert-rose,desert-rose
4992,84,84,1,desert-rose,desert-rose
4993,84,84,1,desert-rose,desert-rose
4994,84,23,0,desert-rose,red ginger
4995,84,84,1,desert-rose,desert-rose
4996,84,84,1,desert-rose,desert-rose
4997,84,84,1,desert-rose,desert-rose
4998,84,83,0,desert-rose,columbine
4999,84,89,0,desert-rose,canna lily
5000,84,84,1,desert-rose,desert-rose
5001,84,84,1,desert-rose,desert-rose
5002,84,82,0,desert-rose,hibiscus
5003,84,84,1,desert-rose,desert-rose
5004,84,84,1,desert-rose,desert-rose
5005,84,84,1,desert-rose,desert-rose
5006,84,84,1,desert-rose,desert-rose
5007,84,84,1,desert-rose,desert-rose
5008,84,84,1,desert-rose,desert-rose
5009,84,84,1,desert-rose,desert-rose
5010,84,35,0,desert-rose,ruby-lipped cattleya
5011,84,84,1,desert-rose,desert-rose
5012,84,84,1,desert-rose,desert-rose
5013,85,85,1,tree mallow,tree mallow
5014,85,85,1,tree mallow,tree mallow
5015,85,85,1,tree mallow,tree mallow
5016,85,85,1,tree mallow,tree mallow
5017,85,85,1,tree mallow,tree mallow
5018,85,85,1,tree mallow,tree mallow
5019,85,31,0,tree mallow,garden phlox
5020,85,85,1,tree mallow,tree mallow
5021,85,31,0,tree mallow,garden phlox
5022,85,18,0,tree mallow,balloon flower
5023,85,85,1,tree mallow,tree mallow
5024,85,85,1,tree mallow,tree mallow
5025,85,85,1,tree mallow,tree mallow
5026,85,85,1,tree mallow,tree mallow
5027,85,85,1,tree mallow,tree mallow
5028,85,85,1,tree mallow,tree mallow
5029,85,71,0,tree mallow,azalea
5030,85,85,1,tree mallow,tree mallow
5031,85,85,1,tree mallow,tree mallow
5032,85,97,0,tree mallow,mexican petunia
5033,85,85,1,tree mallow,tree mallow
5034,85,31,0,tree mallow,garden phlox
5035,85,75,0,tree mallow,morning glory
5036,85,85,1,tree mallow,tree mallow
5037,85,75,0,tree mallow,morning glory
5038,85,85,1,tree mallow,tree mallow
5039,85,85,1,tree mallow,tree mallow
5040,85,85,1,tree mallow,tree mallow
5041,85,85,1,tree mallow,tree mallow
5042,85,85,1,tree mallow,tree mallow
5043,85,0,0,tree mallow,pink primrose
5044,85,96,0,tree mallow,mallow
5045,85,85,1,tree mallow,tree mallow
5046,85,85,1,tree mallow,tree mallow
5047,85,85,1,tree mallow,tree mallow
5048,85,85,1,tree mallow,tree mallow
5049,85,85,1,tree mallow,tree mallow
5050,85,85,1,tree mallow,tree mallow
5051,86,86,1,magnolia,magnolia
5052,86,86,1,magnolia,magnolia
5053,86,86,1,magnolia,magnolia
5054,86,86,1,magnolia,magnolia
5055,86,86,1,magnolia,magnolia
5056,86,86,1,magnolia,magnolia
5057,86,86,1,magnolia,magnolia
5058,86,3,0,magnolia,sweet pea
5059,86,86,1,magnolia,magnolia
5060,86,66,0,magnolia,spring crocus
5061,86,86,1,magnolia,magnolia
5062,86,86,1,magnolia,magnolia
5063,86,86,1,magnolia,magnolia
5064,86,66,0,magnolia,spring crocus
5065,86,27,0,magnolia,stemless gentian
5066,86,86,1,magnolia,magnolia
5067,86,86,1,magnolia,magnolia
5068,86,86,1,magnolia,magnolia
5069,86,86,1,magnolia,magnolia
5070,86,77,0,magnolia,lotus
5071,86,86,1,magnolia,magnolia
5072,86,86,1,magnolia,magnolia
5073,86,86,1,magnolia,magnolia
5074,86,86,1,magnolia,magnolia
5075,86,86,1,magnolia,magnolia
5076,86,86,1,magnolia,magnolia
5077,86,27,0,magnolia,stemless gentian
5078,86,86,1,magnolia,magnolia
5079,86,86,1,magnolia,magnolia
5080,86,86,1,magnolia,magnolia
5081,86,86,1,magnolia,magnolia
5082,86,3,0,magnolia,sweet pea
5083,86,86,1,magnolia,magnolia
5084,86,66,0,magnolia,spring crocus
5085,86,86,1,magnolia,magnolia
5086,86,86,1,magnolia,magnolia
5087,86,86,1,magnolia,magnolia
5088,86,86,1,magnolia,magnolia
5089,86,86,1,magnolia,magnolia
5090,86,86,1,magnolia,magnolia
5091,86,86,1,magnolia,magnolia
5092,86,66,0,magnolia,spring crocus
5093,86,86,1,magnolia,magnolia
5094,87,94,0,cyclamen,bougainvillea
5095,87,77,0,cyclamen,lotus
5096,87,87,1,cyclamen,cyclamen
5097,87,77,0,cyclamen,lotus
5098,87,87,1,cyclamen,cyclamen
5099,87,87,1,cyclamen,cyclamen
5100,87,56,0,cyclamen,gaura
5101,87,87,1,cyclamen,cyclamen
5102,87,87,1,cyclamen,cyclamen
5103,87,84,0,cyclamen,desert-rose
5104,87,66,0,cyclamen,spring crocus
5105,87,3,0,cyclamen,sweet pea
5106,87,94,0,cyclamen,bougainvillea
5107,87,6,0,cyclamen,moon orchid
5108,87,54,0,cyclamen,pelargonium
5109,87,87,1,cyclamen,cyclamen
5110,87,87,1,cyclamen,cyclamen
5111,87,19,0,cyclamen,giant white arum lily
5112,87,19,0,cyclamen,giant white arum lily
5113,87,35,0,cyclamen,ruby-lipped cattleya
5114,87,87,1,cyclamen,cyclamen
5115,87,87,1,cyclamen,cyclamen
5116,87,44,0,cyclamen,bolero deep blue
5117,87,79,0,cyclamen,anthurium
5118,87,77,0,cyclamen,lotus
5119,87,87,1,cyclamen,cyclamen
5120,87,77,0,cyclamen,lotus
5121,87,31,0,cyclamen,garden phlox
5122,87,84,0,cyclamen,desert-rose
5123,87,84,0,cyclamen,desert-rose
5124,87,35,0,cyclamen,ruby-lipped cattleya
5125,87,87,1,cyclamen,cyclamen
5126,87,13,0,cyclamen,spear thistle
5127,87,66,0,cyclamen,spring crocus
5128,87,84,0,cyclamen,desert-rose
5129,87,77,0,cyclamen,lotus
5130,87,77,0,cyclamen,lotus
5131,87,87,1,cyclamen,cyclamen
5132,87,38,0,cyclamen,siam tulip
5133,87,84,0,cyclamen,desert-rose
5134,87,87,1,cyclamen,cyclamen
5135,87,66,0,cyclamen,spring crocus
5136,87,87,1,cyclamen,cyclamen
5137,87,73,0,cyclamen,rose
5138,87,87,1,cyclamen,cyclamen
5139,87,19,0,cyclamen,giant white arum lily
5140,87,6,0,cyclamen,moon orchid
5141,87,87,1,cyclamen,cyclamen
5142,87,19,0,cyclamen,giant white arum lily
5143,87,87,1,cyclamen,cyclamen
5144,87,3,0,cyclamen,sweet pea
5145,87,84,0,cyclamen,desert-rose
5146,87,39,0,cyclamen,lenten rose
5147,87,94,0,cyclamen,bougainvillea
5148,87,94,0,cyclamen,bougainvillea
5149,87,66,0,cyclamen,spring crocus
5150,87,84,0,cyclamen,desert-rose
5151,87,94,0,cyclamen,bougainvillea
5152,87,86,0,cyclamen,magnolia
5153,87,77,0,cyclamen,lotus
5154,87,80,0,cyclamen,frangipani
5155,87,19,0,cyclamen,giant white arum lily
5156,87,54,0,cyclamen,pelargonium
5157,87,87,1,cyclamen,cyclamen
5158,87,3,0,cyclamen,sweet pea
5159,87,6,0,cyclamen,moon orchid
5160,87,87,1,cyclamen,cyclamen
5161,87,19,0,cyclamen,giant white arum lily
5162,87,94,0,cyclamen,bougainvillea
5163,87,35,0,cyclamen,ruby-lipped cattleya
5164,87,86,0,cyclamen,magnolia
5165,87,35,0,cyclamen,ruby-lipped cattleya
5166,87,87,1,cyclamen,cyclamen
5167,87,84,0,cyclamen,desert-rose
5168,87,28,0,cyclamen,artichoke
5169,87,94,0,cyclamen,bougainvillea
5170,87,87,1,cyclamen,cyclamen
5171,87,54,0,cyclamen,pelargonium
5172,87,19,0,cyclamen,giant white arum lily
5173,87,77,0,cyclamen,lotus
5174,87,6,0,cyclamen,moon orchid
5175,87,87,1,cyclamen,cyclamen
5176,87,87,1,cyclamen,cyclamen
5177,87,79,0,cyclamen,anthurium
5178,87,87,1,cyclamen,cyclamen
5179,87,84,0,cyclamen,desert-rose
5180,87,31,0,cyclamen,garden phlox
5181,87,86,0,cyclamen,magnolia
5182,87,87,1,cyclamen,cyclamen
5183,87,87,1,cyclamen,cyclamen
5184,87,77,0,cyclamen,lotus
5185,87,94,0,cyclamen,bougainvillea
5186,87,19,0,cyclamen,giant white arum lily
5187,87,87,1,cyclamen,cyclamen
5188,87,87,1,cyclamen,cyclamen
5189,87,18,0,cyclamen,balloon flower
5190,87,19,0,cyclamen,giant white arum lily
5191,87,87,1,cyclamen,cyclamen
5192,87,19,0,cyclamen,giant white arum lily
5193,87,87,1,cyclamen,cyclamen
5194,87,35,0,cyclamen,ruby-lipped cattleya
5195,87,19,0,cyclamen,giant white arum lily
5196,87,84,0,cyclamen,desert-rose
5197,87,35,0,cyclamen,ruby-lipped cattleya
5198,87,77,0,cyclamen,lotus
5199,87,94,0,cyclamen,bougainvillea
5200,87,79,0,cyclamen,anthurium
5201,87,6,0,cyclamen,moon orchid
5202,87,73,0,cyclamen,rose
5203,87,87,1,cyclamen,cyclamen
5204,87,19,0,cyclamen,giant white arum lily
5205,87,27,0,cyclamen,stemless gentian
5206,87,38,0,cyclamen,siam tulip
5207,87,18,0,cyclamen,balloon flower
5208,87,94,0,cyclamen,bougainvillea
5209,87,38,0,cyclamen,siam tulip
5210,87,3,0,cyclamen,sweet pea
5211,87,87,1,cyclamen,cyclamen
5212,87,84,0,cyclamen,desert-rose
5213,87,87,1,cyclamen,cyclamen
5214,87,19,0,cyclamen,giant white arum lily
5215,87,77,0,cyclamen,lotus
5216,87,63,0,cyclamen,silverbush
5217,87,77,0,cyclamen,lotus
5218,87,35,0,cyclamen,ruby-lipped cattleya
5219,87,19,0,cyclamen,giant white arum lily
5220,87,87,1,cyclamen,cyclamen
5221,87,87,1,cyclamen,cyclamen
5222,87,87,1,cyclamen,cyclamen
5223,87,30,0,cyclamen,carnation
5224,87,38,0,cyclamen,siam tulip
5225,87,54,0,cyclamen,pelargonium
5226,87,19,0,cyclamen,giant white arum lily
5227,87,87,1,cyclamen,cyclamen
5228,88,88,1,watercress,watercress
5229,88,82,0,watercress,hibiscus
5230,88,88,1,watercress,watercress
5231,88,88,1,watercress,watercress
5232,88,64,0,watercress,californian poppy
5233,88,67,0,watercress,bearded iris
5234,88,88,1,watercress,watercress
5235,88,88,1,watercress,watercress
5236,88,25,0,watercress,corn poppy
5237,88,88,1,watercress,watercress
5238,88,100,0,watercress,trumpet creeper
5239,88,64,0,watercress,californian poppy
5240,88,94,0,watercress,bougainvillea
5241,88,88,1,watercress,watercress
5242,88,88,1,watercress,watercress
5243,88,88,1,watercress,watercress
5244,88,88,1,watercress,watercress
5245,88,47,0,watercress,buttercup
5246,88,88,1,watercress,watercress
5247,88,88,1,watercress,watercress
5248,88,88,1,watercress,watercress
5249,88,88,1,watercress,watercress
5250,88,88,1,watercress,watercress
5251,88,88,1,watercress,watercress
5252,88,88,1,watercress,watercress
5253,88,88,1,watercress,watercress
5254,88,88,1,watercress,watercress
5255,88,88,1,watercress,watercress
5256,88,88,1,watercress,watercress
5257,88,82,0,watercress,hibiscus
5258,88,88,1,watercress,watercress
5259,88,88,1,watercress,watercress
5260,88,88,1,watercress,watercress
5261,88,88,1,watercress,watercress
5262,88,88,1,watercress,watercress
5263,88,88,1,watercress,watercress
5264,88,88,1,watercress,watercress
5265,88,88,1,watercress,watercress
5266,88,88,1,watercress,watercress
5267,88,88,1,watercress,watercress
5268,88,15,0,watercress,globe-flower
5269,88,88,1,watercress,watercress
5270,88,88,1,watercress,watercress
5271,88,15,0,watercress,globe-flower
5272,88,47,0,watercress,buttercup
5273,88,88,1,watercress,watercress
5274,88,45,0,watercress,wallflower
5275,88,88,1,watercress,watercress
5276,88,82,0,watercress,hibiscus
5277,88,50,0,watercress,petunia
5278,88,52,0,watercress,primula
5279,88,88,1,watercress,watercress
5280,88,82,0,watercress,hibiscus
5281,88,88,1,watercress,watercress
5282,88,88,1,watercress,watercress
5283,88,88,1,watercress,watercress
5284,88,88,1,watercress,watercress
5285,88,88,1,watercress,watercress
5286,88,88,1,watercress,watercress
5287,88,88,1,watercress,watercress
5288,88,88,1,watercress,watercress
5289,88,88,1,watercress,watercress
5290,88,88,1,watercress,watercress
5291,88,39,0,watercress,lenten rose
5292,88,88,1,watercress,watercress
5293,88,0,0,watercress,pink primrose
5294,88,88,1,watercress,watercress
5295,88,88,1,watercress,watercress
5296,88,0,0,watercress,pink primrose
5297,88,88,1,watercress,watercress
5298,88,73,0,watercress,rose
5299,88,25,0,watercress,corn poppy
5300,88,42,0,watercress,sword lily
5301,88,88,1,watercress,watercress
5302,88,88,1,watercress,watercress
5303,88,88,1,watercress,watercress
5304,88,88,1,watercress,watercress
5305,88,88,1,watercress,watercress
5306,88,88,1,watercress,watercress
5307,88,88,1,watercress,watercress
5308,88,0,0,watercress,pink primrose
5309,88,88,1,watercress,watercress
5310,88,82,0,watercress,hibiscus
5311,88,88,1,watercress,watercress
5312,88,96,0,watercress,mallow
5313,88,88,1,watercress,watercress
5314,88,88,1,watercress,watercress
5315,88,88,1,watercress,watercress
5316,88,88,1,watercress,watercress
5317,88,82,0,watercress,hibiscus
5318,88,82,0,watercress,hibiscus
5319,88,47,0,watercress,buttercup
5320,88,88,1,watercress,watercress
5321,88,88,1,watercress,watercress
5322,88,88,1,watercress,watercress
5323,88,88,1,watercress,watercress
5324,88,82,0,watercress,hibiscus
5325,88,50,0,watercress,petunia
5326,88,88,1,watercress,watercress
5327,88,88,1,watercress,watercress
5328,88,88,1,watercress,watercress
5329,88,88,1,watercress,watercress
5330,88,88,1,watercress,watercress
5331,88,88,1,watercress,watercress
5332,88,79,0,watercress,anthurium
5333,88,88,1,watercress,watercress
5334,88,88,1,watercress,watercress
5335,88,88,1,watercress,watercress
5336,88,17,0,watercress,peruvian lily
5337,88,45,0,watercress,wallflower
5338,88,88,1,watercress,watercress
5339,88,82,0,watercress,hibiscus
5340,88,88,1,watercress,watercress
5341,88,88,1,watercress,watercress
5342,88,88,1,watercress,watercress
5343,88,88,1,watercress,watercress
5344,88,88,1,watercress,watercress
5345,88,88,1,watercress,watercress
5346,88,88,1,watercress,watercress
5347,88,88,1,watercress,watercress
5348,88,88,1,watercress,watercress
5349,88,52,0,watercress,primula
5350,88,85,0,watercress,tree mallow
5351,88,45,0,watercress,wallflower
5352,88,88,1,watercress,watercress
5353,88,47,0,watercress,buttercup
5354,88,88,1,watercress,watercress
5355,88,88,1,watercress,watercress
5356,88,88,1,watercress,watercress
5357,88,88,1,watercress,watercress
5358,88,88,1,watercress,watercress
5359,88,88,1,watercress,watercress
5360,88,88,1,watercress,watercress
5361,88,88,1,watercress,watercress
5362,88,88,1,watercress,watercress
5363,88,88,1,watercress,watercress
5364,88,88,1,watercress,watercress
5365,88,88,1,watercress,watercress
5366,88,88,1,watercress,watercress
5367,88,82,0,watercress,hibiscus
5368,88,88,1,watercress,watercress
5369,88,88,1,watercress,watercress
5370,88,88,1,watercress,watercress
5371,88,88,1,watercress,watercress
5372,88,88,1,watercress,watercress
5373,88,88,1,watercress,watercress
5374,88,96,0,watercress,mallow
5375,88,4,0,watercress,english marigold
5376,88,88,1,watercress,watercress
5377,88,72,0,watercress,water lily
5378,88,88,1,watercress,watercress
5379,88,47,0,watercress,buttercup
5380,88,88,1,watercress,watercress
5381,88,88,1,watercress,watercress
5382,88,15,0,watercress,globe-flower
5383,88,46,0,watercress,marigold
5384,88,88,1,watercress,watercress
5385,88,88,1,watercress,watercress
5386,88,88,1,watercress,watercress
5387,88,88,1,watercress,watercress
5388,88,88,1,watercress,watercress
5389,88,94,0,watercress,bougainvillea
5390,88,88,1,watercress,watercress
5391,88,88,1,watercress,watercress
5392,89,89,1,canna lily,canna lily
5393,89,88,0,canna lily,watercress
5394,89,42,0,canna lily,sword lily
5395,89,88,0,canna lily,watercress
5396,89,80,0,canna lily,frangipani
5397,89,82,0,canna lily,hibiscus
5398,89,89,1,canna lily,canna lily
5399,89,89,1,canna lily,canna lily
5400,89,73,0,canna lily,rose
5401,89,100,0,canna lily,trumpet creeper
5402,89,6,0,canna lily,moon orchid
5403,89,89,1,canna lily,canna lily
5404,89,15,0,canna lily,globe-flower
5405,89,89,1,canna lily,canna lily
5406,89,15,0,canna lily,globe-flower
5407,89,27,0,canna lily,stemless gentian
5408,89,89,1,canna lily,canna lily
5409,89,89,1,canna lily,canna lily
5410,89,100,0,canna lily,trumpet creeper
5411,89,46,0,canna lily,marigold
5412,89,73,0,canna lily,rose
5413,89,5,0,canna lily,tiger lily
5414,89,15,0,canna lily,globe-flower
5415,89,88,0,canna lily,watercress
5416,89,88,0,canna lily,watercress
5417,89,6,0,canna lily,moon orchid
5418,89,89,1,canna lily,canna lily
5419,89,6,0,canna lily,moon orchid
5420,89,46,0,canna lily,marigold
5421,89,94,0,canna lily,bougainvillea
5422,89,46,0,canna lily,marigold
5423,89,89,1,canna lily,canna lily
5424,89,100,0,canna lily,trumpet creeper
5425,89,89,1,canna lily,canna lily
5426,89,89,1,canna lily,canna lily
5427,89,89,1,canna lily,canna lily
5428,89,19,0,canna lily,giant white arum lily
5429,89,41,0,canna lily,daffodil
5430,89,88,0,canna lily,watercress
5431,89,73,0,canna lily,rose
5432,89,88,0,canna lily,watercress
5433,89,89,1,canna lily,canna lily
5434,89,6,0,canna lily,moon orchid
5435,89,87,0,canna lily,cyclamen
5436,89,89,1,canna lily,canna lily
5437,89,89,1,canna lily,canna lily
5438,89,41,0,canna lily,daffodil
5439,89,89,1,canna lily,canna lily
5440,89,41,0,canna lily,daffodil
5441,89,73,0,canna lily,rose
5442,89,73,0,canna lily,rose
5443,89,42,0,canna lily,sword lily
5444,89,94,0,canna lily,bougainvillea
5445,89,89,1,canna lily,canna lily
5446,89,5,0,canna lily,tiger lily
5447,89,89,1,canna lily,canna lily
5448,89,46,0,canna lily,marigold
5449,89,55,0,canna lily,bishop of llandaff
5450,89,46,0,canna lily,marigold
5451,89,89,1,canna lily,canna lily
5452,89,88,0,canna lily,watercress
5453,89,100,0,canna lily,trumpet creeper
5454,90,50,0,hippeastrum,petunia
5455,90,90,1,hippeastrum,hippeastrum
5456,90,90,1,hippeastrum,hippeastrum
5457,90,55,0,hippeastrum,bishop of llandaff
5458,90,90,1,hippeastrum,hippeastrum
5459,90,6,0,hippeastrum,moon orchid
5460,90,90,1,hippeastrum,hippeastrum
5461,90,44,0,hippeastrum,bolero deep blue
5462,90,90,1,hippeastrum,hippeastrum
5463,90,90,1,hippeastrum,hippeastrum
5464,90,90,1,hippeastrum,hippeastrum
5465,90,90,1,hippeastrum,hippeastrum
5466,90,6,0,hippeastrum,moon orchid
5467,90,90,1,hippeastrum,hippeastrum
5468,90,90,1,hippeastrum,hippeastrum
5469,90,0,0,hippeastrum,pink primrose
5470,90,90,1,hippeastrum,hippeastrum
5471,90,6,0,hippeastrum,moon orchid
5472,90,41,0,hippeastrum,daffodil
5473,90,90,1,hippeastrum,hippeastrum
5474,90,90,1,hippeastrum,hippeastrum
5475,90,90,1,hippeastrum,hippeastrum
5476,90,90,1,hippeastrum,hippeastrum
5477,90,84,0,hippeastrum,desert-rose
5478,90,90,1,hippeastrum,hippeastrum
5479,90,90,1,hippeastrum,hippeastrum
5480,90,90,1,hippeastrum,hippeastrum
5481,90,90,1,hippeastrum,hippeastrum
5482,90,90,1,hippeastrum,hippeastrum
5483,90,90,1,hippeastrum,hippeastrum
5484,90,90,1,hippeastrum,hippeastrum
5485,90,90,1,hippeastrum,hippeastrum
5486,90,90,1,hippeastrum,hippeastrum
5487,90,90,1,hippeastrum,hippeastrum
5488,90,90,1,hippeastrum,hippeastrum
5489,90,42,0,hippeastrum,sword lily
5490,90,0,0,hippeastrum,pink primrose
5491,90,90,1,hippeastrum,hippeastrum
5492,90,79,0,hippeastrum,anthurium
5493,90,90,1,hippeastrum,hippeastrum
5494,90,90,1,hippeastrum,hippeastrum
5495,90,0,0,hippeastrum,pink primrose
5496,90,0,0,hippeastrum,pink primrose
5497,90,90,1,hippeastrum,hippeastrum
5498,90,90,1,hippeastrum,hippeastrum
5499,90,90,1,hippeastrum,hippeastrum
5500,90,90,1,hippeastrum,hippeastrum
5501,90,90,1,hippeastrum,hippeastrum
5502,90,90,1,hippeastrum,hippeastrum
5503,90,55,0,hippeastrum,bishop of llandaff
5504,90,90,1,hippeastrum,hippeastrum
5505,90,80,0,hippeastrum,frangipani
5506,90,90,1,hippeastrum,hippeastrum
5507,90,90,1,hippeastrum,hippeastrum
5508,90,90,1,hippeastrum,hippeastrum
5509,90,90,1,hippeastrum,hippeastrum
5510,91,98,0,bee balm,bromelia
5511,91,91,1,bee balm,bee balm
5512,91,91,1,bee balm,bee balm
5513,91,91,1,bee balm,bee balm
5514,91,91,1,bee balm,bee balm
5515,91,34,0,bee balm,alpine sea holly
5516,91,91,1,bee balm,bee balm
5517,91,91,1,bee balm,bee balm
5518,91,12,0,bee balm,king protea
5519,91,91,1,bee balm,bee balm
5520,91,91,1,bee balm,bee balm
5521,91,34,0,bee balm,alpine sea holly
5522,91,91,1,bee balm,bee balm
5523,91,91,1,bee balm,bee balm
5524,91,12,0,bee balm,king protea
5525,91,91,1,bee balm,bee balm
5526,91,91,1,bee balm,bee balm
5527,91,91,1,bee balm,bee balm
5528,91,91,1,bee balm,bee balm
5529,91,91,1,bee balm,bee balm
5530,91,91,1,bee balm,bee balm
5531,91,91,1,bee balm,bee balm
5532,91,12,0,bee balm,king protea
5533,91,91,1,bee balm,bee balm
5534,91,91,1,bee balm,bee balm
5535,91,91,1,bee balm,bee balm
5536,91,76,0,bee balm,passion flower
5537,91,91,1,bee balm,bee balm
5538,91,91,1,bee balm,bee balm
5539,91,91,1,bee balm,bee balm
5540,91,91,1,bee balm,bee balm
5541,91,32,0,bee balm,love in the mist
5542,91,91,1,bee balm,bee balm
5543,91,98,0,bee balm,bromelia
5544,91,91,1,bee balm,bee balm
5545,91,91,1,bee balm,bee balm
5546,91,101,0,bee balm,blackberry lily
5547,91,91,1,bee balm,bee balm
5548,91,34,0,bee balm,alpine sea holly
5549,91,34,0,bee balm,alpine sea holly
5550,91,34,0,bee balm,alpine sea holly
5551,91,91,1,bee balm,bee balm
5552,91,91,1,bee balm,bee balm
5553,91,91,1,bee balm,bee balm
5554,91,91,1,bee balm,bee balm
5555,91,91,1,bee balm,bee balm
5556,92,92,1,ball moss,ball moss
5557,92,92,1,ball moss,ball moss
5558,92,92,1,ball moss,ball moss
5559,92,92,1,ball moss,ball moss
5560,92,92,1,ball moss,ball moss
5561,92,13,0,ball moss,spear thistle
5562,92,92,1,ball moss,ball moss
5563,92,92,1,ball moss,ball moss
5564,92,13,0,ball moss,spear thistle
5565,92,7,0,ball moss,bird of paradise
5566,92,18,0,ball moss,balloon flower
5567,92,92,1,ball moss,ball moss
5568,92,87,0,ball moss,cyclamen
5569,92,34,0,ball moss,alpine sea holly
5570,92,92,1,ball moss,ball moss
5571,92,92,1,ball moss,ball moss
5572,92,85,0,ball moss,tree mallow
5573,92,92,1,ball moss,ball moss
5574,92,92,1,ball moss,ball moss
5575,92,92,1,ball moss,ball moss
5576,92,13,0,ball moss,spear thistle
5577,92,92,1,ball moss,ball moss
5578,92,92,1,ball moss,ball moss
5579,92,29,0,ball moss,sweet william
5580,92,92,1,ball moss,ball moss
5581,92,92,1,ball moss,ball moss
5582,93,29,0,foxglove,sweet william
5583,93,31,0,foxglove,garden phlox
5584,93,29,0,foxglove,sweet william
5585,93,93,1,foxglove,foxglove
5586,93,93,1,foxglove,foxglove
5587,93,93,1,foxglove,foxglove
5588,93,93,1,foxglove,foxglove
5589,93,93,1,foxglove,foxglove
5590,93,93,1,foxglove,foxglove
5591,93,93,1,foxglove,foxglove
5592,93,93,1,foxglove,foxglove
5593,93,93,1,foxglove,foxglove
5594,93,93,1,foxglove,foxglove
5595,93,29,0,foxglove,sweet william
5596,93,93,1,foxglove,foxglove
5597,93,93,1,foxglove,foxglove
5598,93,93,1,foxglove,foxglove
5599,93,10,0,foxglove,snapdragon
5600,93,37,0,foxglove,great masterwort
5601,93,93,1,foxglove,foxglove
5602,93,10,0,foxglove,snapdragon
5603,93,93,1,foxglove,foxglove
5604,93,93,1,foxglove,foxglove
5605,93,93,1,foxglove,foxglove
5606,93,93,1,foxglove,foxglove
5607,93,93,1,foxglove,foxglove
5608,93,93,1,foxglove,foxglove
5609,93,43,0,foxglove,poinsettia
5610,93,29,0,foxglove,sweet william
5611,93,93,1,foxglove,foxglove
5612,93,31,0,foxglove,garden phlox
5613,93,3,0,foxglove,sweet pea
5614,93,93,1,foxglove,foxglove
5615,93,93,1,foxglove,foxglove
5616,93,93,1,foxglove,foxglove
5617,93,93,1,foxglove,foxglove
5618,93,93,1,foxglove,foxglove
5619,93,93,1,foxglove,foxglove
5620,93,93,1,foxglove,foxglove
5621,93,93,1,foxglove,foxglove
5622,93,93,1,foxglove,foxglove
5623,93,29,0,foxglove,sweet william
5624,93,93,1,foxglove,foxglove
5625,93,93,1,foxglove,foxglove
5626,93,93,1,foxglove,foxglove
5627,93,100,0,foxglove,trumpet creeper
5628,93,93,1,foxglove,foxglove
5629,93,29,0,foxglove,sweet william
5630,93,93,1,foxglove,foxglove
5631,93,93,1,foxglove,foxglove
5632,93,96,0,foxglove,mallow
5633,93,93,1,foxglove,foxglove
5634,93,93,1,foxglove,foxglove
5635,93,22,0,foxglove,fritillary
5636,93,93,1,foxglove,foxglove
5637,93,93,1,foxglove,foxglove
5638,93,6,0,foxglove,moon orchid
5639,93,93,1,foxglove,foxglove
5640,93,93,1,foxglove,foxglove
5641,93,29,0,foxglove,sweet william
5642,93,93,1,foxglove,foxglove
5643,93,93,1,foxglove,foxglove
5644,93,93,1,foxglove,foxglove
5645,93,93,1,foxglove,foxglove
5646,93,93,1,foxglove,foxglove
5647,93,93,1,foxglove,foxglove
5648,93,28,0,foxglove,artichoke
5649,93,93,1,foxglove,foxglove
5650,93,93,1,foxglove,foxglove
5651,93,93,1,foxglove,foxglove
5652,93,93,1,foxglove,foxglove
5653,93,93,1,foxglove,foxglove
5654,93,93,1,foxglove,foxglove
5655,93,2,0,foxglove,canterbury bells
5656,93,96,0,foxglove,mallow
5657,93,29,0,foxglove,sweet william
5658,93,36,0,foxglove,cape flower
5659,93,93,1,foxglove,foxglove
5660,93,93,1,foxglove,foxglove
5661,93,31,0,foxglove,garden phlox
5662,93,93,1,foxglove,foxglove
5663,93,93,1,foxglove,foxglove
5664,93,93,1,foxglove,foxglove
5665,93,93,1,foxglove,foxglove
5666,93,93,1,foxglove,foxglove
5667,93,22,0,foxglove,fritillary
5668,93,93,1,foxglove,foxglove
5669,93,93,1,foxglove,foxglove
5670,93,93,1,foxglove,foxglove
5671,93,8,0,foxglove,monkshood
5672,93,93,1,foxglove,foxglove
5673,93,2,0,foxglove,canterbury bells
5674,93,29,0,foxglove,sweet william
5675,93,93,1,foxglove,foxglove
5676,93,10,0,foxglove,snapdragon
5677,93,65,0,foxglove,osteospermum
5678,93,93,1,foxglove,foxglove
5679,93,93,1,foxglove,foxglove
5680,93,93,1,foxglove,foxglove
5681,93,93,1,foxglove,foxglove
5682,93,93,1,foxglove,foxglove
5683,93,2,0,foxglove,canterbury bells
5684,93,93,1,foxglove,foxglove
5685,93,93,1,foxglove,foxglove
5686,93,93,1,foxglove,foxglove
5687,93,93,1,foxglove,foxglove
5688,93,30,0,foxglove,carnation
5689,93,93,1,foxglove,foxglove
5690,93,93,1,foxglove,foxglove
5691,93,44,0,foxglove,bolero deep blue
5692,93,10,0,foxglove,snapdragon
5693,93,93,1,foxglove,foxglove
5694,93,93,1,foxglove,foxglove
5695,93,93,1,foxglove,foxglove
5696,93,93,1,foxglove,foxglove
5697,93,93,1,foxglove,foxglove
5698,93,93,1,foxglove,foxglove
5699,93,93,1,foxglove,foxglove
5700,93,93,1,foxglove,foxglove
5701,93,93,1,foxglove,foxglove
5702,93,93,1,foxglove,foxglove
5703,93,93,1,foxglove,foxglove
5704,93,93,1,foxglove,foxglove
5705,93,93,1,foxglove,foxglove
5706,93,93,1,foxglove,foxglove
5707,93,3,0,foxglove,sweet pea
5708,93,93,1,foxglove,foxglove
5709,93,94,0,foxglove,bougainvillea
5710,93,93,1,foxglove,foxglove
5711,93,93,1,foxglove,foxglove
5712,93,29,0,foxglove,sweet william
5713,93,93,1,foxglove,foxglove
5714,93,93,1,foxglove,foxglove
5715,93,93,1,foxglove,foxglove
5716,93,93,1,foxglove,foxglove
5717,93,93,1,foxglove,foxglove
5718,93,93,1,foxglove,foxglove
5719,93,93,1,foxglove,foxglove
5720,93,37,0,foxglove,great masterwort
5721,93,93,1,foxglove,foxglove
5722,93,93,1,foxglove,foxglove
5723,93,93,1,foxglove,foxglove
5724,94,94,1,bougainvillea,bougainvillea
5725,94,38,0,bougainvillea,siam tulip
5726,94,94,1,bougainvillea,bougainvillea
5727,94,94,1,bougainvillea,bougainvillea
5728,94,79,0,bougainvillea,anthurium
5729,94,94,1,bougainvillea,bougainvillea
5730,94,94,1,bougainvillea,bougainvillea
5731,94,94,1,bougainvillea,bougainvillea
5732,94,39,0,bougainvillea,lenten rose
5733,94,100,0,bougainvillea,trumpet creeper
5734,94,39,0,bougainvillea,lenten rose
5735,94,94,1,bougainvillea,bougainvillea
5736,94,79,0,bougainvillea,anthurium
5737,94,94,1,bougainvillea,bougainvillea
5738,94,94,1,bougainvillea,bougainvillea
5739,94,94,1,bougainvillea,bougainvillea
5740,94,90,0,bougainvillea,hippeastrum
5741,94,100,0,bougainvillea,trumpet creeper
5742,94,44,0,bougainvillea,bolero deep blue
5743,94,95,0,bougainvillea,camellia
5744,94,94,1,bougainvillea,bougainvillea
5745,94,73,0,bougainvillea,rose
5746,94,88,0,bougainvillea,watercress
5747,94,100,0,bougainvillea,trumpet creeper
5748,94,45,0,bougainvillea,wallflower
5749,94,94,1,bougainvillea,bougainvillea
5750,94,94,1,bougainvillea,bougainvillea
5751,94,94,1,bougainvillea,bougainvillea
5752,94,94,1,bougainvillea,bougainvillea
5753,94,71,0,bougainvillea,azalea
5754,94,94,1,bougainvillea,bougainvillea
5755,94,94,1,bougainvillea,bougainvillea
5756,94,94,1,bougainvillea,bougainvillea
5757,94,100,0,bougainvillea,trumpet creeper
5758,94,89,0,bougainvillea,canna lily
5759,94,94,1,bougainvillea,bougainvillea
5760,94,71,0,bougainvillea,azalea
5761,94,100,0,bougainvillea,trumpet creeper
5762,94,88,0,bougainvillea,watercress
5763,94,94,1,bougainvillea,bougainvillea
5764,94,44,0,bougainvillea,bolero deep blue
5765,94,94,1,bougainvillea,bougainvillea
5766,94,94,1,bougainvillea,bougainvillea
5767,94,94,1,bougainvillea,bougainvillea
5768,94,31,0,bougainvillea,garden phlox
5769,94,83,0,bougainvillea,columbine
5770,94,94,1,bougainvillea,bougainvillea
5771,94,8,0,bougainvillea,monkshood
5772,94,39,0,bougainvillea,lenten rose
5773,94,79,0,bougainvillea,anthurium
5774,94,31,0,bougainvillea,garden phlox
5775,94,39,0,bougainvillea,lenten rose
5776,94,94,1,bougainvillea,bougainvillea
5777,94,94,1,bougainvillea,bougainvillea
5778,94,96,0,bougainvillea,mallow
5779,94,38,0,bougainvillea,siam tulip
5780,94,31,0,bougainvillea,garden phlox
5781,94,42,0,bougainvillea,sword lily
5782,94,94,1,bougainvillea,bougainvillea
5783,94,98,0,bougainvillea,bromelia
5784,94,94,1,bougainvillea,bougainvillea
5785,94,94,1,bougainvillea,bougainvillea
5786,94,2,0,bougainvillea,canterbury bells
5787,94,80,0,bougainvillea,frangipani
5788,94,80,0,bougainvillea,frangipani
5789,94,94,1,bougainvillea,bougainvillea
5790,94,94,1,bougainvillea,bougainvillea
5791,94,100,0,bougainvillea,trumpet creeper
5792,94,73,0,bougainvillea,rose
5793,94,38,0,bougainvillea,siam tulip
5794,94,27,0,bougainvillea,stemless gentian
5795,94,94,1,bougainvillea,bougainvillea
5796,94,94,1,bougainvillea,bougainvillea
5797,94,100,0,bougainvillea,trumpet creeper
5798,94,94,1,bougainvillea,bougainvillea
5799,94,94,1,bougainvillea,bougainvillea
5800,94,35,0,bougainvillea,ruby-lipped cattleya
5801,94,94,1,bougainvillea,bougainvillea
5802,94,100,0,bougainvillea,trumpet creeper
5803,94,94,1,bougainvillea,bougainvillea
5804,94,39,0,bougainvillea,lenten rose
5805,94,97,0,bougainvillea,mexican petunia
5806,94,94,1,bougainvillea,bougainvillea
5807,94,94,1,bougainvillea,bougainvillea
5808,94,84,0,bougainvillea,desert-rose
5809,94,6,0,bougainvillea,moon orchid
5810,94,94,1,bougainvillea,bougainvillea
5811,94,27,0,bougainvillea,stemless gentian
5812,94,94,1,bougainvillea,bougainvillea
5813,94,94,1,bougainvillea,bougainvillea
5814,94,27,0,bougainvillea,stemless gentian
5815,94,3,0,bougainvillea,sweet pea
5816,94,94,1,bougainvillea,bougainvillea
5817,94,0,0,bougainvillea,pink primrose
5818,94,96,0,bougainvillea,mallow
5819,94,94,1,bougainvillea,bougainvillea
5820,94,94,1,bougainvillea,bougainvillea
5821,94,71,0,bougainvillea,azalea
5822,94,19,0,bougainvillea,giant white arum lily
5823,94,94,1,bougainvillea,bougainvillea
5824,94,94,1,bougainvillea,bougainvillea
5825,94,39,0,bougainvillea,lenten rose
5826,94,3,0,bougainvillea,sweet pea
5827,94,94,1,bougainvillea,bougainvillea
5828,94,87,0,bougainvillea,cyclamen
5829,94,94,1,bougainvillea,bougainvillea
5830,94,94,1,bougainvillea,bougainvillea
5831,94,88,0,bougainvillea,watercress
5832,95,95,1,camellia,camellia
5833,95,47,0,camellia,buttercup
5834,95,95,1,camellia,camellia
5835,95,95,1,camellia,camellia
5836,95,95,1,camellia,camellia
5837,95,95,1,camellia,camellia
5838,95,95,1,camellia,camellia
5839,95,72,0,camellia,water lily
5840,95,95,1,camellia,camellia
5841,95,6,0,camellia,moon orchid
5842,95,95,1,camellia,camellia
5843,95,50,0,camellia,petunia
5844,95,45,0,camellia,wallflower
5845,95,95,1,camellia,camellia
5846,95,73,0,camellia,rose
5847,95,95,1,camellia,camellia
5848,95,95,1,camellia,camellia
5849,95,30,0,camellia,carnation
5850,95,73,0,camellia,rose
5851,95,72,0,camellia,water lily
5852,95,95,1,camellia,camellia
5853,95,79,0,camellia,anthurium
5854,95,95,1,camellia,camellia
5855,95,63,0,camellia,silverbush
5856,95,66,0,camellia,spring crocus
5857,95,95,1,camellia,camellia
5858,95,95,1,camellia,camellia
5859,95,63,0,camellia,silverbush
5860,95,73,0,camellia,rose
5861,95,6,0,camellia,moon orchid
5862,95,63,0,camellia,silverbush
5863,95,95,1,camellia,camellia
5864,95,73,0,camellia,rose
5865,95,95,1,camellia,camellia
5866,95,100,0,camellia,trumpet creeper
5867,95,88,0,camellia,watercress
5868,95,95,1,camellia,camellia
5869,95,95,1,camellia,camellia
5870,95,95,1,camellia,camellia
5871,95,95,1,camellia,camellia
5872,95,95,1,camellia,camellia
5873,95,17,0,camellia,peruvian lily
5874,95,95,1,camellia,camellia
5875,95,95,1,camellia,camellia
5876,95,95,1,camellia,camellia
5877,95,92,0,camellia,ball moss
5878,95,95,1,camellia,camellia
5879,95,6,0,camellia,moon orchid
5880,95,95,1,camellia,camellia
5881,95,73,0,camellia,rose
5882,95,95,1,camellia,camellia
5883,95,39,0,camellia,lenten rose
5884,95,95,1,camellia,camellia
5885,95,69,0,camellia,tree poppy
5886,95,30,0,camellia,carnation
5887,95,73,0,camellia,rose
5888,95,95,1,camellia,camellia
5889,95,66,0,camellia,spring crocus
5890,95,95,1,camellia,camellia
5891,95,79,0,camellia,anthurium
5892,95,73,0,camellia,rose
5893,95,8,0,camellia,monkshood
5894,95,39,0,camellia,lenten rose
5895,95,0,0,camellia,pink primrose
5896,95,39,0,camellia,lenten rose
5897,95,96,0,camellia,mallow
5898,95,66,0,camellia,spring crocus
5899,95,73,0,camellia,rose
5900,95,96,0,camellia,mallow
5901,95,79,0,camellia,anthurium
5902,95,6,0,camellia,moon orchid
5903,96,79,0,mallow,anthurium
5904,96,89,0,mallow,canna lily
5905,96,79,0,mallow,anthurium
5906,96,79,0,mallow,anthurium
5907,96,96,1,mallow,mallow
5908,96,0,0,mallow,pink primrose
5909,96,96,1,mallow,mallow
5910,96,79,0,mallow,anthurium
5911,96,79,0,mallow,anthurium
5912,96,90,0,mallow,hippeastrum
5913,96,96,1,mallow,mallow
5914,96,79,0,mallow,anthurium
5915,96,79,0,mallow,anthurium
5916,96,96,1,mallow,mallow
5917,96,96,1,mallow,mallow
5918,96,5,0,mallow,tiger lily
5919,96,39,0,mallow,lenten rose
5920,96,96,1,mallow,mallow
5921,96,96,1,mallow,mallow
5922,96,79,0,mallow,anthurium
5923,96,96,1,mallow,mallow
5924,96,96,1,mallow,mallow
5925,96,79,0,mallow,anthurium
5926,96,79,0,mallow,anthurium
5927,96,96,1,mallow,mallow
5928,96,82,0,mallow,hibiscus
5929,96,96,1,mallow,mallow
5930,96,96,1,mallow,mallow
5931,96,94,0,mallow,bougainvillea
5932,96,46,0,mallow,marigold
5933,96,0,0,mallow,pink primrose
5934,96,79,0,mallow,anthurium
5935,96,96,1,mallow,mallow
5936,96,73,0,mallow,rose
5937,96,96,1,mallow,mallow
5938,96,96,1,mallow,mallow
5939,96,79,0,mallow,anthurium
5940,96,96,1,mallow,mallow
5941,96,96,1,mallow,mallow
5942,96,96,1,mallow,mallow
5943,96,79,0,mallow,anthurium
5944,96,96,1,mallow,mallow
5945,96,96,1,mallow,mallow
5946,96,79,0,mallow,anthurium
5947,96,96,1,mallow,mallow
5948,96,96,1,mallow,mallow
5949,97,31,0,mexican petunia,garden phlox
5950,97,39,0,mexican petunia,lenten rose
5951,97,97,1,mexican petunia,mexican petunia
5952,97,83,0,mexican petunia,columbine
5953,97,83,0,mexican petunia,columbine
5954,97,97,1,mexican petunia,mexican petunia
5955,97,27,0,mexican petunia,stemless gentian
5956,97,31,0,mexican petunia,garden phlox
5957,97,97,1,mexican petunia,mexican petunia
5958,97,97,1,mexican petunia,mexican petunia
5959,97,83,0,mexican petunia,columbine
5960,97,97,1,mexican petunia,mexican petunia
5961,97,97,1,mexican petunia,mexican petunia
5962,97,28,0,mexican petunia,artichoke
5963,97,97,1,mexican petunia,mexican petunia
5964,97,97,1,mexican petunia,mexican petunia
5965,97,97,1,mexican petunia,mexican petunia
5966,97,97,1,mexican petunia,mexican petunia
5967,97,8,0,mexican petunia,monkshood
5968,97,83,0,mexican petunia,columbine
5969,97,97,1,mexican petunia,mexican petunia
5970,97,30,0,mexican petunia,carnation
5971,97,97,1,mexican petunia,mexican petunia
5972,97,97,1,mexican petunia,mexican petunia
5973,97,22,0,mexican petunia,fritillary
5974,97,22,0,mexican petunia,fritillary
5975,97,97,1,mexican petunia,mexican petunia
5976,97,97,1,mexican petunia,mexican petunia
5977,97,97,1,mexican petunia,mexican petunia
5978,97,18,0,mexican petunia,balloon flower
5979,97,71,0,mexican petunia,azalea
5980,97,97,1,mexican petunia,mexican petunia
5981,97,3,0,mexican petunia,sweet pea
5982,97,50,0,mexican petunia,petunia
5983,97,97,1,mexican petunia,mexican petunia
5984,97,3,0,mexican petunia,sweet pea
5985,97,97,1,mexican petunia,mexican petunia
5986,97,97,1,mexican petunia,mexican petunia
5987,97,97,1,mexican petunia,mexican petunia
5988,97,83,0,mexican petunia,columbine
5989,97,97,1,mexican petunia,mexican petunia
5990,97,71,0,mexican petunia,azalea
5991,97,97,1,mexican petunia,mexican petunia
5992,97,97,1,mexican petunia,mexican petunia
5993,97,50,0,mexican petunia,petunia
5994,97,31,0,mexican petunia,garden phlox
5995,97,97,1,mexican petunia,mexican petunia
5996,97,97,1,mexican petunia,mexican petunia
5997,97,23,0,mexican petunia,red ginger
5998,97,97,1,mexican petunia,mexican petunia
5999,97,8,0,mexican petunia,monkshood
6000,97,31,0,mexican petunia,garden phlox
6001,97,97,1,mexican petunia,mexican petunia
6002,97,97,1,mexican petunia,mexican petunia
6003,97,31,0,mexican petunia,garden phlox
6004,97,18,0,mexican petunia,balloon flower
6005,97,97,1,mexican petunia,mexican petunia
6006,97,97,1,mexican petunia,mexican petunia
6007,97,97,1,mexican petunia,mexican petunia
6008,97,97,1,mexican petunia,mexican petunia
6009,97,97,1,mexican petunia,mexican petunia
6010,97,10,0,mexican petunia,snapdragon
6011,98,81,0,bromelia,clematis
6012,98,98,1,bromelia,bromelia
6013,98,98,1,bromelia,bromelia
6014,98,98,1,bromelia,bromelia
6015,98,98,1,bromelia,bromelia
6016,98,98,1,bromelia,bromelia
6017,98,98,1,bromelia,bromelia
6018,98,98,1,bromelia,bromelia
6019,98,98,1,bromelia,bromelia
6020,98,98,1,bromelia,bromelia
6021,98,98,1,bromelia,bromelia
6022,98,98,1,bromelia,bromelia
6023,98,98,1,bromelia,bromelia
6024,98,98,1,bromelia,bromelia
6025,98,91,0,bromelia,bee balm
6026,98,98,1,bromelia,bromelia
6027,98,98,1,bromelia,bromelia
6028,98,98,1,bromelia,bromelia
6029,98,98,1,bromelia,bromelia
6030,98,98,1,bromelia,bromelia
6031,98,98,1,bromelia,bromelia
6032,98,98,1,bromelia,bromelia
6033,98,98,1,bromelia,bromelia
6034,98,98,1,bromelia,bromelia
6035,98,15,0,bromelia,globe-flower
6036,98,84,0,bromelia,desert-rose
6037,98,98,1,bromelia,bromelia
6038,98,98,1,bromelia,bromelia
6039,98,98,1,bromelia,bromelia
6040,98,98,1,bromelia,bromelia
6041,98,98,1,bromelia,bromelia
6042,98,98,1,bromelia,bromelia
6043,98,98,1,bromelia,bromelia
6044,98,98,1,bromelia,bromelia
6045,98,98,1,bromelia,bromelia
6046,98,98,1,bromelia,bromelia
6047,98,98,1,bromelia,bromelia
6048,98,98,1,bromelia,bromelia
6049,98,98,1,bromelia,bromelia
6050,98,98,1,bromelia,bromelia
6051,98,98,1,bromelia,bromelia
6052,98,98,1,bromelia,bromelia
6053,98,98,1,bromelia,bromelia
6054,99,99,1,blanket flower,blanket flower
6055,99,99,1,blanket flower,blanket flower
6056,99,99,1,blanket flower,blanket flower
6057,99,99,1,blanket flower,blanket flower
6058,99,99,1,blanket flower,blanket flower
6059,99,99,1,blanket flower,blanket flower
6060,99,99,1,blanket flower,blanket flower
6061,99,99,1,blanket flower,blanket flower
6062,99,99,1,blanket flower,blanket flower
6063,99,99,1,blanket flower,blanket flower
6064,99,99,1,blanket flower,blanket flower
6065,99,99,1,blanket flower,blanket flower
6066,99,99,1,blanket flower,blanket flower
6067,99,99,1,blanket flower,blanket flower
6068,99,99,1,blanket flower,blanket flower
6069,99,99,1,blanket flower,blanket flower
6070,99,99,1,blanket flower,blanket flower
6071,99,4,0,blanket flower,english marigold
6072,99,53,0,blanket flower,sunflower
6073,99,99,1,blanket flower,blanket flower
6074,99,99,1,blanket flower,blanket flower
6075,99,99,1,blanket flower,blanket flower
6076,99,99,1,blanket flower,blanket flower
6077,99,99,1,blanket flower,blanket flower
6078,99,99,1,blanket flower,blanket flower
6079,99,99,1,blanket flower,blanket flower
6080,99,99,1,blanket flower,blanket flower
6081,99,99,1,blanket flower,blanket flower
6082,99,99,1,blanket flower,blanket flower
6083,100,100,1,trumpet creeper,trumpet creeper
6084,100,2,0,trumpet creeper,canterbury bells
6085,100,100,1,trumpet creeper,trumpet creeper
6086,100,100,1,trumpet creeper,trumpet creeper
6087,100,82,0,trumpet creeper,hibiscus
6088,100,89,0,trumpet creeper,canna lily
6089,100,100,1,trumpet creeper,trumpet creeper
6090,100,100,1,trumpet creeper,trumpet creeper
6091,100,100,1,trumpet creeper,trumpet creeper
6092,100,82,0,trumpet creeper,hibiscus
6093,100,100,1,trumpet creeper,trumpet creeper
6094,100,7,0,trumpet creeper,bird of paradise
6095,100,94,0,trumpet creeper,bougainvillea
6096,100,55,0,trumpet creeper,bishop of llandaff
6097,100,64,0,trumpet creeper,californian poppy
6098,100,100,1,trumpet creeper,trumpet creeper
6099,100,100,1,trumpet creeper,trumpet creeper
6100,100,100,1,trumpet creeper,trumpet creeper
6101,100,100,1,trumpet creeper,trumpet creeper
6102,100,35,0,trumpet creeper,ruby-lipped cattleya
6103,100,100,1,trumpet creeper,trumpet creeper
6104,100,94,0,trumpet creeper,bougainvillea
6105,100,100,1,trumpet creeper,trumpet creeper
6106,100,100,1,trumpet creeper,trumpet creeper
6107,100,100,1,trumpet creeper,trumpet creeper
6108,100,100,1,trumpet creeper,trumpet creeper
6109,100,100,1,trumpet creeper,trumpet creeper
6110,100,7,0,trumpet creeper,bird of paradise
6111,100,100,1,trumpet creeper,trumpet creeper
6112,100,100,1,trumpet creeper,trumpet creeper
6113,100,100,1,trumpet creeper,trumpet creeper
6114,100,100,1,trumpet creeper,trumpet creeper
6115,100,88,0,trumpet creeper,watercress
6116,100,100,1,trumpet creeper,trumpet creeper
6117,100,100,1,trumpet creeper,trumpet creeper
6118,100,100,1,trumpet creeper,trumpet creeper
6119,100,100,1,trumpet creeper,trumpet creeper
6120,100,100,1,trumpet creeper,trumpet creeper
6121,101,101,1,blackberry lily,blackberry lily
6122,101,101,1,blackberry lily,blackberry lily
6123,101,101,1,blackberry lily,blackberry lily
6124,101,101,1,blackberry lily,blackberry lily
6125,101,101,1,blackberry lily,blackberry lily
6126,101,101,1,blackberry lily,blackberry lily
6127,101,101,1,blackberry lily,blackberry lily
6128,101,101,1,blackberry lily,blackberry lily
6129,101,101,1,blackberry lily,blackberry lily
6130,101,101,1,blackberry lily,blackberry lily
6131,101,101,1,blackberry lily,blackberry lily
6132,101,101,1,blackberry lily,blackberry lily
6133,101,101,1,blackberry lily,blackberry lily
6134,101,101,1,blackberry lily,blackberry lily
6135,101,101,1,blackberry lily,blackberry lily
6136,101,101,1,blackberry lily,blackberry lily
6137,101,101,1,blackberry lily,blackberry lily
6138,101,101,1,blackberry lily,blackberry lily
6139,101,101,1,blackberry lily,blackberry lily
6140,101,101,1,blackberry lily,blackberry lily
6141,101,101,1,blackberry lily,blackberry lily
6142,101,101,1,blackberry lily,blackberry lily
6143,101,101,1,blackberry lily,blackberry lily
6144,101,101,1,blackberry lily,blackberry lily
6145,101,101,1,blackberry lily,blackberry lily
6146,101,101,1,blackberry lily,blackberry lily
6147,101,101,1,blackberry lily,blackberry lily
6148,101,81,0,blackberry lily,clematis
